exchange,split,cost_model,arm_bps,effective_arm_bps,n,mean,median,win_rate,p05,p95,loss_mean,baseline_mean,delta_mean,arm_rate,stop_rate
binance,train,empirical_exec,10,33.1663,43,-0.2280798406856374,0.0,0.046511627906976744,-1.1332036168739492,0.0,-0.792827275855326,-0.3074645219702947,0.0793846812846573,0.6511627906976745,0.6046511627906976
binance,train,empirical_exec,15,33.1663,43,-0.2280798406856374,0.0,0.046511627906976744,-1.1332036168739492,0.0,-0.792827275855326,-0.3074645219702947,0.0793846812846573,0.6511627906976745,0.6046511627906976
binance,train,empirical_exec,20,33.1663,43,-0.2280798406856374,0.0,0.046511627906976744,-1.1332036168739492,0.0,-0.792827275855326,-0.3074645219702947,0.0793846812846573,0.6511627906976745,0.6046511627906976
binance,train,empirical_exec,25,33.1663,43,-0.2280798406856374,0.0,0.046511627906976744,-1.1332036168739492,0.0,-0.792827275855326,-0.3074645219702947,0.0793846812846573,0.6511627906976745,0.6046511627906976
binance,train,empirical_exec,30,33.1663,43,-0.2280798406856374,0.0,0.046511627906976744,-1.1332036168739492,0.0,-0.792827275855326,-0.3074645219702947,0.0793846812846573,0.6511627906976745,0.6046511627906976
binance,train,empirical_exec,40,40.0,43,-0.29352140905679525,0.0,0.046511627906976744,-1.267639931005258,0.0,-0.7353198288894837,-0.3074645219702947,0.013943112913499447,0.5348837209302325,0.4883720930232558
binance,train,empirical_exec,50,50.0,43,-0.32453194593695894,-0.030357342149307687,0.09302325581395349,-1.274446019120843,0.06181994614872207,-0.7381685490014239,-0.3074645219702947,-0.017067423966664302,0.4418604651162791,0.3953488372093023
binance,train,empirical_exec,60,60.0,43,-0.3639702845709856,-0.21565371925753157,0.09302325581395349,-1.274446019120843,0.06181994614872207,-0.717422265571779,-0.3074645219702947,-0.05650576260069094,0.37209302325581395,0.32558139534883723
binance,train,empirical_exec,75,75.0,43,-0.3708913893437993,-0.26466132495812217,0.13953488372093023,-1.274446019120843,0.2732789741609995,-0.6592781207416879,-0.3074645219702947,-0.0634268673735046,0.3023255813953488,0.18604651162790697
binance,train,empirical_exec,100,100.0,43,-0.36693548971634926,-0.2754832247190821,0.18604651162790697,-1.274446019120843,0.27800762249506206,-0.6466278121848774,-0.3074645219702947,-0.059470967746054565,0.23255813953488372,0.11627906976744186
binance,train,fee_only,10,20.0,43,-0.02124774108782614,0.0,0.18604651162790697,-0.9882062072006068,0.6995765275257068,-0.749176291163881,-0.1758015219702947,0.15455378088246857,0.7906976744186046,0.5813953488372093
binance,train,fee_only,15,20.0,43,-0.02124774108782614,0.0,0.18604651162790697,-0.9882062072006068,0.6995765275257068,-0.749176291163881,-0.1758015219702947,0.15455378088246857,0.7906976744186046,0.5813953488372093
binance,train,fee_only,20,20.0,43,-0.02124774108782614,0.0,0.18604651162790697,-0.9882062072006068,0.6995765275257068,-0.749176291163881,-0.1758015219702947,0.15455378088246857,0.7906976744186046,0.5813953488372093
binance,train,fee_only,25,25.0,43,-0.0442392217116662,0.0,0.18604651162790697,-0.9882062072006068,0.6995765275257068,-0.7066997148719943,-0.1758015219702947,0.13156230025862853,0.7209302325581395,0.5348837209302325
binance,train,fee_only,30,30.0,43,-0.05671477050540679,0.0,0.18604651162790697,-0.9882062072006068,0.6995765275257068,-0.6936034751226751,-0.1758015219702947,0.11908675146488794,0.6744186046511628,0.5116279069767442
binance,train,fee_only,40,40.0,43,-0.13014726025065304,0.0,0.18604651162790697,-1.1359769310052579,0.6995765275257068,-0.6407601176652825,-0.1758015219702947,0.045654261719641646,0.5348837209302325,0.37209302325581395
binance,train,fee_only,50,50.0,43,-0.14891007620058425,0.0,0.23255813953488372,-1.142783019120843,0.6995765275257068,-0.6402108445658105,-0.1758015219702947,0.026891445769710445,0.4418604651162791,0.27906976744186046
binance,train,fee_only,60,60.0,43,-0.18193550410872517,-0.0839907192575316,0.23255813953488372,-1.142783019120843,0.6995765275257068,-0.6462835276492208,-0.1758015219702947,-0.006133982138430471,0.37209302325581395,0.23255813953488372
binance,train,fee_only,75,75.0,43,-0.18759369061688483,-0.1329983249581222,0.27906976744186046,-1.142783019120843,0.7034607473942509,-0.5978833305818501,-0.1758015219702947,-0.011792168646590129,0.3023255813953488,0.11627906976744186
binance,train,fee_only,100,100.0,43,-0.19103801303635864,-0.14382022471908212,0.27906976744186046,-1.142783019120843,0.7034607473942509,-0.5812249058950175,-0.1758015219702947,-0.015236491066063925,0.23255813953488372,0.09302325581395349
binance,validation,empirical_exec,10,33.1663,5,-0.30580529750767327,-0.4322666217303885,0.2,-0.49447253774534095,0.13098722787429934,-0.4491115355558475,-0.30580529750767327,0.0,0.2,0.0
binance,validation,empirical_exec,15,33.1663,5,-0.30580529750767327,-0.4322666217303885,0.2,-0.49447253774534095,0.13098722787429934,-0.4491115355558475,-0.30580529750767327,0.0,0.2,0.0
binance,validation,empirical_exec,20,33.1663,5,-0.30580529750767327,-0.4322666217303885,0.2,-0.49447253774534095,0.13098722787429934,-0.4491115355558475,-0.30580529750767327,0.0,0.2,0.0
binance,validation,empirical_exec,25,33.1663,5,-0.30580529750767327,-0.4322666217303885,0.2,-0.49447253774534095,0.13098722787429934,-0.4491115355558475,-0.30580529750767327,0.0,0.2,0.0
binance,validation,empirical_exec,30,33.1663,5,-0.30580529750767327,-0.4322666217303885,0.2,-0.49447253774534095,0.13098722787429934,-0.4491115355558475,-0.30580529750767327,0.0,0.2,0.0
binance,validation,empirical_exec,40,40.0,5,-0.30580529750767327,-0.4322666217303885,0.2,-0.49447253774534095,0.13098722787429934,-0.4491115355558475,-0.30580529750767327,0.0,0.2,0.0
binance,validation,empirical_exec,50,50.0,5,-0.30580529750767327,-0.4322666217303885,0.2,-0.49447253774534095,0.13098722787429934,-0.4491115355558475,-0.30580529750767327,0.0,0.2,0.0
binance,validation,empirical_exec,60,60.0,5,-0.30580529750767327,-0.4322666217303885,0.2,-0.49447253774534095,0.13098722787429934,-0.4491115355558475,-0.30580529750767327,0.0,0.2,0.0
binance,validation,empirical_exec,75,75.0,5,-0.30580529750767327,-0.4322666217303885,0.2,-0.49447253774534095,0.13098722787429934,-0.4491115355558475,-0.30580529750767327,0.0,0.2,0.0
binance,validation,empirical_exec,100,100.0,5,-0.30580529750767327,-0.4322666217303885,0.2,-0.49447253774534095,0.13098722787429934,-0.4491115355558475,-0.30580529750767327,0.0,0.2,0.0
binance,validation,fee_only,10,20.0,5,-0.19193239672661724,-0.2830794793685974,0.0,-0.3609038303733579,0.0,-0.3198873278776954,-0.17414229750767324,-0.017790099218943988,0.4,0.4
binance,validation,fee_only,15,20.0,5,-0.19193239672661724,-0.2830794793685974,0.0,-0.3609038303733579,0.0,-0.3198873278776954,-0.17414229750767324,-0.017790099218943988,0.4,0.4
binance,validation,fee_only,20,20.0,5,-0.19193239672661724,-0.2830794793685974,0.0,-0.3609038303733579,0.0,-0.3198873278776954,-0.17414229750767324,-0.017790099218943988,0.4,0.4
binance,validation,fee_only,25,25.0,5,-0.19193239672661724,-0.2830794793685974,0.0,-0.3609038303733579,0.0,-0.3198873278776954,-0.17414229750767324,-0.017790099218943988,0.4,0.4
binance,validation,fee_only,30,30.0,5,-0.19193239672661724,-0.2830794793685974,0.0,-0.3609038303733579,0.0,-0.3198873278776954,-0.17414229750767324,-0.017790099218943988,0.4,0.4
binance,validation,fee_only,40,40.0,5,-0.17414229750767324,-0.3006036217303885,0.2,-0.3628095377453409,0.2626502278742993,-0.31744853555584746,-0.17414229750767324,0.0,0.2,0.0
binance,validation,fee_only,50,50.0,5,-0.17414229750767324,-0.3006036217303885,0.2,-0.3628095377453409,0.2626502278742993,-0.31744853555584746,-0.17414229750767324,0.0,0.2,0.0
binance,validation,fee_only,60,60.0,5,-0.17414229750767324,-0.3006036217303885,0.2,-0.3628095377453409,0.2626502278742993,-0.31744853555584746,-0.17414229750767324,0.0,0.2,0.0
binance,validation,fee_only,75,75.0,5,-0.17414229750767324,-0.3006036217303885,0.2,-0.3628095377453409,0.2626502278742993,-0.31744853555584746,-0.17414229750767324,0.0,0.2,0.0
binance,validation,fee_only,100,100.0,5,-0.17414229750767324,-0.3006036217303885,0.2,-0.3628095377453409,0.2626502278742993,-0.31744853555584746,-0.17414229750767324,0.0,0.2,0.0
binance_futures,train,empirical_exec,10,52.692899999999995,42,-0.26673457231690134,0.0,0.07142857142857142,-3.1502493962534506,0.35929006146492976,-2.7985639270614646,-0.485830445026426,0.21909587270952463,0.8333333333333334,0.7619047619047619
binance_futures,train,empirical_exec,15,52.692899999999995,42,-0.26673457231690134,0.0,0.07142857142857142,-3.1502493962534506,0.35929006146492976,-2.7985639270614646,-0.485830445026426,0.21909587270952463,0.8333333333333334,0.7619047619047619
binance_futures,train,empirical_exec,20,52.692899999999995,42,-0.26673457231690134,0.0,0.07142857142857142,-3.1502493962534506,0.35929006146492976,-2.7985639270614646,-0.485830445026426,0.21909587270952463,0.8333333333333334,0.7619047619047619
binance_futures,train,empirical_exec,25,52.692899999999995,42,-0.26673457231690134,0.0,0.07142857142857142,-3.1502493962534506,0.35929006146492976,-2.7985639270614646,-0.485830445026426,0.21909587270952463,0.8333333333333334,0.7619047619047619
binance_futures,train,empirical_exec,30,52.692899999999995,42,-0.26673457231690134,0.0,0.07142857142857142,-3.1502493962534506,0.35929006146492976,-2.7985639270614646,-0.485830445026426,0.21909587270952463,0.8333333333333334,0.7619047619047619
binance_futures,train,empirical_exec,40,52.692899999999995,42,-0.26673457231690134,0.0,0.07142857142857142,-3.1502493962534506,0.35929006146492976,-2.7985639270614646,-0.485830445026426,0.21909587270952463,0.8333333333333334,0.7619047619047619
binance_futures,train,empirical_exec,50,52.692899999999995,42,-0.26673457231690134,0.0,0.07142857142857142,-3.1502493962534506,0.35929006146492976,-2.7985639270614646,-0.485830445026426,0.21909587270952463,0.8333333333333334,0.7619047619047619
binance_futures,train,empirical_exec,60,60.0,42,-0.29056454960954275,0.0,0.09523809523809523,-3.1502493962534506,0.5123850685301311,-2.6387817466092454,-0.485830445026426,0.19526589541688322,0.8095238095238095,0.7142857142857143
binance_futures,train,empirical_exec,75,75.0,42,-0.33643860616093213,0.0,0.11904761904761904,-3.1502493962534506,0.9560185249517912,-2.1832691180597945,-0.485830445026426,0.14939183886549387,0.7380952380952381,0.6190476190476191
binance_futures,train,empirical_exec,100,100.0,42,-0.4600999118631824,0.0,0.11904761904761904,-3.1551654616660394,0.9560185249517912,-1.9473156758768169,-0.485830445026426,0.025730533163243606,0.6428571428571429,0.5238095238095238
binance_futures,train,fee_only,10,30.000000000000004,42,-0.3132443663702371,0.0,0.07142857142857142,-2.9233203962534504,0.5748726114649287,-2.8839716958858284,-0.2589014450264261,-0.05434292134381109,0.8571428571428571,0.7857142857142857
binance_futures,train,fee_only,15,30.000000000000004,42,-0.3132443663702371,0.0,0.07142857142857142,-2.9233203962534504,0.5748726114649287,-2.8839716958858284,-0.2589014450264261,-0.05434292134381109,0.8571428571428571,0.7857142857142857
binance_futures,train,fee_only,20,30.000000000000004,42,-0.3132443663702371,0.0,0.07142857142857142,-2.9233203962534504,0.5748726114649287,-2.8839716958858284,-0.2589014450264261,-0.05434292134381109,0.8571428571428571,0.7857142857142857
binance_futures,train,fee_only,25,30.000000000000004,42,-0.3132443663702371,0.0,0.07142857142857142,-2.9233203962534504,0.5748726114649287,-2.8839716958858284,-0.2589014450264261,-0.05434292134381109,0.8571428571428571,0.7857142857142857
binance_futures,train,fee_only,30,30.000000000000004,42,-0.3132443663702371,0.0,0.07142857142857142,-2.9233203962534504,0.5748726114649287,-2.8839716958858284,-0.2589014450264261,-0.05434292134381109,0.8571428571428571,0.7857142857142857
binance_futures,train,fee_only,40,40.0,42,-0.3132443663702371,0.0,0.07142857142857142,-2.9233203962534504,0.5748726114649287,-2.8839716958858284,-0.2589014450264261,-0.05434292134381109,0.8571428571428571,0.7857142857142857
binance_futures,train,fee_only,50,50.0,42,-0.12836010272011375,0.0,0.11904761904761904,-2.9233203962534504,1.5825251631939328,-2.571634927061464,-0.2589014450264261,0.13054134230631234,0.8333333333333334,0.7142857142857143
binance_futures,train,fee_only,60,60.0,42,-0.12969827079704857,0.0,0.16666666666666666,-2.9233203962534504,1.5825251631939328,-2.411852746609245,-0.2589014450264261,0.12920317422937755,0.8095238095238095,0.6428571428571429
binance_futures,train,fee_only,75,75.0,42,-0.18267254045856715,0.0,0.16666666666666666,-2.9233203962534504,1.5825251631939328,-1.956340118059795,-0.2589014450264261,0.07622890456785897,0.7380952380952381,0.5714285714285714
binance_futures,train,fee_only,100,100.0,42,-0.2847215604465317,0.0,0.21428571428571427,-2.9282364616660392,1.5825251631939328,-2.0154827608922115,-0.2589014450264261,-0.02582011542010553,0.6428571428571429,0.47619047619047616
binance_futures,validation,empirical_exec,10,52.692899999999995,3,-0.8294958949747016,-1.0552142740479793,0.0,-1.3954674971933108,-0.10552142740479803,-1.2442438424620523,-1.0271896116230046,0.19769371664830304,0.3333333333333333,0.3333333333333333
binance_futures,validation,empirical_exec,15,52.692899999999995,3,-0.8294958949747016,-1.0552142740479793,0.0,-1.3954674971933108,-0.10552142740479803,-1.2442438424620523,-1.0271896116230046,0.19769371664830304,0.3333333333333333,0.3333333333333333
binance_futures,validation,empirical_exec,20,52.692899999999995,3,-0.8294958949747016,-1.0552142740479793,0.0,-1.3954674971933108,-0.10552142740479803,-1.2442438424620523,-1.0271896116230046,0.19769371664830304,0.3333333333333333,0.3333333333333333
binance_futures,validation,empirical_exec,25,52.692899999999995,3,-0.8294958949747016,-1.0552142740479793,0.0,-1.3954674971933108,-0.10552142740479803,-1.2442438424620523,-1.0271896116230046,0.19769371664830304,0.3333333333333333,0.3333333333333333
binance_futures,validation,empirical_exec,30,52.692899999999995,3,-0.8294958949747016,-1.0552142740479793,0.0,-1.3954674971933108,-0.10552142740479803,-1.2442438424620523,-1.0271896116230046,0.19769371664830304,0.3333333333333333,0.3333333333333333
binance_futures,validation,empirical_exec,40,52.692899999999995,3,-0.8294958949747016,-1.0552142740479793,0.0,-1.3954674971933108,-0.10552142740479803,-1.2442438424620523,-1.0271896116230046,0.19769371664830304,0.3333333333333333,0.3333333333333333
binance_futures,validation,empirical_exec,50,52.692899999999995,3,-0.8294958949747016,-1.0552142740479793,0.0,-1.3954674971933108,-0.10552142740479803,-1.2442438424620523,-1.0271896116230046,0.19769371664830304,0.3333333333333333,0.3333333333333333
binance_futures,validation,empirical_exec,60,60.0,3,-0.8294958949747016,-1.0552142740479793,0.0,-1.3954674971933108,-0.10552142740479803,-1.2442438424620523,-1.0271896116230046,0.19769371664830304,0.3333333333333333,0.3333333333333333
binance_futures,validation,empirical_exec,75,75.0,3,-0.8294958949747016,-1.0552142740479793,0.0,-1.3954674971933108,-0.10552142740479803,-1.2442438424620523,-1.0271896116230046,0.19769371664830304,0.3333333333333333,0.3333333333333333
binance_futures,validation,empirical_exec,100,100.0,3,-1.0271896116230046,-1.0552142740479793,0.0,-1.3954674971933108,-0.6392944623552161,-1.0271896116230046,-1.0271896116230046,0.0,0.0,0.0
binance_futures,validation,fee_only,10,30.000000000000004,3,-0.40211480362537505,0.0,0.0,-1.0857099697885126,0.0,-1.2063444108761252,-0.8002606116230045,0.3981458079976295,0.6666666666666666,0.6666666666666666
binance_futures,validation,fee_only,15,30.000000000000004,3,-0.40211480362537505,0.0,0.0,-1.0857099697885126,0.0,-1.2063444108761252,-0.8002606116230045,0.3981458079976295,0.6666666666666666,0.6666666666666666
binance_futures,validation,fee_only,20,30.000000000000004,3,-0.40211480362537505,0.0,0.0,-1.0857099697885126,0.0,-1.2063444108761252,-0.8002606116230045,0.3981458079976295,0.6666666666666666,0.6666666666666666
binance_futures,validation,fee_only,25,30.000000000000004,3,-0.40211480362537505,0.0,0.0,-1.0857099697885126,0.0,-1.2063444108761252,-0.8002606116230045,0.3981458079976295,0.6666666666666666,0.6666666666666666
binance_futures,validation,fee_only,30,30.000000000000004,3,-0.40211480362537505,0.0,0.0,-1.0857099697885126,0.0,-1.2063444108761252,-0.8002606116230045,0.3981458079976295,0.6666666666666666,0.6666666666666666
binance_futures,validation,fee_only,40,40.0,3,-0.6782098949747014,-0.8282852740479792,0.0,-1.1685384971933106,-0.082828527404798,-1.0173148424620522,-0.8002606116230045,0.12205071664830307,0.3333333333333333,0.3333333333333333
binance_futures,validation,fee_only,50,50.0,3,-0.6782098949747014,-0.8282852740479792,0.0,-1.1685384971933106,-0.082828527404798,-1.0173148424620522,-0.8002606116230045,0.12205071664830307,0.3333333333333333,0.3333333333333333
binance_futures,validation,fee_only,60,60.0,3,-0.6782098949747014,-0.8282852740479792,0.0,-1.1685384971933106,-0.082828527404798,-1.0173148424620522,-0.8002606116230045,0.12205071664830307,0.3333333333333333,0.3333333333333333
binance_futures,validation,fee_only,75,75.0,3,-0.6782098949747014,-0.8282852740479792,0.0,-1.1685384971933106,-0.082828527404798,-1.0173148424620522,-0.8002606116230045,0.12205071664830307,0.3333333333333333,0.3333333333333333
binance_futures,validation,fee_only,100,100.0,3,-0.8002606116230045,-0.8282852740479792,0.0,-1.1685384971933106,-0.4123654623552162,-0.8002606116230045,-0.8002606116230045,0.0,0.0,0.0
