position_id,symbol,settled_net_pnl_usdt,gross_price_pnl_usdt,exit_reason,observed_sampled_bid_mfe_pct,final_native_trigger_pct,fast_weak_10s,confirmed,supported_hypothesis,unknown,refuted,assessment
88556a19-5878-4372-9df2-0e6e7a22e433,INJUSDT,-3.25006315,-3.1313,V17_HARD_STOP,0.737064,,,V17 하드스톱이 실제 청산을 발생시킴,,근본적인 시장 방향 원인; 당시 수량별 매도 VWAP와 연속 L2; 후보 주문 ACK 전 실현 가능 가격,,MECHANISM_CONFIRMED_PREDICTIVE_CAUSE_NOT_CONFIRMED
83f4df49-26c5-4e94-8700-f36303f6c0ef,SOPHUSDT,4.54400735,4.66609,V17_TRAILING_STOP,6.004467,,,R5 trailing 단계가 실제 청산을 발생시킴,,근본적인 시장 방향 원인; 당시 수량별 매도 VWAP와 연속 L2; 후보 주문 ACK 전 실현 가능 가격,RSI>=70 일괄 금지의 수익 반례,MECHANISM_CONFIRMED_PREDICTIVE_CAUSE_NOT_CONFIRMED
2f084a77-a0ca-4c1c-b467-e4be50862ec6,IOSTUSDT,-4.35281852,-4.2349611,V17_HARD_STOP,1.198822,,,V17 하드스톱이 실제 청산을 발생시킴,더 빠른 실제 bid/VWAP 관측이 이익 반납을 줄일 가능성,근본적인 시장 방향 원인; 당시 수량별 매도 VWAP와 연속 L2; 후보 주문 ACK 전 실현 가능 가격,,MECHANISM_CONFIRMED_PREDICTIVE_CAUSE_NOT_CONFIRMED
8af6af51-bb20-4b8b-ac6b-eaeb50d53a98,AEROUSDT,-3.83775406,-3.71979,V17_HARD_STOP,1.109778,,,V17 하드스톱이 실제 청산을 발생시킴,더 빠른 실제 bid/VWAP 관측이 이익 반납을 줄일 가능성,근본적인 시장 방향 원인; 당시 수량별 매도 VWAP와 연속 L2; 후보 주문 ACK 전 실현 가능 가격,,MECHANISM_CONFIRMED_PREDICTIVE_CAUSE_NOT_CONFIRMED
49e3d344-76a2-4994-a344-01aa1b003406,SOPHUSDT,7.27714996,7.400556,V17_TRAILING_STOP,9.452341,,,R5 trailing 단계가 실제 청산을 발생시킴,,근본적인 시장 방향 원인; 당시 수량별 매도 VWAP와 연속 L2; 후보 주문 ACK 전 실현 가능 가격,RSI>=70 일괄 금지의 수익 반례,MECHANISM_CONFIRMED_PREDICTIVE_CAUSE_NOT_CONFIRMED
61cae170-54e9-4453-8e95-cd55127bbd8e,USELESSUSDT,-3.50450402,-3.3863,V17_HARD_STOP,2.118482,,,V17 하드스톱이 실제 청산을 발생시킴,더 빠른 실제 bid/VWAP 관측이 이익 반납을 줄일 가능성,근본적인 시장 방향 원인; 당시 수량별 매도 VWAP와 연속 L2; 후보 주문 ACK 전 실현 가능 가격,,MECHANISM_CONFIRMED_PREDICTIVE_CAUSE_NOT_CONFIRMED
a5ab1fa0-1a90-4c8d-b73c-745ae5630c57,AKEUSDT,-4.35661537,-4.238759,V17_HARD_STOP,0.598799,,,V17 하드스톱이 실제 청산을 발생시킴,,근본적인 시장 방향 원인; 당시 수량별 매도 VWAP와 연속 L2; 후보 주문 ACK 전 실현 가능 가격,,MECHANISM_CONFIRMED_PREDICTIVE_CAUSE_NOT_CONFIRMED
b9501639-d5b1-4d4d-8478-d432f8f862ca,FORMUSDT,-5.82143389,-5.70419,V17_HARD_STOP,0,,,V17 하드스톱이 실제 청산을 발생시킴,,근본적인 시장 방향 원인; 당시 수량별 매도 VWAP와 연속 L2; 후보 주문 ACK 전 실현 가능 가격,,MECHANISM_CONFIRMED_PREDICTIVE_CAUSE_NOT_CONFIRMED
9745f184-84e6-4d17-9636-ceb7ee116d3e,BTRUSDT,1.98091738,2.10206,V17_TRAILING_STOP,4.416679,,,R5 trailing 단계가 실제 청산을 발생시킴,,근본적인 시장 방향 원인; 당시 수량별 매도 VWAP와 연속 L2; 후보 주문 ACK 전 실현 가능 가격,RSI>=70 일괄 금지의 수익 반례,MECHANISM_CONFIRMED_PREDICTIVE_CAUSE_NOT_CONFIRMED
b6272135-f9d6-4a91-9ca7-225465429a55,USELESSUSDT,0.69859427,0.81906,V17_TRAILING_STOP,5.033809,,,R5 trailing 단계가 실제 청산을 발생시킴,,근본적인 시장 방향 원인; 당시 수량별 매도 VWAP와 연속 L2; 후보 주문 ACK 전 실현 가능 가격,RSI>=70 일괄 금지의 수익 반례,MECHANISM_CONFIRMED_PREDICTIVE_CAUSE_NOT_CONFIRMED
d01e99e1-3f2d-4039-94c6-e66d0e65d19b,VETUSDT,-2.71305195,-2.594494,V17_MOMENTUM_STALE,0.170102,,,V17_MOMENTUM_STALE 사유로 원장상 청산됨,,근본적인 시장 방향 원인; 당시 수량별 매도 VWAP와 연속 L2; 후보 주문 ACK 전 실현 가능 가격,,MECHANISM_CONFIRMED_PREDICTIVE_CAUSE_NOT_CONFIRMED
9a9d9dba-db9f-4f1b-9936-1e0c58c0360e,AKEUSDT,-0.23415904,-0.114218,V17_MOMENTUM_STALE,0.731201,,,V17_MOMENTUM_STALE 사유로 원장상 청산됨,,근본적인 시장 방향 원인; 당시 수량별 매도 VWAP와 연속 L2; 후보 주문 ACK 전 실현 가능 가격,,MECHANISM_CONFIRMED_PREDICTIVE_CAUSE_NOT_CONFIRMED
8728055d-3228-4b99-b745-89195af1501a,USELESSUSDT,2.8955106,3.01739,V17_TRAILING_STOP,4.345043,,,R5 trailing 단계가 실제 청산을 발생시킴,,근본적인 시장 방향 원인; 당시 수량별 매도 VWAP와 연속 L2; 후보 주문 ACK 전 실현 가능 가격,,MECHANISM_CONFIRMED_PREDICTIVE_CAUSE_NOT_CONFIRMED
e3d9d506-4c5e-443b-b935-ee347c4fcc43,VVVUSDT,8.96149356,9.08632,V17_TRAILING_STOP,9.910139,,,R5 trailing 단계가 실제 청산을 발생시킴,,근본적인 시장 방향 원인; 당시 수량별 매도 VWAP와 연속 L2; 후보 주문 ACK 전 실현 가능 가격,RSI>=70 일괄 금지의 수익 반례,MECHANISM_CONFIRMED_PREDICTIVE_CAUSE_NOT_CONFIRMED
293822f2-1668-4387-b6c3-ddcb9b98c1ef,VVVUSDT,-3.81801872,-3.69974,V17_HARD_STOP,0.43878,,,V17 하드스톱이 실제 청산을 발생시킴,,근본적인 시장 방향 원인; 당시 수량별 매도 VWAP와 연속 L2; 후보 주문 ACK 전 실현 가능 가격,,MECHANISM_CONFIRMED_PREDICTIVE_CAUSE_NOT_CONFIRMED
485b7a98-8010-4154-8f90-f45368f60a66,DOGSUSDT,-0.29173809,-0.17186117,V17_TRAILING_STOP,3.032326,,,R5 trailing 단계가 실제 청산을 발생시킴,더 빠른 실제 bid/VWAP 관측이 이익 반납을 줄일 가능성,근본적인 시장 방향 원인; 당시 수량별 매도 VWAP와 연속 L2; 후보 주문 ACK 전 실현 가능 가격,,MECHANISM_CONFIRMED_PREDICTIVE_CAUSE_NOT_CONFIRMED
807850cb-a1b9-4110-b7ac-b6d3b0a7a2b6,PONSUSDT,3.58934621,3.7114,V17_TRAILING_STOP,5.252995,,,R5 trailing 단계가 실제 청산을 발생시킴,,근본적인 시장 방향 원인; 당시 수량별 매도 VWAP와 연속 L2; 후보 주문 ACK 전 실현 가능 가격,RSI>=70 일괄 금지의 수익 반례,MECHANISM_CONFIRMED_PREDICTIVE_CAUSE_NOT_CONFIRMED
bbb92780-9700-4a87-891d-2ac27cade9db,BRUSDT,-0.37458936,-0.25445,V17_MOMENTUM_STALE,0,,,V17_MOMENTUM_STALE 사유로 원장상 청산됨,,근본적인 시장 방향 원인; 당시 수량별 매도 VWAP와 연속 L2; 후보 주문 ACK 전 실현 가능 가격,,MECHANISM_CONFIRMED_PREDICTIVE_CAUSE_NOT_CONFIRMED
62dba0dc-51dd-4e9a-9c92-220088e7991a,GPSUSDT,1.0702746,1.190889,V17_TRAILING_STOP,2.518431,,,R5 trailing 단계가 실제 청산을 발생시킴,,근본적인 시장 방향 원인; 당시 수량별 매도 VWAP와 연속 L2; 후보 주문 ACK 전 실현 가능 가격,RSI>=70 일괄 금지의 수익 반례,MECHANISM_CONFIRMED_PREDICTIVE_CAUSE_NOT_CONFIRMED
c19553f5-1f29-496e-aee8-c97043135ea0,DOGSUSDT,-6.26446426,-6.1475171,V17_HARD_STOP,0,,,V17 하드스톱이 실제 청산을 발생시킴,,근본적인 시장 방향 원인; 당시 수량별 매도 VWAP와 연속 L2; 후보 주문 ACK 전 실현 가능 가격,,MECHANISM_CONFIRMED_PREDICTIVE_CAUSE_NOT_CONFIRMED
146a8384-0752-4b42-9d83-239d70b0c4e2,DOTUSDT,-3.31392147,-3.19538,V17_HARD_STOP,0.242053,,,V17 하드스톱이 실제 청산을 발생시킴,,근본적인 시장 방향 원인; 당시 수량별 매도 VWAP와 연속 L2; 후보 주문 ACK 전 실현 가능 가격,,MECHANISM_CONFIRMED_PREDICTIVE_CAUSE_NOT_CONFIRMED
512d82bc-43c0-4ad4-9aa1-a1f588e15220,RAYSOLUSDT,-3.14142761,-3.02274,V17_HARD_STOP,0,,,V17 하드스톱이 실제 청산을 발생시킴,,근본적인 시장 방향 원인; 당시 수량별 매도 VWAP와 연속 L2; 후보 주문 ACK 전 실현 가능 가격,,MECHANISM_CONFIRMED_PREDICTIVE_CAUSE_NOT_CONFIRMED
af68ee80-47cf-4bcb-9b5f-a14703ee2acf,EGLDUSDT,1.5275024,1.6488,V17_NATIVE_STOP,2.948374,1.490124,,거래소 native stop 체결로 실제 청산됨,,근본적인 시장 방향 원인; 당시 수량별 매도 VWAP와 연속 L2; 후보 주문 ACK 전 실현 가능 가격,,MECHANISM_CONFIRMED_PREDICTIVE_CAUSE_NOT_CONFIRMED
43c22eef-0f0a-4c63-94f4-7101bbdb1c07,FORMUSDT,-0.01003745,0.1101,V17_NATIVE_STOP,2.047677,1.03912,,거래소 native stop 체결로 실제 청산됨 | 가격 총손익은 양수였으나 비용 포함 정산손익은 음수,더 빠른 실제 bid/VWAP 관측이 이익 반납을 줄일 가능성,근본적인 시장 방향 원인; 당시 수량별 매도 VWAP와 연속 L2; 후보 주문 ACK 전 실현 가능 가격,,MECHANISM_CONFIRMED_PREDICTIVE_CAUSE_NOT_CONFIRMED
a3f63fca-805b-456d-a4b3-dbbb044c2c54,BRUSDT,-1.15075456,-1.031,V17_NATIVE_STOP,0.404157,-2.497113,,거래소 native stop 체결로 실제 청산됨,,근본적인 시장 방향 원인; 당시 수량별 매도 VWAP와 연속 L2; 후보 주문 ACK 전 실현 가능 가격,,MECHANISM_CONFIRMED_PREDICTIVE_CAUSE_NOT_CONFIRMED
1675ae6d-b65c-4107-b229-f75916449bca,PIEVERSEUSDT,0.08713385,0.1985,V17_NATIVE_STOP,1.099159,0.204014,,거래소 native stop 체결로 실제 청산됨,,근본적인 시장 방향 원인; 당시 수량별 매도 VWAP와 연속 L2; 후보 주문 ACK 전 실현 가능 가격,RSI>=70 일괄 금지의 수익 반례,MECHANISM_CONFIRMED_PREDICTIVE_CAUSE_NOT_CONFIRMED
12fbf516-7e14-442d-b970-d8a4b09b23be,ETCUSDT,-1.07323829,-0.95353,V17_NATIVE_STOP,0.771036,-2.491899,,거래소 native stop 체결로 실제 청산됨,,근본적인 시장 방향 원인; 당시 수량별 매도 VWAP와 연속 L2; 후보 주문 ACK 전 실현 가능 가격,,MECHANISM_CONFIRMED_PREDICTIVE_CAUSE_NOT_CONFIRMED
256aa417-03a7-4d7a-a120-74a0802f03c1,KATUSDT,0.13731504,0.257064,V17_NATIVE_STOP,1.199857,0.2149,,거래소 native stop 체결로 실제 청산됨,,근본적인 시장 방향 원인; 당시 수량별 매도 VWAP와 연속 L2; 후보 주문 ACK 전 실현 가능 가격,RSI>=70 일괄 금지의 수익 반례,MECHANISM_CONFIRMED_PREDICTIVE_CAUSE_NOT_CONFIRMED
0f675e44-1048-4413-9d0e-956187553ae8,PHAROSUSDT,4.6123925,4.735,V17_NATIVE_STOP,5.538922,3.967066,,거래소 native stop 체결로 실제 청산됨,,근본적인 시장 방향 원인; 당시 수량별 매도 VWAP와 연속 L2; 후보 주문 ACK 전 실현 가능 가격,RSI>=70 일괄 금지의 수익 반례,MECHANISM_CONFIRMED_PREDICTIVE_CAUSE_NOT_CONFIRMED
3a762261-6a75-49da-ae6c-acd557336658,RAYSOLUSDT,2.61364238,2.7351,V17_NATIVE_STOP,3.873009,2.317427,,거래소 native stop 체결로 실제 청산됨,,근본적인 시장 방향 원인; 당시 수량별 매도 VWAP와 연속 L2; 후보 주문 ACK 전 실현 가능 가격,RSI>=70 일괄 금지의 수익 반례,MECHANISM_CONFIRMED_PREDICTIVE_CAUSE_NOT_CONFIRMED
bd5fd912-d1c4-4e2d-acee-5cffd3ca8174,RAYSOLUSDT,0.08678753,0.1694,V17_NATIVE_STOP,1.690098,0.207421,,거래소 native stop 체결로 실제 청산됨,,근본적인 시장 방향 원인; 당시 수량별 매도 VWAP와 연속 L2; 후보 주문 ACK 전 실현 가능 가격,RSI>=70 일괄 금지의 수익 반례,MECHANISM_CONFIRMED_PREDICTIVE_CAUSE_NOT_CONFIRMED
10152f01-56f7-42ff-a540-9eeeb4682112,BRUSDT,5.7315472,5.85462,V17_NATIVE_STOP,6.510256,4.915623,,거래소 native stop 체결로 실제 청산됨,,근본적인 시장 방향 원인; 당시 수량별 매도 VWAP와 연속 L2; 후보 주문 ACK 전 실현 가능 가격,,MECHANISM_CONFIRMED_PREDICTIVE_CAUSE_NOT_CONFIRMED
88581d47-ce3a-4375-a58b-953d99553348,GRASSUSDT,0.07665363,0.1968,V17_NATIVE_STOP,1.311475,0.218579,,거래소 native stop 체결로 실제 청산됨,,근본적인 시장 방향 원인; 당시 수량별 매도 VWAP와 연속 L2; 후보 주문 ACK 전 실현 가능 가격,RSI>=70 일괄 금지의 수익 반례,MECHANISM_CONFIRMED_PREDICTIVE_CAUSE_NOT_CONFIRMED
b0d5f8c9-6a3c-4293-9acb-07fa48d21f0c,VVVUSDT,0.09982127,0.22027,V17_NATIVE_STOP,1.795135,0.200451,,거래소 native stop 체결로 실제 청산됨,,근본적인 시장 방향 원인; 당시 수량별 매도 VWAP와 연속 L2; 후보 주문 ACK 전 실현 가능 가격,RSI>=70 일괄 금지의 수익 반례,MECHANISM_CONFIRMED_PREDICTIVE_CAUSE_NOT_CONFIRMED
73b8ce8d-3495-4710-8def-8af909b060ec,TRUTHUSDT,1.14259591,1.2633,V17_NATIVE_STOP,2.405836,1.206425,,거래소 native stop 체결로 실제 청산됨,,근본적인 시장 방향 원인; 당시 수량별 매도 VWAP와 연속 L2; 후보 주문 ACK 전 실현 가능 가격,RSI>=70 일괄 금지의 수익 반례,MECHANISM_CONFIRMED_PREDICTIVE_CAUSE_NOT_CONFIRMED
0ab82c1a-4e97-461a-b10d-e855ead6af43,IOSTUSDT,-3.15840087,-3.0398573,V17_NATIVE_STOP,0.110506,-2.499452,,거래소 native stop 체결로 실제 청산됨,,근본적인 시장 방향 원인; 당시 수량별 매도 VWAP와 연속 L2; 후보 주문 ACK 전 실현 가능 가격,,MECHANISM_CONFIRMED_PREDICTIVE_CAUSE_NOT_CONFIRMED
882cf0c1-33cf-4285-a03a-ee1ca59af511,ATOMUSDT,1.089525,1.21016,V17_NATIVE_STOP,2.018163,1.009082,,거래소 native stop 체결로 실제 청산됨,,근본적인 시장 방향 원인; 당시 수량별 매도 VWAP와 연속 L2; 후보 주문 ACK 전 실현 가능 가격,RSI>=70 일괄 금지의 수익 반례,MECHANISM_CONFIRMED_PREDICTIVE_CAUSE_NOT_CONFIRMED
efcbe735-401e-4b7d-b4cb-e2bc107b0a4c,BRUSDT,1.34778793,1.46864,V17_NATIVE_STOP,3.092832,1.547348,,거래소 native stop 체결로 실제 청산됨,,근본적인 시장 방향 원인; 당시 수량별 매도 VWAP와 연속 L2; 후보 주문 ACK 전 실현 가능 가격,,MECHANISM_CONFIRMED_PREDICTIVE_CAUSE_NOT_CONFIRMED
38916c77-d7cb-4008-979e-6770707fa42f,XTZUSDT,0.15397532,0.27414,V17_NATIVE_STOP,1.903312,0.228397,,거래소 native stop 체결로 실제 청산됨,,근본적인 시장 방향 원인; 당시 수량별 매도 VWAP와 연속 L2; 후보 주문 ACK 전 실현 가능 가격,RSI>=70 일괄 금지의 수익 반례,MECHANISM_CONFIRMED_PREDICTIVE_CAUSE_NOT_CONFIRMED
6325cb07-66a2-4172-8e81-c341b39c96ca,BRUSDT,0.0941566,0.21455,V17_NATIVE_STOP,1.353506,0.203182,,거래소 native stop 체결로 실제 청산됨,,근본적인 시장 방향 원인; 당시 수량별 매도 VWAP와 연속 L2; 후보 주문 ACK 전 실현 가능 가격,RSI>=70 일괄 금지의 수익 반례,MECHANISM_CONFIRMED_PREDICTIVE_CAUSE_NOT_CONFIRMED
fa7eef80-8959-42a4-b1eb-be5be8382368,KATUSDT,-3.06923663,-2.951025,V17_NATIVE_STOP,0,-2.499161,,거래소 native stop 체결로 실제 청산됨,,근본적인 시장 방향 원인; 당시 수량별 매도 VWAP와 연속 L2; 후보 주문 ACK 전 실현 가능 가격,,MECHANISM_CONFIRMED_PREDICTIVE_CAUSE_NOT_CONFIRMED
ff3264de-f29f-4a8f-a52d-b18a615a94ec,BULLAUSDT,2.53282279,2.654237,V17_NATIVE_STOP,2.349982,1.175374,,거래소 native stop 체결로 실제 청산됨,,근본적인 시장 방향 원인; 당시 수량별 매도 VWAP와 연속 L2; 후보 주문 ACK 전 실현 가능 가격,RSI>=70 일괄 금지의 수익 반례,MECHANISM_CONFIRMED_PREDICTIVE_CAUSE_NOT_CONFIRMED
dd0bc203-41bd-4533-aac8-3226b7c35120,MAGMAUSDT,0.44918749,0.56963,V17_MOMENTUM_STALE,1.381909,-1.196452,,V17_MOMENTUM_STALE 사유로 원장상 청산됨,,근본적인 시장 방향 원인; 당시 수량별 매도 VWAP와 연속 L2; 후보 주문 ACK 전 실현 가능 가격,,MECHANISM_CONFIRMED_PREDICTIVE_CAUSE_NOT_CONFIRMED
366768f5-f0e1-4b8e-84d0-095c3a36e6c2,IOSTUSDT,-3.15131083,-3.0328779,V17_NATIVE_STOP,0,-2.498986,,거래소 native stop 체결로 실제 청산됨,,근본적인 시장 방향 원인; 당시 수량별 매도 VWAP와 연속 L2; 후보 주문 ACK 전 실현 가능 가격,,MECHANISM_CONFIRMED_PREDICTIVE_CAUSE_NOT_CONFIRMED
7e4193e6-9f2d-4f29-9fc4-b60416e13e49,EGLDUSDT,-0.50617024,-0.3861,V17_NATIVE_STOP,0.648743,-1.191802,,거래소 native stop 체결로 실제 청산됨,,근본적인 시장 방향 원인; 당시 수량별 매도 VWAP와 연속 L2; 후보 주문 ACK 전 실현 가능 가격,,MECHANISM_CONFIRMED_PREDICTIVE_CAUSE_NOT_CONFIRMED
69b72bbc-a2ab-4e5d-8627-8d8f81dac4c2,EDGEUSDT,-0.75419745,-0.6975,V17_NATIVE_STOP,0.195631,-1.190088,,거래소 native stop 체결로 실제 청산됨,,근본적인 시장 방향 원인; 당시 수량별 매도 VWAP와 연속 L2; 후보 주문 ACK 전 실현 가능 가격,,MECHANISM_CONFIRMED_PREDICTIVE_CAUSE_NOT_CONFIRMED
f312c31c-2ffe-4574-8522-97ab7319199f,VTHOUSDT,-3.41058054,-3.2923584,V17_NATIVE_STOP,0,-2.494081,,거래소 native stop 체결로 실제 청산됨,,근본적인 시장 방향 원인; 당시 수량별 매도 VWAP와 연속 L2; 후보 주문 ACK 전 실현 가능 가격,,MECHANISM_CONFIRMED_PREDICTIVE_CAUSE_NOT_CONFIRMED
0b406372-0eac-4051-a49b-9a9272da8959,ARXUSDT,1.2575664,1.3784,V17_NATIVE_STOP,2.376057,1.211958,,거래소 native stop 체결로 실제 청산됨,,근본적인 시장 방향 원인; 당시 수량별 매도 VWAP와 연속 L2; 후보 주문 ACK 전 실현 가능 가격,,MECHANISM_CONFIRMED_PREDICTIVE_CAUSE_NOT_CONFIRMED
1ebc72a5-f2b1-47a7-a1b6-9b63fc399cdd,BTRUSDT,-1.63701026,-1.51767,V17_NATIVE_STOP,1.391259,-1.189609,,거래소 native stop 체결로 실제 청산됨 | 관측 MFE +1% 이상/+2% 미만에서 R5는 -1.2% 위험축소까지만 허용,더 빠른 실제 bid/VWAP 관측이 이익 반납을 줄일 가능성,근본적인 시장 방향 원인; 당시 수량별 매도 VWAP와 연속 L2; 후보 주문 ACK 전 실현 가능 가격,,MECHANISM_CONFIRMED_PREDICTIVE_CAUSE_NOT_CONFIRMED
955a5ae8-7f52-49bc-a004-9e8cdb7456e4,BIRBUSDT,-3.11223116,-2.99371,V17_NATIVE_STOP,0,-2.487226,,거래소 native stop 체결로 실제 청산됨,,근본적인 시장 방향 원인; 당시 수량별 매도 VWAP와 연속 L2; 후보 주문 ACK 전 실현 가능 가격,,MECHANISM_CONFIRMED_PREDICTIVE_CAUSE_NOT_CONFIRMED
ff3348af-7710-4e29-80b4-04c487d17020,SAHARAUSDT,1.10103476,1.221666,V17_NATIVE_STOP,2.054104,1.027052,,거래소 native stop 체결로 실제 청산됨,,근본적인 시장 방향 원인; 당시 수량별 매도 VWAP와 연속 L2; 후보 주문 ACK 전 실현 가능 가격,RSI>=70 일괄 금지의 수익 반례,MECHANISM_CONFIRMED_PREDICTIVE_CAUSE_NOT_CONFIRMED
5e8b4ab9-6f65-4429-a655-e7323587d2f2,BTRUSDT,-1.67407859,-1.55475,V17_NATIVE_STOP,0.430953,-1.186269,,거래소 native stop 체결로 실제 청산됨,,근본적인 시장 방향 원인; 당시 수량별 매도 VWAP와 연속 L2; 후보 주문 ACK 전 실현 가능 가격,,MECHANISM_CONFIRMED_PREDICTIVE_CAUSE_NOT_CONFIRMED
850743bc-9e53-41d4-816e-1dc0ff1d9dbe,VTHOUSDT,-1.5875279,-1.4682549,V17_NATIVE_STOP,0,-1.198617,,거래소 native stop 체결로 실제 청산됨,,근본적인 시장 방향 원인; 당시 수량별 매도 VWAP와 연속 L2; 후보 주문 ACK 전 실현 가능 가격,,MECHANISM_CONFIRMED_PREDICTIVE_CAUSE_NOT_CONFIRMED
34797278-e69d-424f-a076-d9b080a4b8fb,VETUSDT,-0.86899121,-0.74935,V17_NATIVE_STOP,0.424575,-1.198801,,거래소 native stop 체결로 실제 청산됨,,근본적인 시장 방향 원인; 당시 수량별 매도 VWAP와 연속 L2; 후보 주문 ACK 전 실현 가능 가격,,MECHANISM_CONFIRMED_PREDICTIVE_CAUSE_NOT_CONFIRMED
6585fb68-1c0e-4b53-a9eb-79ef61670fce,BTRUSDT,-0.81915624,-0.775,V17_NATIVE_STOP,0.771713,-1.192648,,거래소 native stop 체결로 실제 청산됨,,근본적인 시장 방향 원인; 당시 수량별 매도 VWAP와 연속 L2; 후보 주문 ACK 전 실현 가능 가격,,MECHANISM_CONFIRMED_PREDICTIVE_CAUSE_NOT_CONFIRMED
a4fb6103-9da5-4267-9cda-8a1522838868,REZUSDT,11.78676592,11.912649,V17_NATIVE_STOP,11.631864,9.983608,,거래소 native stop 체결로 실제 청산됨,,근본적인 시장 방향 원인; 당시 수량별 매도 VWAP와 연속 L2; 후보 주문 ACK 전 실현 가능 가격,RSI>=70 일괄 금지의 수익 반례,MECHANISM_CONFIRMED_PREDICTIVE_CAUSE_NOT_CONFIRMED
e4791d73-cc13-4121-a37d-449f75cefb8f,REZUSDT,3.90295351,4.024875,V17_NATIVE_STOP,4.860365,3.3029,,거래소 native stop 체결로 실제 청산됨,,근본적인 시장 방향 원인; 당시 수량별 매도 VWAP와 연속 L2; 후보 주문 ACK 전 실현 가능 가격,RSI>=70 일괄 금지의 수익 반례,MECHANISM_CONFIRMED_PREDICTIVE_CAUSE_NOT_CONFIRMED
088974c6-5b4c-4927-ac70-786b415ca96e,BULLAUSDT,5.33456646,5.457404,V17_NATIVE_STOP,6.167714,4.575534,,거래소 native stop 체결로 실제 청산됨,,근본적인 시장 방향 원인; 당시 수량별 매도 VWAP와 연속 L2; 후보 주문 ACK 전 실현 가능 가격,RSI>=70 일괄 금지의 수익 반례,MECHANISM_CONFIRMED_PREDICTIVE_CAUSE_NOT_CONFIRMED
6d21aa64-5209-4072-bf98-80a660c3f8f1,ARXUSDT,-1.5714996,-1.452,V17_NATIVE_STOP,1.268116,-1.147343,,거래소 native stop 체결로 실제 청산됨 | 관측 MFE +1% 이상/+2% 미만에서 R5는 -1.2% 위험축소까지만 허용,더 빠른 실제 bid/VWAP 관측이 이익 반납을 줄일 가능성,근본적인 시장 방향 원인; 당시 수량별 매도 VWAP와 연속 L2; 후보 주문 ACK 전 실현 가능 가격,,MECHANISM_CONFIRMED_PREDICTIVE_CAUSE_NOT_CONFIRMED
ab302be7-1716-4701-b0a3-2a776d1dc76b,BULLAUSDT,1.34835864,1.469071,V17_NATIVE_STOP,2.678023,1.339014,,거래소 native stop 체결로 실제 청산됨,,근본적인 시장 방향 원인; 당시 수량별 매도 VWAP와 연속 L2; 후보 주문 ACK 전 실현 가능 가격,RSI>=70 일괄 금지의 수익 반례,MECHANISM_CONFIRMED_PREDICTIVE_CAUSE_NOT_CONFIRMED
0949f943-faf1-4c49-bc9c-361c36dbe255,ARXUSDT,-3.3675795,-3.249,V17_NATIVE_STOP,0,-2.473295,,거래소 native stop 체결로 실제 청산됨,,근본적인 시장 방향 원인; 당시 수량별 매도 VWAP와 연속 L2; 후보 주문 ACK 전 실현 가능 가격,,MECHANISM_CONFIRMED_PREDICTIVE_CAUSE_NOT_CONFIRMED
9cba68d6-c8a2-427b-bafc-b4830dfb9652,EGLDUSDT,-1.6523964,-1.5328,V17_NATIVE_STOP,1.785103,-1.196051,,거래소 native stop 체결로 실제 청산됨 | 관측 MFE +1% 이상/+2% 미만에서 R5는 -1.2% 위험축소까지만 허용,더 빠른 실제 bid/VWAP 관측이 이익 반납을 줄일 가능성,근본적인 시장 방향 원인; 당시 수량별 매도 VWAP와 연속 L2; 후보 주문 ACK 전 실현 가능 가격,,MECHANISM_CONFIRMED_PREDICTIVE_CAUSE_NOT_CONFIRMED
0f97792a-a669-41d6-87fd-bcc807f1ec81,ZESTUSDT,-1.36302176,-1.26553,V17_NATIVE_STOP,3.141437,1.599539,,거래소 native stop 체결로 실제 청산됨,더 빠른 실제 bid/VWAP 관측이 이익 반납을 줄일 가능성,근본적인 시장 방향 원인; 당시 수량별 매도 VWAP와 연속 L2; 후보 주문 ACK 전 실현 가능 가격,,MECHANISM_CONFIRMED_PREDICTIVE_CAUSE_NOT_CONFIRMED
94d5753c-365d-4eac-a1e2-224770111ad1,ANIMEUSDT,-1.1930929,-1.073531,V17_NATIVE_STOP,1.889532,-1.175026,,거래소 native stop 체결로 실제 청산됨 | 관측 MFE +1% 이상/+2% 미만에서 R5는 -1.2% 위험축소까지만 허용,더 빠른 실제 bid/VWAP 관측이 이익 반납을 줄일 가능성,근본적인 시장 방향 원인; 당시 수량별 매도 VWAP와 연속 L2; 후보 주문 ACK 전 실현 가능 가격,,MECHANISM_CONFIRMED_PREDICTIVE_CAUSE_NOT_CONFIRMED
ecf3660c-74c4-499b-992c-85496abaf81b,CKBUSDT,-1.58581398,-1.4665155,V17_NATIVE_STOP,1.727334,-1.196495,,거래소 native stop 체결로 실제 청산됨 | 관측 MFE +1% 이상/+2% 미만에서 R5는 -1.2% 위험축소까지만 허용,더 빠른 실제 bid/VWAP 관측이 이익 반납을 줄일 가능성,근본적인 시장 방향 원인; 당시 수량별 매도 VWAP와 연속 L2; 후보 주문 ACK 전 실현 가능 가격,,MECHANISM_CONFIRMED_PREDICTIVE_CAUSE_NOT_CONFIRMED
236a2b45-5174-4859-ab16-7f1126b2b60a,VTHOUSDT,7.51939051,7.6428175,V17_NATIVE_STOP,8.179221,6.570441,,거래소 native stop 체결로 실제 청산됨,,근본적인 시장 방향 원인; 당시 수량별 매도 VWAP와 연속 L2; 후보 주문 ACK 전 실현 가능 가격,RSI>=70 일괄 금지의 수익 반례,MECHANISM_CONFIRMED_PREDICTIVE_CAUSE_NOT_CONFIRMED
f259a83b-0ebb-4a02-ba3e-25baf435d424,ORDERUSDT,5.30727464,5.43009,V17_NATIVE_STOP,6.121399,4.552469,,거래소 native stop 체결로 실제 청산됨,,근본적인 시장 방향 원인; 당시 수량별 매도 VWAP와 연속 L2; 후보 주문 ACK 전 실현 가능 가격,,MECHANISM_CONFIRMED_PREDICTIVE_CAUSE_NOT_CONFIRMED
92daa401-9ad3-4544-bb53-d7412b033e78,VETUSDT,-1.63490009,-1.515707,V17_NATIVE_STOP,0.512949,-1.18854,,거래소 native stop 체결로 실제 청산됨,,근본적인 시장 방향 원인; 당시 수량별 매도 VWAP와 연속 L2; 후보 주문 ACK 전 실현 가능 가격,,MECHANISM_CONFIRMED_PREDICTIVE_CAUSE_NOT_CONFIRMED
a589a8b4-f047-413d-9a36-eb103772a3f8,METUSDT,-0.1756457,-0.0554,V17_MOMENTUM_STALE,0.921234,-1.197605,,V17_MOMENTUM_STALE 사유로 원장상 청산됨,,근본적인 시장 방향 원인; 당시 수량별 매도 VWAP와 연속 L2; 후보 주문 ACK 전 실현 가능 가격,,MECHANISM_CONFIRMED_PREDICTIVE_CAUSE_NOT_CONFIRMED
dafe22b7-278c-4ef0-9987-d35bc5ecf8da,ETHFIUSDT,1.42407876,1.54474,V17_NATIVE_STOP,2.599882,1.307286,,거래소 native stop 체결로 실제 청산됨,,근본적인 시장 방향 원인; 당시 수량별 매도 VWAP와 연속 L2; 후보 주문 ACK 전 실현 가능 가격,RSI>=70 일괄 금지의 수익 반례,MECHANISM_CONFIRMED_PREDICTIVE_CAUSE_NOT_CONFIRMED
f79233eb-3a7d-4aa8-bde9-88127658d573,VETUSDT,-1.59579369,-1.476505,V17_NATIVE_STOP,0.19109,-1.194315,,거래소 native stop 체결로 실제 청산됨,,근본적인 시장 방향 원인; 당시 수량별 매도 VWAP와 연속 L2; 후보 주문 ACK 전 실현 가능 가격,,MECHANISM_CONFIRMED_PREDICTIVE_CAUSE_NOT_CONFIRMED
d975988c-25de-434f-8384-2d55a6be8c33,牛来USDT,-3.16791664,-3.04929,V17_NATIVE_STOP,0,-2.493065,,거래소 native stop 체결로 실제 청산됨,,근본적인 시장 방향 원인; 당시 수량별 매도 VWAP와 연속 L2; 후보 주문 ACK 전 실현 가능 가격,,MECHANISM_CONFIRMED_PREDICTIVE_CAUSE_NOT_CONFIRMED
dd2c7aac-ac3f-43aa-9008-54ad94867521,SAGAUSDT,3.40124404,3.523008,V17_NATIVE_STOP,4.464832,2.93578,,거래소 native stop 체결로 실제 청산됨,,근본적인 시장 방향 원인; 당시 수량별 매도 VWAP와 연속 L2; 후보 주문 ACK 전 실현 가능 가격,RSI>=70 일괄 금지의 수익 반례,MECHANISM_CONFIRMED_PREDICTIVE_CAUSE_NOT_CONFIRMED
9d21a501-0b4a-4230-826b-6ca2d37d66e8,TACUSDT,-1.53411504,-1.41482,V17_NATIVE_STOP,0.803859,-1.178992,,거래소 native stop 체결로 실제 청산됨,,근본적인 시장 방향 원인; 당시 수량별 매도 VWAP와 연속 L2; 후보 주문 ACK 전 실현 가능 가격,,MECHANISM_CONFIRMED_PREDICTIVE_CAUSE_NOT_CONFIRMED
794da229-cdce-4d41-800d-578f92d03f56,SAGAUSDT,-3.4400436,-3.321631,V17_NATIVE_STOP,0.824014,-2.472042,,거래소 native stop 체결로 실제 청산됨,,근본적인 시장 방향 원인; 당시 수량별 매도 VWAP와 연속 L2; 후보 주문 ACK 전 실현 가능 가격,,MECHANISM_CONFIRMED_PREDICTIVE_CAUSE_NOT_CONFIRMED
0cc0436c-3fab-4cb7-abbb-8747f479a714,MARSCOINUSDT,-3.1552443,-3.0366,V17_NATIVE_STOP,0,-2.494986,,거래소 native stop 체결로 실제 청산됨,,근본적인 시장 방향 원인; 당시 수량별 매도 VWAP와 연속 L2; 후보 주문 ACK 전 실현 가능 가격,,MECHANISM_CONFIRMED_PREDICTIVE_CAUSE_NOT_CONFIRMED
8fdeb12f-77de-4929-affb-baf0e228557f,RAYSOLUSDT,4.446641,4.56897,V17_NATIVE_STOP,5.394723,3.819641,,거래소 native stop 체결로 실제 청산됨,,근본적인 시장 방향 원인; 당시 수량별 매도 VWAP와 연속 L2; 후보 주문 ACK 전 실현 가능 가격,,MECHANISM_CONFIRMED_PREDICTIVE_CAUSE_NOT_CONFIRMED
1c354c6f-8754-47a9-8b3d-bf73bdc0310f,LSKUSDT,2.48860081,2.55663,V17_NATIVE_STOP,5.490654,3.913551,,거래소 native stop 체결로 실제 청산됨,,근본적인 시장 방향 원인; 당시 수량별 매도 VWAP와 연속 L2; 후보 주문 ACK 전 실현 가능 가격,,MECHANISM_CONFIRMED_PREDICTIVE_CAUSE_NOT_CONFIRMED
2cdfbd55-98fc-46fc-a17f-cf191c675b90,XANUSDT,-2.12299562,-2.003998,V17_RISK_CUT,0.660262,-2.495948,,R5 -1.2% 위험축소 단계가 실제 청산을 발생시킴,,근본적인 시장 방향 원인; 당시 수량별 매도 VWAP와 연속 L2; 후보 주문 ACK 전 실현 가능 가격,,MECHANISM_CONFIRMED_PREDICTIVE_CAUSE_NOT_CONFIRMED
316b4c9f-d865-46f3-baf9-da0e3a1ff830,牛来USDT,4.40550874,4.52796,V17_NATIVE_STOP,5.358995,3.783578,,거래소 native stop 체결로 실제 청산됨,,근본적인 시장 방향 원인; 당시 수량별 매도 VWAP와 연속 L2; 후보 주문 ACK 전 실현 가능 가격,RSI>=70 일괄 금지의 수익 반례,MECHANISM_CONFIRMED_PREDICTIVE_CAUSE_NOT_CONFIRMED
6ac61076-f772-495c-9b1f-303d92a1247b,RAYSOLUSDT,1.36527858,1.4862,V17_NATIVE_STOP,2.203925,1.101962,,거래소 native stop 체결로 실제 청산됨,,근본적인 시장 방향 원인; 당시 수량별 매도 VWAP와 연속 L2; 후보 주문 ACK 전 실현 가능 가격,,MECHANISM_CONFIRMED_PREDICTIVE_CAUSE_NOT_CONFIRMED
65ebb3e1-ea3f-495b-aa8e-9d0741afbdd8,SOLVUSDT,-1.57437241,-1.45522,V17_NATIVE_STOP,1.088321,-1.192968,,거래소 native stop 체결로 실제 청산됨 | 관측 MFE +1% 이상/+2% 미만에서 R5는 -1.2% 위험축소까지만 허용,더 빠른 실제 bid/VWAP 관측이 이익 반납을 줄일 가능성,근본적인 시장 방향 원인; 당시 수량별 매도 VWAP와 연속 L2; 후보 주문 ACK 전 실현 가능 가격,,MECHANISM_CONFIRMED_PREDICTIVE_CAUSE_NOT_CONFIRMED
be6d319a-496a-49ee-80d1-19e2b53fbff4,MARSCOINUSDT,-1.59807003,-1.47894,V17_NATIVE_STOP,0.636542,-1.194499,,거래소 native stop 체결로 실제 청산됨,,근본적인 시장 방향 원인; 당시 수량별 매도 VWAP와 연속 L2; 후보 주문 ACK 전 실현 가능 가격,,MECHANISM_CONFIRMED_PREDICTIVE_CAUSE_NOT_CONFIRMED
41d030ce-62e4-4b33-8acf-e9af3dbd734b,RAYSOLUSDT,1.84777736,1.96863,V17_NATIVE_STOP,3.196382,1.65419,,거래소 native stop 체결로 실제 청산됨,,근본적인 시장 방향 원인; 당시 수량별 매도 VWAP와 연속 L2; 후보 주문 ACK 전 실현 가능 가격,RSI>=70 일괄 금지의 수익 반례,MECHANISM_CONFIRMED_PREDICTIVE_CAUSE_NOT_CONFIRMED
aed1aea7-a227-4c20-9a57-9a24ef4b3ea3,EIGENUSDT,-1.53347165,-1.41414,V17_NATIVE_STOP,1.17807,-1.17807,,거래소 native stop 체결로 실제 청산됨 | 관측 MFE +1% 이상/+2% 미만에서 R5는 -1.2% 위험축소까지만 허용,더 빠른 실제 bid/VWAP 관측이 이익 반납을 줄일 가능성,근본적인 시장 방향 원인; 당시 수량별 매도 VWAP와 연속 L2; 후보 주문 ACK 전 실현 가능 가격,,MECHANISM_CONFIRMED_PREDICTIVE_CAUSE_NOT_CONFIRMED
70dc339b-8a57-49b9-af6e-e52017e62dcf,BLURUSDT,-1.57988283,-1.46058,V17_NATIVE_STOP,0.442478,-1.161504,,거래소 native stop 체결로 실제 청산됨,,근본적인 시장 방향 원인; 당시 수량별 매도 VWAP와 연속 L2; 후보 주문 ACK 전 실현 가능 가격,,MECHANISM_CONFIRMED_PREDICTIVE_CAUSE_NOT_CONFIRMED
7027d83d-0510-42a8-8a2b-8eae1254d9b1,LSKUSDT,2.17087268,2.29215,V17_NATIVE_STOP,3.339497,1.796785,,거래소 native stop 체결로 실제 청산됨,,근본적인 시장 방향 원인; 당시 수량별 매도 VWAP와 연속 L2; 후보 주문 ACK 전 실현 가능 가격,RSI>=70 일괄 금지의 수익 반례,MECHANISM_CONFIRMED_PREDICTIVE_CAUSE_NOT_CONFIRMED
b7099770-3a3b-461b-a411-ed4b4de0eb17,RAYSOLUSDT,-3.119832,-3.0011,V17_NATIVE_STOP,0,-2.496079,,거래소 native stop 체결로 실제 청산됨,,근본적인 시장 방향 원인; 당시 수량별 매도 VWAP와 연속 L2; 후보 주문 ACK 전 실현 가능 가격,,MECHANISM_CONFIRMED_PREDICTIVE_CAUSE_NOT_CONFIRMED
592176ab-90cf-42ad-879c-427c1d6eb51c,KOMAUSDT,-1.57617344,-1.457004,V17_NATIVE_STOP,0.048794,-1.193917,,거래소 native stop 체결로 실제 청산됨,,근본적인 시장 방향 원인; 당시 수량별 매도 VWAP와 연속 L2; 후보 주문 ACK 전 실현 가능 가격,,MECHANISM_CONFIRMED_PREDICTIVE_CAUSE_NOT_CONFIRMED
39a8d1ab-9dda-4cb1-93df-501b81639c74,METUSDT,-1.56070425,-1.4413,V17_NATIVE_STOP,0.248242,-1.199835,,거래소 native stop 체결로 실제 청산됨,,근본적인 시장 방향 원인; 당시 수량별 매도 VWAP와 연속 L2; 후보 주문 ACK 전 실현 가능 가격,,MECHANISM_CONFIRMED_PREDICTIVE_CAUSE_NOT_CONFIRMED
b9321957-8cd3-40e0-af5f-434a3405f819,METUSDT,-1.6260831,-1.5066,V17_RISK_CUT,0.323363,-2.465643,,R5 -1.2% 위험축소 단계가 실제 청산을 발생시킴,,근본적인 시장 방향 원인; 당시 수량별 매도 VWAP와 연속 L2; 후보 주문 ACK 전 실현 가능 가격,,MECHANISM_CONFIRMED_PREDICTIVE_CAUSE_NOT_CONFIRMED
b60ccd33-9232-4c4e-8ba4-663dada6282e,哈基米USDT,-3.2235075,-3.105,V17_NATIVE_STOP,0.574713,-2.490421,,거래소 native stop 체결로 실제 청산됨,,근본적인 시장 방향 원인; 당시 수량별 매도 VWAP와 연속 L2; 후보 주문 ACK 전 실현 가능 가격,,MECHANISM_CONFIRMED_PREDICTIVE_CAUSE_NOT_CONFIRMED
252d1779-6b11-4aab-b852-3e438dc9caea,DOGSUSDT,-1.30677285,-1.187414,V17_NATIVE_STOP,0.910711,-1.187884,,거래소 native stop 체결로 실제 청산됨,,근본적인 시장 방향 원인; 당시 수량별 매도 VWAP와 연속 L2; 후보 주문 ACK 전 실현 가능 가격,,MECHANISM_CONFIRMED_PREDICTIVE_CAUSE_NOT_CONFIRMED
c525b7e2-8c77-43e0-bbee-5ff050f2eda8,牛来USDT,4.77694541,4.89952,V17_TRAILING_STOP,10.160763,8.511379,,R5 trailing 단계가 실제 청산을 발생시킴,,근본적인 시장 방향 원인; 당시 수량별 매도 VWAP와 연속 L2; 후보 주문 ACK 전 실현 가능 가격,RSI>=70 일괄 금지의 수익 반례,MECHANISM_CONFIRMED_PREDICTIVE_CAUSE_NOT_CONFIRMED
66b793c6-142a-4a3c-9893-fb2f355dfea0,MARSCOINUSDT,-1.08496209,-1.04397,V17_NATIVE_STOP,0.286433,-2.499513,,거래소 native stop 체결로 실제 청산됨,,근본적인 시장 방향 원인; 당시 수량별 매도 VWAP와 연속 L2; 후보 주문 ACK 전 실현 가능 가격,,MECHANISM_CONFIRMED_PREDICTIVE_CAUSE_NOT_CONFIRMED
4a8cf0ba-d1be-4fd3-aad7-5d94f4f2e61c,LABUSDT,1.29787788,1.41847,V17_NATIVE_STOP,2.456764,1.229633,,거래소 native stop 체결로 실제 청산됨,,근본적인 시장 방향 원인; 당시 수량별 매도 VWAP와 연속 L2; 후보 주문 ACK 전 실현 가능 가격,RSI>=70 일괄 금지의 수익 반례,MECHANISM_CONFIRMED_PREDICTIVE_CAUSE_NOT_CONFIRMED
38141839-ee9a-45d3-a60e-996ab2d97905,THETAUSDT,-1.52142604,-1.40277,V17_NATIVE_STOP,0.255493,-1.175268,,거래소 native stop 체결로 실제 청산됨,,근본적인 시장 방향 원인; 당시 수량별 매도 VWAP와 연속 L2; 후보 주문 ACK 전 실현 가능 가격,,MECHANISM_CONFIRMED_PREDICTIVE_CAUSE_NOT_CONFIRMED
6d0f2ea7-5150-4d86-9d87-b45a856f3f24,LABUSDT,-1.5578253,-1.43844,V17_NATIVE_STOP,0.610368,-1.197657,,거래소 native stop 체결로 실제 청산됨,,근본적인 시장 방향 원인; 당시 수량별 매도 VWAP와 연속 L2; 후보 주문 ACK 전 실현 가능 가격,,MECHANISM_CONFIRMED_PREDICTIVE_CAUSE_NOT_CONFIRMED
0763c96e-d4b3-460c-a710-938f3f27fb30,METUSDT,-3.1380237,-3.0194,V17_NATIVE_STOP,0,-2.478079,,거래소 native stop 체결로 실제 청산됨,,근본적인 시장 방향 원인; 당시 수량별 매도 VWAP와 연속 L2; 후보 주문 ACK 전 실현 가능 가격,,MECHANISM_CONFIRMED_PREDICTIVE_CAUSE_NOT_CONFIRMED
be73341a-2466-4dbf-b5a9-3bdf4245cb85,METUSDT,-0.7140726,-0.6882,V17_NATIVE_STOP,0.141894,-2.48315,,거래소 native stop 체결로 실제 청산됨,,근본적인 시장 방향 원인; 당시 수량별 매도 VWAP와 연속 L2; 후보 주문 ACK 전 실현 가능 가격,,MECHANISM_CONFIRMED_PREDICTIVE_CAUSE_NOT_CONFIRMED
063db975-2e7a-4a5b-a401-cfaee42c4b70,RAYSOLUSDT,-1.56387595,-1.44429,V17_NATIVE_STOP,0.850516,-1.194334,,거래소 native stop 체결로 실제 청산됨,,근본적인 시장 방향 원인; 당시 수량별 매도 VWAP와 연속 L2; 후보 주문 ACK 전 실현 가능 가격,,MECHANISM_CONFIRMED_PREDICTIVE_CAUSE_NOT_CONFIRMED
2d9ae16b-0296-48e4-bae5-b80e1b33d076,MARSCOINUSDT,1.33097502,1.45188,V17_NATIVE_STOP,2.70037,1.352756,false,거래소 native stop 체결로 실제 청산됨,,근본적인 시장 방향 원인; 당시 수량별 매도 VWAP와 연속 L2; 후보 주문 ACK 전 실현 가능 가격,RSI>=70 일괄 금지의 수익 반례,MECHANISM_CONFIRMED_PREDICTIVE_CAUSE_NOT_CONFIRMED
30f14c92-2cdd-46a4-87e6-9a82cd2f8ac2,我踏马来了USDT,-1.94148328,-1.8223911,V17_NATIVE_STOP,3.59157,2.043272,false,거래소 native stop 체결로 실제 청산됨,더 빠른 실제 bid/VWAP 관측이 이익 반납을 줄일 가능성,근본적인 시장 방향 원인; 당시 수량별 매도 VWAP와 연속 L2; 후보 주문 ACK 전 실현 가능 가격,,MECHANISM_CONFIRMED_PREDICTIVE_CAUSE_NOT_CONFIRMED
94a97cc9-3711-4ab5-9d5f-e4d4f7336eb9,RIVERUSDT,1.76945825,1.8905,QV3_TWO_BEARISH_CLOSED,2.402651,1.242751,false,QV3_TWO_BEARISH_CLOSED가 실제 청산을 발생시킴,,근본적인 시장 방향 원인; 당시 수량별 매도 VWAP와 연속 L2; 후보 주문 ACK 전 실현 가능 가격,RSI>=70 일괄 금지의 수익 반례,MECHANISM_CONFIRMED_PREDICTIVE_CAUSE_NOT_CONFIRMED
2740a0e8-d7aa-4a50-8ace-11392075712c,RIVERUSDT,-3.081905,-2.9636,V17_NATIVE_STOP,0,-2.474062,false,거래소 native stop 체결로 실제 청산됨,,근본적인 시장 방향 원인; 당시 수량별 매도 VWAP와 연속 L2; 후보 주문 ACK 전 실현 가능 가격,,MECHANISM_CONFIRMED_PREDICTIVE_CAUSE_NOT_CONFIRMED
2224dc28-f900-44b2-96c6-ef61c1844811,龙虾USDT,-3.19667575,-3.078217,V17_NATIVE_STOP,0.065353,-2.498275,true,거래소 native stop 체결로 실제 청산됨,직전 10초 가격<-0.2%와 taker-buy<45% 조합은 확장표본에서 기대 저하와 연관,근본적인 시장 방향 원인; 당시 수량별 매도 VWAP와 연속 L2; 후보 주문 ACK 전 실현 가능 가격,,MECHANISM_CONFIRMED_PREDICTIVE_CAUSE_NOT_CONFIRMED
effa0646-33bb-4a5a-bd99-2544ffc67f91,龙虾USDT,-0.03428844,-0.02712,QV3_TWO_BEARISH_CLOSED,0.247285,-2.499582,false,QV3_TWO_BEARISH_CLOSED가 실제 청산을 발생시킴,,근본적인 시장 방향 원인; 당시 수량별 매도 VWAP와 연속 L2; 후보 주문 ACK 전 실현 가능 가격,,MECHANISM_CONFIRMED_PREDICTIVE_CAUSE_NOT_CONFIRMED
543cc33d-8ce8-4873-aa67-ccaa9300eb70,VELVETUSDT,-1.93268724,-1.8135,V17_NATIVE_STOP,0,-2.348993,false,거래소 native stop 체결로 실제 청산됨,,근본적인 시장 방향 원인; 당시 수량별 매도 VWAP와 연속 L2; 후보 주문 ACK 전 실현 가능 가격,,MECHANISM_CONFIRMED_PREDICTIVE_CAUSE_NOT_CONFIRMED
c3e36595-e841-41be-8ee7-6c89e554dc44,LABUSDT,3.17305825,3.29478,QV3_TWO_BEARISH_CLOSED,2.913519,1.464467,false,QV3_TWO_BEARISH_CLOSED가 실제 청산을 발생시킴,,근본적인 시장 방향 원인; 당시 수량별 매도 VWAP와 연속 L2; 후보 주문 ACK 전 실현 가능 가격,,MECHANISM_CONFIRMED_PREDICTIVE_CAUSE_NOT_CONFIRMED
afadbc29-7c7a-4065-a81c-689434409c35,龙虾USDT,-0.07514771,0.044832,QV3_TWO_BEARISH_CLOSED,0.801928,-1.198596,false,QV3_TWO_BEARISH_CLOSED가 실제 청산을 발생시킴 | 가격 총손익은 양수였으나 비용 포함 정산손익은 음수,,근본적인 시장 방향 원인; 당시 수량별 매도 VWAP와 연속 L2; 후보 주문 ACK 전 실현 가능 가격,,MECHANISM_CONFIRMED_PREDICTIVE_CAUSE_NOT_CONFIRMED
4630b19b-fda4-47ba-a358-765429be663a,BEATUSDT,8.9762328,9.1008,V17_NATIVE_STOP,9.123223,7.582938,true,거래소 native stop 체결로 실제 청산됨,직전 10초 가격<-0.2%와 taker-buy<45% 조합은 확장표본에서 기대 저하와 연관,근본적인 시장 방향 원인; 당시 수량별 매도 VWAP와 연속 L2; 후보 주문 ACK 전 실현 가능 가격,fastWeak를 일괄 진입금지로 사용하는 설명의 수익 반례,MECHANISM_CONFIRMED_PREDICTIVE_CAUSE_NOT_CONFIRMED
f13f3d6d-a6d7-4aa1-a4a4-583a70e02c9d,LABUSDT,1.793154,1.914,V17_NATIVE_STOP,3.069089,1.541426,false,거래소 native stop 체결로 실제 청산됨,,근본적인 시장 방향 원인; 당시 수량별 매도 VWAP와 연속 L2; 후보 주문 ACK 전 실현 가능 가격,RSI>=70 일괄 금지의 수익 반례,MECHANISM_CONFIRMED_PREDICTIVE_CAUSE_NOT_CONFIRMED
2b0c5558-4945-4afc-a01e-baf1f66a19e3,LABUSDT,-1.17832185,-1.05949,V17_NATIVE_STOP,1.967593,-1.195988,true,거래소 native stop 체결로 실제 청산됨 | 관측 MFE +1% 이상/+2% 미만에서 R5는 -1.2% 위험축소까지만 허용,직전 10초 가격<-0.2%와 taker-buy<45% 조합은 확장표본에서 기대 저하와 연관 | 더 빠른 실제 bid/VWAP 관측이 이익 반납을 줄일 가능성,근본적인 시장 방향 원인; 당시 수량별 매도 VWAP와 연속 L2; 후보 주문 ACK 전 실현 가능 가격,,MECHANISM_CONFIRMED_PREDICTIVE_CAUSE_NOT_CONFIRMED
6b5597fb-cbbe-41c6-9c57-254b1c34862b,RIVERUSDT,0.0568412,0.1768,QV3_TWO_BEARISH_CLOSED,0.811209,-2.433628,false,QV3_TWO_BEARISH_CLOSED가 실제 청산을 발생시킴,,근본적인 시장 방향 원인; 당시 수량별 매도 VWAP와 연속 L2; 후보 주문 ACK 전 실현 가능 가격,RSI>=70 일괄 금지의 수익 반례,MECHANISM_CONFIRMED_PREDICTIVE_CAUSE_NOT_CONFIRMED
f8d47c53-cf13-446c-bad1-416f7b9f8fe4,ETHFIUSDT,-0.78968092,-0.6704,QV3_TWO_BEARISH_CLOSED,0.252207,-2.494045,true,QV3_TWO_BEARISH_CLOSED가 실제 청산을 발생시킴,직전 10초 가격<-0.2%와 taker-buy<45% 조합은 확장표본에서 기대 저하와 연관,근본적인 시장 방향 원인; 당시 수량별 매도 VWAP와 연속 L2; 후보 주문 ACK 전 실현 가능 가격,,MECHANISM_CONFIRMED_PREDICTIVE_CAUSE_NOT_CONFIRMED
fc03d7a5-ab80-4951-9695-64c65ffb416a,LSKUSDT,-3.12090511,-3.00233,V17_NATIVE_STOP,0.123846,-2.492724,false,거래소 native stop 체결로 실제 청산됨,,근본적인 시장 방향 원인; 당시 수량별 매도 VWAP와 연속 L2; 후보 주문 ACK 전 실현 가능 가격,,MECHANISM_CONFIRMED_PREDICTIVE_CAUSE_NOT_CONFIRMED
01b99bd8-097b-43d3-bc36-2345ff3aa522,LSKUSDT,2.31600574,2.4372,QV3_TWO_BEARISH_CLOSED,2.232636,1.122561,false,QV3_TWO_BEARISH_CLOSED가 실제 청산을 발생시킴,,근본적인 시장 방향 원인; 당시 수량별 매도 VWAP와 연속 L2; 후보 주문 ACK 전 실현 가능 가격,,MECHANISM_CONFIRMED_PREDICTIVE_CAUSE_NOT_CONFIRMED
d84f71d7-79dd-428e-a0f8-963db9e70fa6,LSKUSDT,-0.8051141,-0.6854,QV3_TWO_BEARISH_CLOSED,0.429455,-2.497035,false,QV3_TWO_BEARISH_CLOSED가 실제 청산을 발생시킴,,근본적인 시장 방향 원인; 당시 수량별 매도 VWAP와 연속 L2; 후보 주문 ACK 전 실현 가능 가격,,MECHANISM_CONFIRMED_PREDICTIVE_CAUSE_NOT_CONFIRMED
7bd7e498-0b06-4465-8c83-904ee4757333,LSKUSDT,-1.3750945,-1.25577,V17_RISK_CUT,0.158071,-2.494648,false,R5 -1.2% 위험축소 단계가 실제 청산을 발생시킴,,근본적인 시장 방향 원인; 당시 수량별 매도 VWAP와 연속 L2; 후보 주문 ACK 전 실현 가능 가격,,MECHANISM_CONFIRMED_PREDICTIVE_CAUSE_NOT_CONFIRMED
44c7e761-4c06-4eda-9ce7-71e55bb3168f,LABUSDT,-3.10295789,-2.9848,V17_NATIVE_STOP,0,-2.494603,true,거래소 native stop 체결로 실제 청산됨,직전 10초 가격<-0.2%와 taker-buy<45% 조합은 확장표본에서 기대 저하와 연관,근본적인 시장 방향 원인; 당시 수량별 매도 VWAP와 연속 L2; 후보 주문 ACK 전 실현 가능 가격,,MECHANISM_CONFIRMED_PREDICTIVE_CAUSE_NOT_CONFIRMED
8b48d67f-cb15-4e16-8080-c5cd01a63218,龙虾USDT,0.38638127,0.506794,QV3_TWO_BEARISH_CLOSED,1.345069,-1.199171,false,QV3_TWO_BEARISH_CLOSED가 실제 청산을 발생시킴,,근본적인 시장 방향 원인; 당시 수량별 매도 VWAP와 연속 L2; 후보 주문 ACK 전 실현 가능 가격,RSI>=70 일괄 금지의 수익 반례,MECHANISM_CONFIRMED_PREDICTIVE_CAUSE_NOT_CONFIRMED
d3d573e7-283b-4e8b-83e1-782dceac2ff4,MITOUSDT,-1.17544588,-1.05587,QV3_TWO_BEARISH_CLOSED,0.139762,-1.18798,false,QV3_TWO_BEARISH_CLOSED가 실제 청산을 발생시킴,,근본적인 시장 방향 원인; 당시 수량별 매도 VWAP와 연속 L2; 후보 주문 ACK 전 실현 가능 가격,,MECHANISM_CONFIRMED_PREDICTIVE_CAUSE_NOT_CONFIRMED
ead56a46-8c0a-4bcf-90b5-11287f7278a9,CYSUSDT,0.69689685,0.8173,QV3_TWO_BEARISH_CLOSED,1.547988,-1.176471,false,QV3_TWO_BEARISH_CLOSED가 실제 청산을 발생시킴,,근본적인 시장 방향 원인; 당시 수량별 매도 VWAP와 연속 L2; 후보 주문 ACK 전 실현 가능 가격,RSI>=70 일괄 금지의 수익 반례,MECHANISM_CONFIRMED_PREDICTIVE_CAUSE_NOT_CONFIRMED
5955f67f-bb2e-43be-8ac7-e60f20387291,龙虾USDT,0.06189833,0.181967,QV3_TWO_BEARISH_CLOSED,0.565798,-2.498711,false,QV3_TWO_BEARISH_CLOSED가 실제 청산을 발생시킴,,근본적인 시장 방향 원인; 당시 수량별 매도 VWAP와 연속 L2; 후보 주문 ACK 전 실현 가능 가격,RSI>=70 일괄 금지의 수익 반례,MECHANISM_CONFIRMED_PREDICTIVE_CAUSE_NOT_CONFIRMED
af06d735-69d4-40ec-bf5c-ed06e4a394c7,龙虾USDT,-1.56698436,-1.447704,V17_NATIVE_STOP,0.26607,-1.199047,false,거래소 native stop 체결로 실제 청산됨,,근본적인 시장 방향 원인; 당시 수량별 매도 VWAP와 연속 L2; 후보 주문 ACK 전 실현 가능 가격,,MECHANISM_CONFIRMED_PREDICTIVE_CAUSE_NOT_CONFIRMED
ca80e8c8-d94e-433a-8874-e6814761ba93,VELVETUSDT,-1.5138204,-1.3944,V17_NATIVE_STOP,0.165837,-1.160862,false,거래소 native stop 체결로 실제 청산됨,,근본적인 시장 방향 원인; 당시 수량별 매도 VWAP와 연속 L2; 후보 주문 ACK 전 실현 가능 가격,,MECHANISM_CONFIRMED_PREDICTIVE_CAUSE_NOT_CONFIRMED
e3a57823-48c9-4502-bfd7-637e96ed5478,LSKUSDT,13.36045719,13.48732,V17_NATIVE_STOP,12.925032,11.235044,false,거래소 native stop 체결로 실제 청산됨,,근본적인 시장 방향 원인; 당시 수량별 매도 VWAP와 연속 L2; 후보 주문 ACK 전 실현 가능 가격,RSI>=70 일괄 금지의 수익 반례,MECHANISM_CONFIRMED_PREDICTIVE_CAUSE_NOT_CONFIRMED
ac99ac6e-063f-41f7-b31a-9121b14323fd,SOPHUSDT,1.14237184,1.263051,V17_NATIVE_STOP,2.219634,1.11467,false,거래소 native stop 체결로 실제 청산됨,,근본적인 시장 방향 원인; 당시 수량별 매도 VWAP와 연속 L2; 후보 주문 ACK 전 실현 가능 가격,RSI>=70 일괄 금지의 수익 반례,MECHANISM_CONFIRMED_PREDICTIVE_CAUSE_NOT_CONFIRMED
4e700141-4df5-44d5-bdbf-1f813f8360c5,BEATUSDT,1.25832525,1.3783,QV3_TWO_BEARISH_CLOSED,1.890756,-1.155462,true,QV3_TWO_BEARISH_CLOSED가 실제 청산을 발생시킴,직전 10초 가격<-0.2%와 taker-buy<45% 조합은 확장표본에서 기대 저하와 연관,근본적인 시장 방향 원인; 당시 수량별 매도 VWAP와 연속 L2; 후보 주문 ACK 전 실현 가능 가격,fastWeak를 일괄 진입금지로 사용하는 설명의 수익 반례,MECHANISM_CONFIRMED_PREDICTIVE_CAUSE_NOT_CONFIRMED
d885b535-503a-44a4-8c4b-bc1621abee7b,我踏马来了USDT,-0.22724785,-0.107283,QV3_TWO_BEARISH_CLOSED,0.088597,-2.494479,true,QV3_TWO_BEARISH_CLOSED가 실제 청산을 발생시킴,직전 10초 가격<-0.2%와 taker-buy<45% 조합은 확장표본에서 기대 저하와 연관,근본적인 시장 방향 원인; 당시 수량별 매도 VWAP와 연속 L2; 후보 주문 ACK 전 실현 가능 가격,,MECHANISM_CONFIRMED_PREDICTIVE_CAUSE_NOT_CONFIRMED
a866e46d-1718-47cd-abd6-cde32f88c071,龙虾USDT,3.25776958,3.379245,V17_NATIVE_STOP,4.43038,2.864994,false,거래소 native stop 체결로 실제 청산됨,,근본적인 시장 방향 원인; 당시 수량별 매도 VWAP와 연속 L2; 후보 주문 ACK 전 실현 가능 가격,RSI>=70 일괄 금지의 수익 반례,MECHANISM_CONFIRMED_PREDICTIVE_CAUSE_NOT_CONFIRMED
be1e61f5-baa0-481a-99e7-917a95f2a748,LABUSDT,-3.13681998,-3.01821,V17_NATIVE_STOP,0.672408,-2.489088,false,거래소 native stop 체결로 실제 청산됨,,근본적인 시장 방향 원인; 당시 수량별 매도 VWAP와 연속 L2; 후보 주문 ACK 전 실현 가능 가격,,MECHANISM_CONFIRMED_PREDICTIVE_CAUSE_NOT_CONFIRMED
d2356360-7c7d-44c1-8257-0f49f414198e,龙虾USDT,1.95596782,2.077078,QV3_TWO_BEARISH_CLOSED,2.191987,1.096368,true,QV3_TWO_BEARISH_CLOSED가 실제 청산을 발생시킴,직전 10초 가격<-0.2%와 taker-buy<45% 조합은 확장표본에서 기대 저하와 연관,근본적인 시장 방향 원인; 당시 수량별 매도 VWAP와 연속 L2; 후보 주문 ACK 전 실현 가능 가격,fastWeak를 일괄 진입금지로 사용하는 설명의 수익 반례 | RSI>=70 일괄 금지의 수익 반례,MECHANISM_CONFIRMED_PREDICTIVE_CAUSE_NOT_CONFIRMED
58d0fb80-3572-412e-b6ae-0f95ea1da054,LSKUSDT,-1.60777421,-1.48843,V17_NATIVE_STOP,1.012296,-1.199941,false,거래소 native stop 체결로 실제 청산됨 | 관측 MFE +1% 이상/+2% 미만에서 R5는 -1.2% 위험축소까지만 허용,더 빠른 실제 bid/VWAP 관측이 이익 반납을 줄일 가능성,근본적인 시장 방향 원인; 당시 수량별 매도 VWAP와 연속 L2; 후보 주문 ACK 전 실현 가능 가격,,MECHANISM_CONFIRMED_PREDICTIVE_CAUSE_NOT_CONFIRMED
7d5f9a5e-6486-487d-a613-0597855a21ad,RIVERUSDT,-1.5390696,-1.4196,V17_NATIVE_STOP,0.069396,-1.179736,true,거래소 native stop 체결로 실제 청산됨,직전 10초 가격<-0.2%와 taker-buy<45% 조합은 확장표본에서 기대 저하와 연관,근본적인 시장 방향 원인; 당시 수량별 매도 VWAP와 연속 L2; 후보 주문 ACK 전 실현 가능 가격,,MECHANISM_CONFIRMED_PREDICTIVE_CAUSE_NOT_CONFIRMED
1c8e22a0-72ed-42fe-9868-96e298aeaf08,PUNDIXUSDT,-3.22092751,-3.10239,V17_NATIVE_STOP,0,-2.491558,true,거래소 native stop 체결로 실제 청산됨,직전 10초 가격<-0.2%와 taker-buy<45% 조합은 확장표본에서 기대 저하와 연관,근본적인 시장 방향 원인; 당시 수량별 매도 VWAP와 연속 L2; 후보 주문 ACK 전 실현 가능 가격,,MECHANISM_CONFIRMED_PREDICTIVE_CAUSE_NOT_CONFIRMED
9cfbb8d7-54f2-46b1-9b51-70a2dea40b3f,龙虾USDT,10.50762909,10.632816,V17_NATIVE_STOP,10.697007,9.03669,false,거래소 native stop 체결로 실제 청산됨,,근본적인 시장 방향 원인; 당시 수량별 매도 VWAP와 연속 L2; 후보 주문 ACK 전 실현 가능 가격,RSI>=70 일괄 금지의 수익 반례,MECHANISM_CONFIRMED_PREDICTIVE_CAUSE_NOT_CONFIRMED
795ff791-f76a-490a-8747-e30dd9787096,CHZUSDT,0.66910704,0.7896,QV3_TWO_BEARISH_CLOSED,1.249178,-1.183432,false,QV3_TWO_BEARISH_CLOSED가 실제 청산을 발생시킴,,근본적인 시장 방향 원인; 당시 수량별 매도 VWAP와 연속 L2; 후보 주문 ACK 전 실현 가능 가격,RSI>=70 일괄 금지의 수익 반례,MECHANISM_CONFIRMED_PREDICTIVE_CAUSE_NOT_CONFIRMED
f6b98667-a694-4c0b-92f9-9a55d3a13430,PUNDIXUSDT,-0.56771581,-0.44821,QV3_TWO_BEARISH_CLOSED,0.500351,-2.492978,false,QV3_TWO_BEARISH_CLOSED가 실제 청산을 발생시킴,,근본적인 시장 방향 원인; 당시 수량별 매도 VWAP와 연속 L2; 후보 주문 ACK 전 실현 가능 가격,,MECHANISM_CONFIRMED_PREDICTIVE_CAUSE_NOT_CONFIRMED
774faf94-1129-4611-a352-f9aef4a981ae,CHZUSDT,-2.54262151,-2.42389,STALE_NATIVE_STOP_CROSS_LIFECYCLE,0,-2.477184,false,STALE_NATIVE_STOP_CROSS_LIFECYCLE 사유로 원장상 청산됨,,근본적인 시장 방향 원인; 당시 수량별 매도 VWAP와 연속 L2; 후보 주문 ACK 전 실현 가능 가격,,MECHANISM_CONFIRMED_PREDICTIVE_CAUSE_NOT_CONFIRMED
fc04d9e1-54bb-42cd-a6f5-67c61dd70791,UAIUSDT,1.36896126,1.4897,V17_NATIVE_STOP,2.634884,1.326151,true,거래소 native stop 체결로 실제 청산됨,직전 10초 가격<-0.2%와 taker-buy<45% 조합은 확장표본에서 기대 저하와 연관,근본적인 시장 방향 원인; 당시 수량별 매도 VWAP와 연속 L2; 후보 주문 ACK 전 실현 가능 가격,fastWeak를 일괄 진입금지로 사용하는 설명의 수익 반례 | RSI>=70 일괄 금지의 수익 반례,MECHANISM_CONFIRMED_PREDICTIVE_CAUSE_NOT_CONFIRMED
885ccf9d-b4a2-47fa-ac35-f43a26cda51b,龙虾USDT,-0.00010305,0.12008,QV3_TWO_BEARISH_CLOSED,0.548021,-2.499364,false,QV3_TWO_BEARISH_CLOSED가 실제 청산을 발생시킴 | 가격 총손익은 양수였으나 비용 포함 정산손익은 음수,,근본적인 시장 방향 원인; 당시 수량별 매도 VWAP와 연속 L2; 후보 주문 ACK 전 실현 가능 가격,,MECHANISM_CONFIRMED_PREDICTIVE_CAUSE_NOT_CONFIRMED
5710e7c8-1b3d-464f-8595-986c1af618b5,LSKUSDT,1.43040493,1.55136,V17_NATIVE_STOP,2.475133,1.23988,false,거래소 native stop 체결로 실제 청산됨,,근본적인 시장 방향 원인; 당시 수량별 매도 VWAP와 연속 L2; 후보 주문 ACK 전 실현 가능 가격,RSI>=70 일괄 금지의 수익 반례,MECHANISM_CONFIRMED_PREDICTIVE_CAUSE_NOT_CONFIRMED
4e3f9304-e3c1-4c37-a141-ce02e62ffb50,龙虾USDT,-1.41991508,-1.300504,QV3_TWO_BEARISH_CLOSED,0.504359,-2.499705,false,QV3_TWO_BEARISH_CLOSED가 실제 청산을 발생시킴,,근본적인 시장 방향 원인; 당시 수량별 매도 VWAP와 연속 L2; 후보 주문 ACK 전 실현 가능 가격,,MECHANISM_CONFIRMED_PREDICTIVE_CAUSE_NOT_CONFIRMED
c0334edb-7045-42db-ae31-3f98188d887e,我踏马来了USDT,-1.6418837,-1.522688,V17_NATIVE_STOP,1.013541,-1.197817,false,거래소 native stop 체결로 실제 청산됨 | 관측 MFE +1% 이상/+2% 미만에서 R5는 -1.2% 위험축소까지만 허용,더 빠른 실제 bid/VWAP 관측이 이익 반납을 줄일 가능성,근본적인 시장 방향 원인; 당시 수량별 매도 VWAP와 연속 L2; 후보 주문 ACK 전 실현 가능 가격,,MECHANISM_CONFIRMED_PREDICTIVE_CAUSE_NOT_CONFIRMED
33ee8b14-98d7-4411-9986-7011f7fac968,龙虾USDT,-3.13605039,-3.017379,V17_NATIVE_STOP,0.062113,-2.499979,true,거래소 native stop 체결로 실제 청산됨,직전 10초 가격<-0.2%와 taker-buy<45% 조합은 확장표본에서 기대 저하와 연관,근본적인 시장 방향 원인; 당시 수량별 매도 VWAP와 연속 L2; 후보 주문 ACK 전 실현 가능 가격,,MECHANISM_CONFIRMED_PREDICTIVE_CAUSE_NOT_CONFIRMED
9bf93c3e-5495-4430-bd6e-eaf48ba9de08,TAUSDT,0.95937094,1.07974,QV3_TWO_BEARISH_CLOSED,0.961944,-2.493474,true,QV3_TWO_BEARISH_CLOSED가 실제 청산을 발생시킴,직전 10초 가격<-0.2%와 taker-buy<45% 조합은 확장표본에서 기대 저하와 연관,근본적인 시장 방향 원인; 당시 수량별 매도 VWAP와 연속 L2; 후보 주문 ACK 전 실현 가능 가격,fastWeak를 일괄 진입금지로 사용하는 설명의 수익 반례 | RSI>=70 일괄 금지의 수익 반례,MECHANISM_CONFIRMED_PREDICTIVE_CAUSE_NOT_CONFIRMED
75095ec0-c49e-43a5-834d-9143cedb4ca6,ETHFIUSDT,0.65903607,0.7795,QV3_TWO_BEARISH_CLOSED,0.766035,-2.492859,false,QV3_TWO_BEARISH_CLOSED가 실제 청산을 발생시킴,,근본적인 시장 방향 원인; 당시 수량별 매도 VWAP와 연속 L2; 후보 주문 ACK 전 실현 가능 가격,RSI>=70 일괄 금지의 수익 반례,MECHANISM_CONFIRMED_PREDICTIVE_CAUSE_NOT_CONFIRMED
f1a89cdd-e060-4e75-9883-95b9d2aa7afc,TAUSDT,-3.10925443,-2.99071,V17_NATIVE_STOP,0,-2.486234,false,거래소 native stop 체결로 실제 청산됨,,근본적인 시장 방향 원인; 당시 수량별 매도 VWAP와 연속 L2; 후보 주문 ACK 전 실현 가능 가격,,MECHANISM_CONFIRMED_PREDICTIVE_CAUSE_NOT_CONFIRMED
73137d52-f654-4ab6-8d48-db14da8b9886,LSKUSDT,3.20382465,3.32566,V17_NATIVE_STOP,4.260458,2.700751,false,거래소 native stop 체결로 실제 청산됨,,근본적인 시장 방향 원인; 당시 수량별 매도 VWAP와 연속 L2; 후보 주문 ACK 전 실현 가능 가격,,MECHANISM_CONFIRMED_PREDICTIVE_CAUSE_NOT_CONFIRMED
ef76575a-1997-4756-b180-a09dc77099dc,我踏马来了USDT,-0.63400254,-0.514148,QV3_TWO_BEARISH_CLOSED,0.958785,-2.496576,false,QV3_TWO_BEARISH_CLOSED가 실제 청산을 발생시킴,,근본적인 시장 방향 원인; 당시 수량별 매도 VWAP와 연속 L2; 후보 주문 ACK 전 실현 가능 가격,,MECHANISM_CONFIRMED_PREDICTIVE_CAUSE_NOT_CONFIRMED
545eb61c-7964-4f5a-a7e5-21922146de28,BSBUSDT,0.04503836,0.1651,QV3_TWO_BEARISH_CLOSED,0.306537,-2.499569,false,QV3_TWO_BEARISH_CLOSED가 실제 청산을 발생시킴,,근본적인 시장 방향 원인; 당시 수량별 매도 VWAP와 연속 L2; 후보 주문 ACK 전 실현 가능 가격,,MECHANISM_CONFIRMED_PREDICTIVE_CAUSE_NOT_CONFIRMED
5300b311-fd35-4a6a-b31a-693132b0f166,TAUSDT,-2.44571947,-2.32683,V17_NATIVE_STOP,0,-1.185328,true,거래소 native stop 체결로 실제 청산됨,직전 10초 가격<-0.2%와 taker-buy<45% 조합은 확장표본에서 기대 저하와 연관,근본적인 시장 방향 원인; 당시 수량별 매도 VWAP와 연속 L2; 후보 주문 ACK 전 실현 가능 가격,,MECHANISM_CONFIRMED_PREDICTIVE_CAUSE_NOT_CONFIRMED
a17051fd-65a9-402e-9f3a-9448e3ad2909,LSKUSDT,1.08802822,1.20877,V17_NATIVE_STOP,2.045708,1.024527,false,거래소 native stop 체결로 실제 청산됨,,근본적인 시장 방향 원인; 당시 수량별 매도 VWAP와 연속 L2; 후보 주문 ACK 전 실현 가능 가격,,MECHANISM_CONFIRMED_PREDICTIVE_CAUSE_NOT_CONFIRMED
43a81e82-4ac9-4abb-8496-be5fb9ef7568,龙虾USDT,-3.20501215,-3.086483,V17_NATIVE_STOP,0.05996,-2.499965,false,거래소 native stop 체결로 실제 청산됨,,근본적인 시장 방향 원인; 당시 수량별 매도 VWAP와 연속 L2; 후보 주문 ACK 전 실현 가능 가격,,MECHANISM_CONFIRMED_PREDICTIVE_CAUSE_NOT_CONFIRMED
729d0796-e96f-479a-90d2-30b6370d4ec0,PUNDIXUSDT,-1.5546199,-1.43513,V17_NATIVE_STOP,1.47995,-1.192056,false,거래소 native stop 체결로 실제 청산됨 | 관측 MFE +1% 이상/+2% 미만에서 R5는 -1.2% 위험축소까지만 허용,더 빠른 실제 bid/VWAP 관측이 이익 반납을 줄일 가능성,근본적인 시장 방향 원인; 당시 수량별 매도 VWAP와 연속 L2; 후보 주문 ACK 전 실현 가능 가격,,MECHANISM_CONFIRMED_PREDICTIVE_CAUSE_NOT_CONFIRMED
2f47d4fa-29ab-47fa-bc9d-b49b6c326f5d,MAGMAUSDT,0.5290835,0.64938,QV3_TWO_BEARISH_CLOSED,0.587288,-2.49927,true,QV3_TWO_BEARISH_CLOSED가 실제 청산을 발생시킴,직전 10초 가격<-0.2%와 taker-buy<45% 조합은 확장표본에서 기대 저하와 연관,근본적인 시장 방향 원인; 당시 수량별 매도 VWAP와 연속 L2; 후보 주문 ACK 전 실현 가능 가격,fastWeak를 일괄 진입금지로 사용하는 설명의 수익 반례 | RSI>=70 일괄 금지의 수익 반례,MECHANISM_CONFIRMED_PREDICTIVE_CAUSE_NOT_CONFIRMED
8c0df1d2-7537-4d73-8bd9-94a7edd9a5e5,WLFIUSDT,3.18631638,3.30804,V17_NATIVE_STOP,3.520408,1.972789,true,거래소 native stop 체결로 실제 청산됨,직전 10초 가격<-0.2%와 taker-buy<45% 조합은 확장표본에서 기대 저하와 연관,근본적인 시장 방향 원인; 당시 수량별 매도 VWAP와 연속 L2; 후보 주문 ACK 전 실현 가능 가격,fastWeak를 일괄 진입금지로 사용하는 설명의 수익 반례 | RSI>=70 일괄 금지의 수익 반례,MECHANISM_CONFIRMED_PREDICTIVE_CAUSE_NOT_CONFIRMED
b56000c3-81c8-4b92-a47c-555434feb7e7,RIVERUSDT,3.9171978,4.0392,QV3_TWO_BEARISH_CLOSED,3.978577,2.448355,true,QV3_TWO_BEARISH_CLOSED가 실제 청산을 발생시킴,직전 10초 가격<-0.2%와 taker-buy<45% 조합은 확장표본에서 기대 저하와 연관,근본적인 시장 방향 원인; 당시 수량별 매도 VWAP와 연속 L2; 후보 주문 ACK 전 실현 가능 가격,fastWeak를 일괄 진입금지로 사용하는 설명의 수익 반례,MECHANISM_CONFIRMED_PREDICTIVE_CAUSE_NOT_CONFIRMED
7b4a0439-ecf1-4e43-82da-9c0fc3794a63,REZUSDT,0.59212623,0.712368,QV3_TWO_BEARISH_CLOSED,1.708344,-1.188413,true,QV3_TWO_BEARISH_CLOSED가 실제 청산을 발생시킴,직전 10초 가격<-0.2%와 taker-buy<45% 조합은 확장표본에서 기대 저하와 연관,근본적인 시장 방향 원인; 당시 수량별 매도 VWAP와 연속 L2; 후보 주문 ACK 전 실현 가능 가격,fastWeak를 일괄 진입금지로 사용하는 설명의 수익 반례 | RSI>=70 일괄 금지의 수익 반례,MECHANISM_CONFIRMED_PREDICTIVE_CAUSE_NOT_CONFIRMED
6402a988-649e-426e-84a7-4030f0df45f3,FLOCKUSDT,-1.71752794,-1.59839,V17_NATIVE_STOP,0.245987,-1.191316,true,거래소 native stop 체결로 실제 청산됨,직전 10초 가격<-0.2%와 taker-buy<45% 조합은 확장표본에서 기대 저하와 연관,근본적인 시장 방향 원인; 당시 수량별 매도 VWAP와 연속 L2; 후보 주문 ACK 전 실현 가능 가격,,MECHANISM_CONFIRMED_PREDICTIVE_CAUSE_NOT_CONFIRMED
bd6f920a-4960-44cf-9b2c-3646e61051ea,GRIFFAINUSDT,-3.86922464,-3.751006,V17_NATIVE_STOP,0,-2.494319,false,거래소 native stop 체결로 실제 청산됨,,근본적인 시장 방향 원인; 당시 수량별 매도 VWAP와 연속 L2; 후보 주문 ACK 전 실현 가능 가격,,MECHANISM_CONFIRMED_PREDICTIVE_CAUSE_NOT_CONFIRMED
53bd1453-b6ab-4226-adb1-a367b6988baa,PUMPUSDT,-0.79818203,-0.6787,QV3_TWO_BEARISH_CLOSED,0.411946,-2.497425,false,QV3_TWO_BEARISH_CLOSED가 실제 청산을 발생시킴,,근본적인 시장 방향 원인; 당시 수량별 매도 VWAP와 연속 L2; 후보 주문 ACK 전 실현 가능 가격,,MECHANISM_CONFIRMED_PREDICTIVE_CAUSE_NOT_CONFIRMED
b98cd1d8-7388-4d02-824c-17320e347b61,RIVERUSDT,-0.0347151,0.0854,QV3_TWO_BEARISH_CLOSED,0.355619,-2.489331,false,QV3_TWO_BEARISH_CLOSED가 실제 청산을 발생시킴 | 가격 총손익은 양수였으나 비용 포함 정산손익은 음수,,근본적인 시장 방향 원인; 당시 수량별 매도 VWAP와 연속 L2; 후보 주문 ACK 전 실현 가능 가격,,MECHANISM_CONFIRMED_PREDICTIVE_CAUSE_NOT_CONFIRMED
923a1e4c-d65a-4148-8858-119625c2b8e0,KOMAUSDT,-1.55815546,-1.438902,V17_NATIVE_STOP,0.15485,-1.194524,false,거래소 native stop 체결로 실제 청산됨,,근본적인 시장 방향 원인; 당시 수량별 매도 VWAP와 연속 L2; 후보 주문 ACK 전 실현 가능 가격,,MECHANISM_CONFIRMED_PREDICTIVE_CAUSE_NOT_CONFIRMED
6126a5a5-ad36-4837-9962-8d3c3f1fcebc,PUMPUSDT,-0.21070674,-0.090747,QV3_TWO_BEARISH_CLOSED,0.94605,-1.17617,false,QV3_TWO_BEARISH_CLOSED가 실제 청산을 발생시킴,,근본적인 시장 방향 원인; 당시 수량별 매도 VWAP와 연속 L2; 후보 주문 ACK 전 실현 가능 가격,,MECHANISM_CONFIRMED_PREDICTIVE_CAUSE_NOT_CONFIRMED
c1b51211-0cf7-4820-a973-d61f8b79d213,RIVERUSDT,-0.2882948,-0.1682,QV3_TWO_BEARISH_CLOSED,1.119664,-1.189643,false,QV3_TWO_BEARISH_CLOSED가 실제 청산을 발생시킴 | 관측 MFE +1% 이상/+2% 미만에서 R5는 -1.2% 위험축소까지만 허용,더 빠른 실제 bid/VWAP 관측이 이익 반납을 줄일 가능성,근본적인 시장 방향 원인; 당시 수량별 매도 VWAP와 연속 L2; 후보 주문 ACK 전 실현 가능 가격,,MECHANISM_CONFIRMED_PREDICTIVE_CAUSE_NOT_CONFIRMED
2d38307a-89f8-4f5c-aad6-11987f700dfd,RIVERUSDT,-0.8342161,-0.7146,QV3_TWO_BEARISH_CLOSED,0.860357,-1.191264,false,QV3_TWO_BEARISH_CLOSED가 실제 청산을 발생시킴,,근본적인 시장 방향 원인; 당시 수량별 매도 VWAP와 연속 L2; 후보 주문 ACK 전 실현 가능 가격,,MECHANISM_CONFIRMED_PREDICTIVE_CAUSE_NOT_CONFIRMED
b039d787-186c-4f89-984b-1e85872bd123,KOMAUSDT,-1.06757239,-0.947998,QV3_TWO_BEARISH_CLOSED,0.193112,-2.498354,false,QV3_TWO_BEARISH_CLOSED가 실제 청산을 발생시킴,,근본적인 시장 방향 원인; 당시 수량별 매도 VWAP와 연속 L2; 후보 주문 ACK 전 실현 가능 가격,,MECHANISM_CONFIRMED_PREDICTIVE_CAUSE_NOT_CONFIRMED
0f1392aa-57ac-4118-ae2a-4d27e5b27557,ILVUSDT,-0.08525228,0.035,QV3_TWO_BEARISH_CLOSED,1.767542,-1.178361,false,QV3_TWO_BEARISH_CLOSED가 실제 청산을 발생시킴 | 가격 총손익은 양수였으나 비용 포함 정산손익은 음수 | 관측 MFE +1% 이상/+2% 미만에서 R5는 -1.2% 위험축소까지만 허용,더 빠른 실제 bid/VWAP 관측이 이익 반납을 줄일 가능성,근본적인 시장 방향 원인; 당시 수량별 매도 VWAP와 연속 L2; 후보 주문 ACK 전 실현 가능 가격,,MECHANISM_CONFIRMED_PREDICTIVE_CAUSE_NOT_CONFIRMED
66e56367-ef9b-41d2-b5f7-4eea39563a78,ILVUSDT,-3.12967559,-3.011,V17_NATIVE_STOP,0,-2.480174,false,거래소 native stop 체결로 실제 청산됨,,근본적인 시장 방향 원인; 당시 수량별 매도 VWAP와 연속 L2; 후보 주문 ACK 전 실현 가능 가격,,MECHANISM_CONFIRMED_PREDICTIVE_CAUSE_NOT_CONFIRMED
bc7380f9-3e50-4bdd-9391-01758fbf707b,KOMAUSDT,-2.5520346,-2.433274,V17_NATIVE_STOP,0.149863,-2.499914,false,거래소 native stop 체결로 실제 청산됨,,근본적인 시장 방향 원인; 당시 수량별 매도 VWAP와 연속 L2; 후보 주문 ACK 전 실현 가능 가격,,MECHANISM_CONFIRMED_PREDICTIVE_CAUSE_NOT_CONFIRMED
dbdefb29-1c15-4b53-a716-af32d9fb4a86,SAGAUSDT,1.49514667,1.615957,QV3_TWO_BEARISH_CLOSED,1.697892,-1.17096,false,QV3_TWO_BEARISH_CLOSED가 실제 청산을 발생시킴,,근본적인 시장 방향 원인; 당시 수량별 매도 VWAP와 연속 L2; 후보 주문 ACK 전 실현 가능 가격,RSI>=70 일괄 금지의 수익 반례,MECHANISM_CONFIRMED_PREDICTIVE_CAUSE_NOT_CONFIRMED
95eb0133-67a9-4de0-a723-fb422d1e51ce,KOMAUSDT,-0.69870073,-0.578927,QV3_TWO_BEARISH_CLOSED,0.383279,-2.498083,false,QV3_TWO_BEARISH_CLOSED가 실제 청산을 발생시킴,,근본적인 시장 방향 원인; 당시 수량별 매도 VWAP와 연속 L2; 후보 주문 ACK 전 실현 가능 가격,,MECHANISM_CONFIRMED_PREDICTIVE_CAUSE_NOT_CONFIRMED
f665dbf9-c763-4adc-b95c-daa5a15364f1,SAGAUSDT,0.30618275,0.426452,QV3_TWO_BEARISH_CLOSED,1.327313,-1.188716,false,QV3_TWO_BEARISH_CLOSED가 실제 청산을 발생시킴,,근본적인 시장 방향 원인; 당시 수량별 매도 VWAP와 연속 L2; 후보 주문 ACK 전 실현 가능 가격,RSI>=70 일괄 금지의 수익 반례,MECHANISM_CONFIRMED_PREDICTIVE_CAUSE_NOT_CONFIRMED
86cd59c4-00c6-43b5-9f64-830852f3baf7,GRIFFAINUSDT,-1.55341352,-1.434201,V17_NATIVE_STOP,0.187943,-1.195869,false,거래소 native stop 체결로 실제 청산됨,,근본적인 시장 방향 원인; 당시 수량별 매도 VWAP와 연속 L2; 후보 주문 ACK 전 실현 가능 가격,,MECHANISM_CONFIRMED_PREDICTIVE_CAUSE_NOT_CONFIRMED
016662a9-9391-41a7-8db1-5410ac8bd090,ALCHUSDT,-0.27156723,-0.15177,QV3_TWO_BEARISH_CLOSED,0.839713,-1.180673,false,QV3_TWO_BEARISH_CLOSED가 실제 청산을 발생시킴,,근본적인 시장 방향 원인; 당시 수량별 매도 VWAP와 연속 L2; 후보 주문 ACK 전 실현 가능 가격,,MECHANISM_CONFIRMED_PREDICTIVE_CAUSE_NOT_CONFIRMED
79eedfd0-5044-42bc-abfe-b8d32dc2fc45,KOMAUSDT,0.17919526,0.299376,QV3_TWO_BEARISH_CLOSED,1.423746,-1.195116,false,QV3_TWO_BEARISH_CLOSED가 실제 청산을 발생시킴,,근본적인 시장 방향 원인; 당시 수량별 매도 VWAP와 연속 L2; 후보 주문 ACK 전 실현 가능 가격,RSI>=70 일괄 금지의 수익 반례,MECHANISM_CONFIRMED_PREDICTIVE_CAUSE_NOT_CONFIRMED
5b6acd15-8e10-48f1-a695-69152a70194f,ARKUSDT,-1.9868982,-1.868,V17_RISK_CUT,0,-2.494154,true,R5 -1.2% 위험축소 단계가 실제 청산을 발생시킴,직전 10초 가격<-0.2%와 taker-buy<45% 조합은 확장표본에서 기대 저하와 연관,근본적인 시장 방향 원인; 당시 수량별 매도 VWAP와 연속 L2; 후보 주문 ACK 전 실현 가능 가격,,MECHANISM_CONFIRMED_PREDICTIVE_CAUSE_NOT_CONFIRMED
ed2d5640-c995-4abb-a6ad-1a7d718239f0,POWRUSDT,1.36806886,1.48891,QV3_TWO_BEARISH_CLOSED,1.949979,-1.186944,false,QV3_TWO_BEARISH_CLOSED가 실제 청산을 발생시킴,,근본적인 시장 방향 원인; 당시 수량별 매도 VWAP와 연속 L2; 후보 주문 ACK 전 실현 가능 가격,RSI>=70 일괄 금지의 수익 반례,MECHANISM_CONFIRMED_PREDICTIVE_CAUSE_NOT_CONFIRMED
ba4645b1-0eed-4ec6-8f8b-5790e249abfd,KNCUSDT,-0.109425,0,QV3_TWO_BEARISH_CLOSED,1.370802,-1.165182,false,QV3_TWO_BEARISH_CLOSED가 실제 청산을 발생시킴 | 관측 MFE +1% 이상/+2% 미만에서 R5는 -1.2% 위험축소까지만 허용,더 빠른 실제 bid/VWAP 관측이 이익 반납을 줄일 가능성,근본적인 시장 방향 원인; 당시 수량별 매도 VWAP와 연속 L2; 후보 주문 ACK 전 실현 가능 가격,,MECHANISM_CONFIRMED_PREDICTIVE_CAUSE_NOT_CONFIRMED
5615f393-8c11-45f9-9f12-a7cf7b14ac76,SAGAUSDT,6.54298682,6.666323,V17_NATIVE_STOP,7.142857,5.580357,false,거래소 native stop 체결로 실제 청산됨,,근본적인 시장 방향 원인; 당시 수량별 매도 VWAP와 연속 L2; 후보 주문 ACK 전 실현 가능 가격,RSI>=70 일괄 금지의 수익 반례,MECHANISM_CONFIRMED_PREDICTIVE_CAUSE_NOT_CONFIRMED
4684b788-a447-44ac-9775-4745c3bd7d2e,POWRUSDT,-2.77403872,-2.65628,V17_NATIVE_STOP,0,-2.488167,false,거래소 native stop 체결로 실제 청산됨,,근본적인 시장 방향 원인; 당시 수량별 매도 VWAP와 연속 L2; 후보 주문 ACK 전 실현 가능 가격,,MECHANISM_CONFIRMED_PREDICTIVE_CAUSE_NOT_CONFIRMED
a0a7408c-f178-4397-80c1-ab47aa3acd83,STEEMUSDT,2.9342478,3.0558,V17_NATIVE_STOP,4.339538,2.789768,true,거래소 native stop 체결로 실제 청산됨,직전 10초 가격<-0.2%와 taker-buy<45% 조합은 확장표본에서 기대 저하와 연관,근본적인 시장 방향 원인; 당시 수량별 매도 VWAP와 연속 L2; 후보 주문 ACK 전 실현 가능 가격,fastWeak를 일괄 진입금지로 사용하는 설명의 수익 반례 | RSI>=70 일괄 금지의 수익 반례,MECHANISM_CONFIRMED_PREDICTIVE_CAUSE_NOT_CONFIRMED
39d9c52e-c540-457a-8d11-e51180e4ce8f,KOMAUSDT,0.18521049,0.305396,QV3_TWO_BEARISH_CLOSED,1.616196,-1.196893,false,QV3_TWO_BEARISH_CLOSED가 실제 청산을 발생시킴,,근본적인 시장 방향 원인; 당시 수량별 매도 VWAP와 연속 L2; 후보 주문 ACK 전 실현 가능 가격,,MECHANISM_CONFIRMED_PREDICTIVE_CAUSE_NOT_CONFIRMED
1b033cd5-c2fa-4783-931f-55871a3c0108,龙虾USDT,0.10954889,0.229752,QV3_TWO_BEARISH_CLOSED,0.5185,-1.199749,false,QV3_TWO_BEARISH_CLOSED가 실제 청산을 발생시킴,,근본적인 시장 방향 원인; 당시 수량별 매도 VWAP와 연속 L2; 후보 주문 ACK 전 실현 가능 가격,,MECHANISM_CONFIRMED_PREDICTIVE_CAUSE_NOT_CONFIRMED
b1c5dc6a-ada2-48b1-bf07-ab42d4e9d6e7,SAGAUSDT,0.13343407,0.253436,QV3_TWO_BEARISH_CLOSED,0.634249,-2.484144,false,QV3_TWO_BEARISH_CLOSED가 실제 청산을 발생시킴,,근본적인 시장 방향 원인; 당시 수량별 매도 VWAP와 연속 L2; 후보 주문 ACK 전 실현 가능 가격,,MECHANISM_CONFIRMED_PREDICTIVE_CAUSE_NOT_CONFIRMED
67c09c96-e915-40a6-b416-03e66fd54c53,ARKUSDT,-0.081103,-0.0748,V17_NATIVE_STOP,0.832755,-1.179736,false,거래소 native stop 체결로 실제 청산됨,,근본적인 시장 방향 원인; 당시 수량별 매도 VWAP와 연속 L2; 후보 주문 ACK 전 실현 가능 가격,,MECHANISM_CONFIRMED_PREDICTIVE_CAUSE_NOT_CONFIRMED
600be476-743b-409c-a00b-652a0da19078,龙虾USDT,-0.41695537,-0.296985,QV3_TWO_BEARISH_CLOSED,0.951241,-2.499715,false,QV3_TWO_BEARISH_CLOSED가 실제 청산을 발생시킴,,근본적인 시장 방향 원인; 당시 수량별 매도 VWAP와 연속 L2; 후보 주문 ACK 전 실현 가능 가격,,MECHANISM_CONFIRMED_PREDICTIVE_CAUSE_NOT_CONFIRMED
316367db-3305-4562-a0b1-875b72a2ed9a,POWRUSDT,-3.10546551,-2.98702,V17_NATIVE_STOP,0,-2.490449,true,거래소 native stop 체결로 실제 청산됨,직전 10초 가격<-0.2%와 taker-buy<45% 조합은 확장표본에서 기대 저하와 연관,근본적인 시장 방향 원인; 당시 수량별 매도 VWAP와 연속 L2; 후보 주문 ACK 전 실현 가능 가격,,MECHANISM_CONFIRMED_PREDICTIVE_CAUSE_NOT_CONFIRMED
9ecaef3f-a916-4a5a-bbb4-3d4f06ac7a75,STEEMUSDT,5.94620051,6.069,V17_NATIVE_STOP,7.395316,5.791341,false,거래소 native stop 체결로 실제 청산됨,,근본적인 시장 방향 원인; 당시 수량별 매도 VWAP와 연속 L2; 후보 주문 ACK 전 실현 가능 가격,RSI>=70 일괄 금지의 수익 반례,MECHANISM_CONFIRMED_PREDICTIVE_CAUSE_NOT_CONFIRMED
86b7bbe0-60f9-4ea8-8949-ccca59a8ca58,POLYXUSDT,-1.17897991,-1.05968,QV3_TWO_BEARISH_CLOSED,0.262906,-1.195029,true,QV3_TWO_BEARISH_CLOSED가 실제 청산을 발생시킴,직전 10초 가격<-0.2%와 taker-buy<45% 조합은 확장표본에서 기대 저하와 연관,근본적인 시장 방향 원인; 당시 수량별 매도 VWAP와 연속 L2; 후보 주문 ACK 전 실현 가능 가격,,MECHANISM_CONFIRMED_PREDICTIVE_CAUSE_NOT_CONFIRMED
0124266f-b561-4139-9caa-234f8bf991b9,龙虾USDT,-0.35573923,-0.23561,QV3_TWO_BEARISH_CLOSED,1.168365,-1.199672,false,QV3_TWO_BEARISH_CLOSED가 실제 청산을 발생시킴 | 관측 MFE +1% 이상/+2% 미만에서 R5는 -1.2% 위험축소까지만 허용,더 빠른 실제 bid/VWAP 관측이 이익 반납을 줄일 가능성,근본적인 시장 방향 원인; 당시 수량별 매도 VWAP와 연속 L2; 후보 주문 ACK 전 실현 가능 가격,,MECHANISM_CONFIRMED_PREDICTIVE_CAUSE_NOT_CONFIRMED
e480e974-d0b3-4f5a-8205-b84f2678cf31,VTHOUSDT,15.14811357,15.2755949,V17_NATIVE_STOP,14.543552,12.834941,false,거래소 native stop 체결로 실제 청산됨,,근본적인 시장 방향 원인; 당시 수량별 매도 VWAP와 연속 L2; 후보 주문 ACK 전 실현 가능 가격,RSI>=70 일괄 금지의 수익 반례,MECHANISM_CONFIRMED_PREDICTIVE_CAUSE_NOT_CONFIRMED
2e63ba95-103b-469a-a61f-ad6886ac6004,SAGAUSDT,1.19783603,1.318544,V17_NATIVE_STOP,2.183198,1.098341,false,거래소 native stop 체결로 실제 청산됨,,근본적인 시장 방향 원인; 당시 수량별 매도 VWAP와 연속 L2; 후보 주문 ACK 전 실현 가능 가격,,MECHANISM_CONFIRMED_PREDICTIVE_CAUSE_NOT_CONFIRMED
4543d76c-dc55-4654-876b-f7834570176b,VTHOUSDT,-3.10835438,-2.9910572,V17_NATIVE_STOP,0.389584,-2.498561,false,거래소 native stop 체결로 실제 청산됨,,근본적인 시장 방향 원인; 당시 수량별 매도 VWAP와 연속 L2; 후보 주문 ACK 전 실현 가능 가격,,MECHANISM_CONFIRMED_PREDICTIVE_CAUSE_NOT_CONFIRMED
84a796de-c6cf-4f0f-ae9d-72743db9292b,AVAUSDT,-3.34026088,-3.2219,V17_NATIVE_STOP,0.048828,-2.490234,false,거래소 native stop 체결로 실제 청산됨,,근본적인 시장 방향 원인; 당시 수량별 매도 VWAP와 연속 L2; 후보 주문 ACK 전 실현 가능 가격,,MECHANISM_CONFIRMED_PREDICTIVE_CAUSE_NOT_CONFIRMED
6646f8dd-8b1b-4b86-8dac-db7e7b9a6e96,ILVUSDT,-3.17751299,-3.0592,V17_NATIVE_STOP,0.320087,-2.477082,true,거래소 native stop 체결로 실제 청산됨,직전 10초 가격<-0.2%와 taker-buy<45% 조합은 확장표본에서 기대 저하와 연관,근본적인 시장 방향 원인; 당시 수량별 매도 VWAP와 연속 L2; 후보 주문 ACK 전 실현 가능 가격,,MECHANISM_CONFIRMED_PREDICTIVE_CAUSE_NOT_CONFIRMED
91c496d2-5731-4244-a016-576a94f90216,PUNDIXUSDT,-1.48121506,-1.36176,QV3_TWO_BEARISH_CLOSED,0.55592,-2.496122,false,QV3_TWO_BEARISH_CLOSED가 실제 청산을 발생시킴,,근본적인 시장 방향 원인; 당시 수량별 매도 VWAP와 연속 L2; 후보 주문 ACK 전 실현 가능 가격,,MECHANISM_CONFIRMED_PREDICTIVE_CAUSE_NOT_CONFIRMED
594cba3b-b359-47e2-bf21-bd0e8df2b538,ARKUSDT,-3.20992855,-3.0919,V17_NATIVE_STOP,0,-2.480211,true,거래소 native stop 체결로 실제 청산됨,직전 10초 가격<-0.2%와 taker-buy<45% 조합은 확장표본에서 기대 저하와 연관,근본적인 시장 방향 원인; 당시 수량별 매도 VWAP와 연속 L2; 후보 주문 ACK 전 실현 가능 가격,,MECHANISM_CONFIRMED_PREDICTIVE_CAUSE_NOT_CONFIRMED
3fc3e93f-44ff-4d09-90da-0836af362942,AVAUSDT,2.65566399,2.77697,QV3_TWO_BEARISH_CLOSED,2.817736,1.430316,false,QV3_TWO_BEARISH_CLOSED가 실제 청산을 발생시킴,,근본적인 시장 방향 원인; 당시 수량별 매도 VWAP와 연속 L2; 후보 주문 ACK 전 실현 가능 가격,,MECHANISM_CONFIRMED_PREDICTIVE_CAUSE_NOT_CONFIRMED
30f8d76f-46e2-486f-a844-5140945dc06e,ARKUSDT,-1.86881999,-1.8,V17_NATIVE_STOP,0,-2.467011,false,거래소 native stop 체결로 실제 청산됨,,근본적인 시장 방향 원인; 당시 수량별 매도 VWAP와 연속 L2; 후보 주문 ACK 전 실현 가능 가격,,MECHANISM_CONFIRMED_PREDICTIVE_CAUSE_NOT_CONFIRMED
d2460043-a596-4e9e-9c0f-94e1af5687f0,SAGAUSDT,0.13033723,0.250528,QV3_TWO_BEARISH_CLOSED,1.251956,-1.199791,false,QV3_TWO_BEARISH_CLOSED가 실제 청산을 발생시킴,,근본적인 시장 방향 원인; 당시 수량별 매도 VWAP와 연속 L2; 후보 주문 ACK 전 실현 가능 가격,,MECHANISM_CONFIRMED_PREDICTIVE_CAUSE_NOT_CONFIRMED
6320bad6-d86b-48be-bbdc-775a685ffcb6,STEEMUSDT,-3.13050714,-3.012,V17_NATIVE_STOP,0,-2.497177,false,거래소 native stop 체결로 실제 청산됨,,근본적인 시장 방향 원인; 당시 수량별 매도 VWAP와 연속 L2; 후보 주문 ACK 전 실현 가능 가격,,MECHANISM_CONFIRMED_PREDICTIVE_CAUSE_NOT_CONFIRMED
681aec00-81df-4fb2-8f55-d20320811210,POLYXUSDT,-1.76331132,-1.64437,QV3_TWO_BEARISH_CLOSED,0.143232,-2.482693,false,QV3_TWO_BEARISH_CLOSED가 실제 청산을 발생시킴,,근본적인 시장 방향 원인; 당시 수량별 매도 VWAP와 연속 L2; 후보 주문 ACK 전 실현 가능 가격,,MECHANISM_CONFIRMED_PREDICTIVE_CAUSE_NOT_CONFIRMED
69cdf212-34ca-4339-905d-5b32f356a4d3,龙虾USDT,-0.24284619,-0.12289,QV3_TWO_BEARISH_CLOSED,0.423074,-2.499802,true,QV3_TWO_BEARISH_CLOSED가 실제 청산을 발생시킴,직전 10초 가격<-0.2%와 taker-buy<45% 조합은 확장표본에서 기대 저하와 연관,근본적인 시장 방향 원인; 당시 수량별 매도 VWAP와 연속 L2; 후보 주문 ACK 전 실현 가능 가격,,MECHANISM_CONFIRMED_PREDICTIVE_CAUSE_NOT_CONFIRMED
104b3c79-7490-484f-a934-3228f9780591,FLOCKUSDT,-0.11249683,0.0075,QV3_TWO_BEARISH_CLOSED,0.764744,-2.499077,false,QV3_TWO_BEARISH_CLOSED가 실제 청산을 발생시킴 | 가격 총손익은 양수였으나 비용 포함 정산손익은 음수,,근본적인 시장 방향 원인; 당시 수량별 매도 VWAP와 연속 L2; 후보 주문 ACK 전 실현 가능 가격,,MECHANISM_CONFIRMED_PREDICTIVE_CAUSE_NOT_CONFIRMED
f99c1d50-63c8-4ac9-bb81-0390660352b8,BTWUSDT,-0.8751989,-0.75568,V17_NATIVE_STOP,1.979028,-1.199465,true,거래소 native stop 체결로 실제 청산됨 | 관측 MFE +1% 이상/+2% 미만에서 R5는 -1.2% 위험축소까지만 허용,직전 10초 가격<-0.2%와 taker-buy<45% 조합은 확장표본에서 기대 저하와 연관 | 더 빠른 실제 bid/VWAP 관측이 이익 반납을 줄일 가능성,근본적인 시장 방향 원인; 당시 수량별 매도 VWAP와 연속 L2; 후보 주문 ACK 전 실현 가능 가격,,MECHANISM_CONFIRMED_PREDICTIVE_CAUSE_NOT_CONFIRMED
7974d3fe-088b-4638-acaa-99467ff0ef94,ARKUSDT,-1.6594116,-1.54,V17_NATIVE_STOP,1.435161,-1.178883,true,거래소 native stop 체결로 실제 청산됨 | 관측 MFE +1% 이상/+2% 미만에서 R5는 -1.2% 위험축소까지만 허용,직전 10초 가격<-0.2%와 taker-buy<45% 조합은 확장표본에서 기대 저하와 연관 | 더 빠른 실제 bid/VWAP 관측이 이익 반납을 줄일 가능성,근본적인 시장 방향 원인; 당시 수량별 매도 VWAP와 연속 L2; 후보 주문 ACK 전 실현 가능 가격,,MECHANISM_CONFIRMED_PREDICTIVE_CAUSE_NOT_CONFIRMED
985525a5-89f7-4a81-90ac-71b93105a0c2,CVCUSDT,-1.66055724,-1.54131,V17_NATIVE_STOP,1.1716,-1.17175,false,거래소 native stop 체결로 실제 청산됨 | 관측 MFE +1% 이상/+2% 미만에서 R5는 -1.2% 위험축소까지만 허용,더 빠른 실제 bid/VWAP 관측이 이익 반납을 줄일 가능성,근본적인 시장 방향 원인; 당시 수량별 매도 VWAP와 연속 L2; 후보 주문 ACK 전 실현 가능 가격,,MECHANISM_CONFIRMED_PREDICTIVE_CAUSE_NOT_CONFIRMED
