cohort_role,position_id,symbol,signal_completed_at,decision_at,entry_request_at,entry_request_time_status,entry_fill_at,db_entry_at,entry_db_lag_ms,first_native_stop_submitted_at,first_native_stop_ack_at,fill_to_first_stop_ack_ms,last_observation_detected_at,last_quote_received_at,last_exchange_book_at,exit_trigger_or_close_at,exit_fill_at,settlement_at,settlement_time_status,final_native_actual_order_id,final_native_client_id,final_native_status
FIXED_210,88556a19-5878-4372-9df2-0e6e7a22e433,INJUSDT,2026-09-08T02:25:00.000Z,2026-09-08T02:26:03.381Z,,NOT_EXPORTED,2026-09-08T02:26:04.612Z,2026-09-08T02:26:05.078Z,466,,,,,,,2026-09-08T02:58:04.265Z,2026-09-08T02:58:04.265Z,,NOT_EXPORTED,,,
FIXED_210,83f4df49-26c5-4e94-8700-f36303f6c0ef,SOPHUSDT,2026-09-08T03:00:00.000Z,2026-09-08T03:01:02.742Z,,NOT_EXPORTED,2026-09-08T03:01:03.515Z,2026-09-08T03:01:03.994Z,479,,,,,,,2026-09-08T03:43:04.419Z,2026-09-08T03:43:04.419Z,,NOT_EXPORTED,,,
FIXED_210,2f084a77-a0ca-4c1c-b467-e4be50862ec6,IOSTUSDT,2026-09-08T03:45:00.000Z,2026-09-08T03:46:03.291Z,,NOT_EXPORTED,2026-09-08T03:46:04.935Z,2026-09-08T03:46:05.400Z,465,,,,,,,2026-09-08T03:56:04.172Z,2026-09-08T03:56:04.172Z,,NOT_EXPORTED,,,
FIXED_210,8af6af51-bb20-4b8b-ac6b-eaeb50d53a98,AEROUSDT,2026-09-08T04:00:00.000Z,2026-09-08T04:01:03.239Z,,NOT_EXPORTED,2026-09-08T04:01:04.453Z,2026-09-08T04:01:04.917Z,464,,,,,,,2026-09-08T05:01:03.930Z,2026-09-08T05:01:03.930Z,,NOT_EXPORTED,,,
FIXED_210,49e3d344-76a2-4994-a344-01aa1b003406,SOPHUSDT,2026-09-08T05:05:00.000Z,2026-09-08T05:05:03.959Z,,NOT_EXPORTED,2026-09-08T05:05:04.722Z,2026-09-08T05:05:05.195Z,473,,,,,,,2026-09-08T05:20:05.033Z,2026-09-08T05:20:05.033Z,,NOT_EXPORTED,,,
FIXED_210,61cae170-54e9-4453-8e95-cd55127bbd8e,USELESSUSDT,2026-09-08T06:15:00.000Z,2026-09-08T06:16:02.730Z,,NOT_EXPORTED,2026-09-08T06:16:04.425Z,2026-09-08T06:16:04.885Z,460,,,,,,,2026-09-08T06:32:04.025Z,2026-09-08T06:32:04.025Z,,NOT_EXPORTED,,,
FIXED_210,a5ab1fa0-1a90-4c8d-b73c-745ae5630c57,AKEUSDT,2026-09-08T07:10:00.000Z,2026-09-08T07:11:03.125Z,,NOT_EXPORTED,2026-09-08T07:11:04.368Z,2026-09-08T07:11:04.836Z,468,,,,,,,2026-09-08T07:35:03.939Z,2026-09-08T07:35:03.939Z,,NOT_EXPORTED,,,
FIXED_210,b9501639-d5b1-4d4d-8478-d432f8f862ca,FORMUSDT,2026-09-08T07:45:00.000Z,2026-09-08T07:45:05.558Z,,NOT_EXPORTED,2026-09-08T07:45:06.132Z,2026-09-08T07:45:06.600Z,468,,,,,,,2026-09-08T07:52:13.879Z,2026-09-08T07:52:13.879Z,,NOT_EXPORTED,,,
FIXED_210,9745f184-84e6-4d17-9636-ceb7ee116d3e,BTRUSDT,2026-09-08T09:05:00.000Z,2026-09-08T09:05:05.998Z,,NOT_EXPORTED,2026-09-08T09:05:07.664Z,2026-09-08T09:05:08.120Z,456,,,,,,,2026-09-08T09:31:04.934Z,2026-09-08T09:31:04.934Z,,NOT_EXPORTED,,,
FIXED_210,b6272135-f9d6-4a91-9ca7-225465429a55,USELESSUSDT,2026-09-08T10:00:00.000Z,2026-09-08T10:00:07.268Z,,NOT_EXPORTED,2026-09-08T10:00:07.840Z,2026-09-08T10:00:08.743Z,903,,,,,,,2026-09-08T10:27:04.170Z,2026-09-08T10:27:04.170Z,,NOT_EXPORTED,,,
FIXED_210,d01e99e1-3f2d-4039-94c6-e66d0e65d19b,VETUSDT,2026-09-08T11:30:00.000Z,2026-09-08T11:31:03.024Z,,NOT_EXPORTED,2026-09-08T11:31:04.695Z,2026-09-08T11:31:05.164Z,469,,,,2026-09-08T12:25:02.384Z,2026-09-08T12:25:02.271Z,2026-09-08T12:25:01.305Z,2026-09-08T12:25:04.742Z,2026-09-08T12:25:04.742Z,,NOT_EXPORTED,,,
FIXED_210,9a9d9dba-db9f-4f1b-9936-1e0c58c0360e,AKEUSDT,2026-09-08T12:30:00.000Z,2026-09-08T12:31:02.697Z,,NOT_EXPORTED,2026-09-08T12:31:03.520Z,2026-09-08T12:31:03.998Z,478,,,,2026-09-08T13:22:02.914Z,2026-09-08T13:22:02.803Z,2026-09-08T13:22:02.283Z,2026-09-08T13:22:04.962Z,2026-09-08T13:22:04.962Z,,NOT_EXPORTED,,,
FIXED_210,8728055d-3228-4b99-b745-89195af1501a,USELESSUSDT,2026-09-08T14:05:00.000Z,2026-09-08T14:05:03.981Z,,NOT_EXPORTED,2026-09-08T14:05:04.638Z,2026-09-08T14:05:05.114Z,476,,,,2026-09-08T14:20:03.313Z,2026-09-08T14:20:03.200Z,2026-09-08T14:20:02.990Z,2026-09-08T14:20:05.956Z,2026-09-08T14:20:05.956Z,,NOT_EXPORTED,,,
FIXED_210,e3d9d506-4c5e-443b-b935-ee347c4fcc43,VVVUSDT,2026-09-08T14:25:00.000Z,2026-09-08T14:25:06.432Z,,NOT_EXPORTED,2026-09-08T14:25:07.260Z,2026-09-08T14:25:07.739Z,479,,,,2026-09-08T14:42:02.557Z,2026-09-08T14:42:02.447Z,2026-09-08T14:42:02.283Z,2026-09-08T14:42:04.413Z,2026-09-08T14:42:04.413Z,,NOT_EXPORTED,,,
FIXED_210,293822f2-1668-4387-b6c3-ddcb9b98c1ef,VVVUSDT,2026-09-08T14:50:00.000Z,2026-09-08T14:51:02.884Z,,NOT_EXPORTED,2026-09-08T14:51:03.900Z,2026-09-08T14:51:04.368Z,468,,,,2026-09-08T14:55:04.895Z,2026-09-08T14:55:04.783Z,2026-09-08T14:55:04.622Z,2026-09-08T14:55:06.810Z,2026-09-08T14:55:06.810Z,,NOT_EXPORTED,,,
FIXED_210,485b7a98-8010-4154-8f90-f45368f60a66,DOGSUSDT,2026-09-08T15:30:00.000Z,2026-09-08T15:31:03.498Z,,NOT_EXPORTED,2026-09-08T15:31:05.210Z,2026-09-08T15:31:05.679Z,469,,,,2026-09-08T16:13:02.618Z,2026-09-08T16:13:02.506Z,2026-09-08T16:13:02.338Z,2026-09-08T16:13:04.218Z,2026-09-08T16:13:04.218Z,,NOT_EXPORTED,,,
FIXED_210,807850cb-a1b9-4110-b7ac-b6d3b0a7a2b6,PONSUSDT,2026-09-08T16:15:00.000Z,2026-09-08T16:16:03.163Z,,NOT_EXPORTED,2026-09-08T16:16:04.388Z,2026-09-08T16:16:04.854Z,466,,,,2026-09-08T16:43:02.751Z,2026-09-08T16:43:02.633Z,2026-09-08T16:43:02.379Z,2026-09-08T16:43:04.400Z,2026-09-08T16:43:04.400Z,,NOT_EXPORTED,,,
FIXED_210,bbb92780-9700-4a87-891d-2ac27cade9db,BRUSDT,2026-09-08T16:45:00.000Z,2026-09-08T16:46:03.050Z,,NOT_EXPORTED,2026-09-08T16:46:04.464Z,2026-09-08T16:46:04.967Z,503,,,,2026-09-08T17:32:02.721Z,2026-09-08T17:32:02.609Z,2026-09-08T17:31:57.730Z,2026-09-08T17:32:04.929Z,2026-09-08T17:32:04.929Z,,NOT_EXPORTED,,,
FIXED_210,62dba0dc-51dd-4e9a-9c92-220088e7991a,GPSUSDT,2026-09-08T18:00:00.000Z,2026-09-08T18:00:09.120Z,,NOT_EXPORTED,2026-09-08T18:00:10.389Z,2026-09-08T18:00:11.291Z,902,,,,2026-09-08T18:46:02.663Z,2026-09-08T18:46:02.552Z,2026-09-08T18:46:01.795Z,2026-09-08T18:46:04.485Z,2026-09-08T18:46:04.485Z,,NOT_EXPORTED,,,
FIXED_210,c19553f5-1f29-496e-aee8-c97043135ea0,DOGSUSDT,2026-09-08T19:10:00.000Z,2026-09-08T19:11:03.033Z,,NOT_EXPORTED,2026-09-08T19:11:03.589Z,2026-09-08T19:11:04.060Z,471,,,,2026-09-08T19:31:02.827Z,2026-09-08T19:31:02.709Z,2026-09-08T19:31:02.431Z,2026-09-08T19:31:04.464Z,2026-09-08T19:31:04.464Z,,NOT_EXPORTED,,,
FIXED_210,146a8384-0752-4b42-9d83-239d70b0c4e2,DOTUSDT,2026-09-08T20:15:00.000Z,2026-09-08T20:16:03.372Z,,NOT_EXPORTED,2026-09-08T20:16:04.607Z,2026-09-08T20:16:05.075Z,468,,,,2026-09-08T20:49:04.264Z,2026-09-08T20:49:04.151Z,2026-09-08T20:49:03.941Z,2026-09-08T20:49:05.872Z,2026-09-08T20:49:05.872Z,,NOT_EXPORTED,,,
FIXED_210,512d82bc-43c0-4ad4-9aa1-a1f588e15220,RAYSOLUSDT,2026-09-08T21:00:00.000Z,2026-09-08T21:01:02.926Z,,NOT_EXPORTED,2026-09-08T21:01:03.727Z,2026-09-08T21:01:04.193Z,466,,,,2026-09-08T21:41:02.559Z,2026-09-08T21:41:02.447Z,2026-09-08T21:41:01.713Z,2026-09-08T21:41:04.557Z,2026-09-08T21:41:04.557Z,,NOT_EXPORTED,,,
FIXED_210,af68ee80-47cf-4bcb-9b5f-a14703ee2acf,EGLDUSDT,2026-09-08T22:00:00.000Z,2026-09-08T22:01:03.064Z,,NOT_EXPORTED,2026-09-08T22:01:04.751Z,2026-09-08T22:01:05.223Z,472,2026-09-08T23:45:05.418Z,2026-09-08T23:45:05.975Z,6241224,2026-09-08T23:52:02.463Z,2026-09-08T23:52:02.352Z,2026-09-08T23:52:01.603Z,2026-09-08T23:52:03.052Z,2026-09-08T23:52:03.052Z,,NOT_EXPORTED,9678930536,tb-v17s-adf82de90659d5e39ed9df7ad4a,FINISHED
FIXED_210,43c22eef-0f0a-4c63-94f4-7101bbdb1c07,FORMUSDT,2026-09-09T00:00:00.000Z,2026-09-09T00:01:02.830Z,,NOT_EXPORTED,2026-09-09T00:01:03.629Z,2026-09-09T00:01:04.102Z,473,2026-09-09T00:02:03.220Z,2026-09-09T00:02:03.796Z,60167,2026-09-09T00:14:02.502Z,2026-09-09T00:14:02.390Z,2026-09-09T00:14:02.039Z,2026-09-09T00:14:26.494Z,2026-09-09T00:14:26.494Z,,NOT_EXPORTED,1698443496,tb-v17s-8ce89cb9e75d4b9f008be695c41,FINISHED
FIXED_210,a3f63fca-805b-456d-a4b3-dbbb044c2c54,BRUSDT,2026-09-09T00:25:00.000Z,2026-09-09T00:26:02.884Z,,NOT_EXPORTED,2026-09-09T00:26:03.459Z,2026-09-09T00:26:03.923Z,464,2026-09-09T00:27:13.473Z,2026-09-09T00:27:14.062Z,70603,2026-09-09T01:41:02.452Z,2026-09-09T01:41:02.340Z,2026-09-09T01:40:53.831Z,2026-09-09T01:41:04.477Z,2026-09-09T01:41:04.477Z,,NOT_EXPORTED,,tb-v17s-a684c09d239ffb361e91f31ec9c,CANCELED
FIXED_210,1675ae6d-b65c-4107-b229-f75916449bca,PIEVERSEUSDT,2026-09-09T01:50:00.000Z,2026-09-09T01:51:13.087Z,,NOT_EXPORTED,2026-09-09T01:51:14.104Z,2026-09-09T01:51:14.575Z,471,2026-09-09T01:52:03.352Z,2026-09-09T01:52:03.914Z,49810,2026-09-09T01:54:03.837Z,2026-09-09T01:54:03.724Z,2026-09-09T01:54:03.332Z,2026-09-09T01:54:16.979Z,2026-09-09T01:54:16.979Z,,NOT_EXPORTED,1827657132,tb-v17s-facfd48753382b38440057259aa,FINISHED
FIXED_210,12fbf516-7e14-442d-b970-d8a4b09b23be,ETCUSDT,2026-09-09T02:05:00.000Z,2026-09-09T02:06:02.720Z,,NOT_EXPORTED,2026-09-09T02:06:03.510Z,2026-09-09T02:06:03.969Z,459,2026-09-09T02:07:03.189Z,2026-09-09T02:07:03.736Z,60226,2026-09-09T02:55:02.648Z,2026-09-09T02:55:02.536Z,2026-09-09T02:54:59.596Z,2026-09-09T02:55:04.473Z,2026-09-09T02:55:04.473Z,,NOT_EXPORTED,,tb-v17s-77f752990d10771e72509ac6e20,CANCELED
FIXED_210,256aa417-03a7-4d7a-a120-74a0802f03c1,KATUSDT,2026-09-09T03:15:00.000Z,2026-09-09T03:16:04.143Z,,NOT_EXPORTED,2026-09-09T03:16:05.001Z,2026-09-09T03:16:05.485Z,484,2026-09-09T03:17:03.386Z,2026-09-09T03:17:03.969Z,58968,2026-09-09T03:20:05.018Z,2026-09-09T03:20:04.906Z,2026-09-09T03:20:04.682Z,2026-09-09T03:20:20.745Z,2026-09-09T03:20:20.745Z,,NOT_EXPORTED,392076095,tb-v17s-c986536ed74e1e20c8dfab6460e,FINISHED
FIXED_210,0f675e44-1048-4413-9d0e-956187553ae8,PHAROSUSDT,2026-09-09T04:55:00.000Z,2026-09-09T04:56:02.886Z,,NOT_EXPORTED,2026-09-09T04:56:04.568Z,2026-09-09T04:56:05.045Z,477,2026-09-09T04:57:03.239Z,2026-09-09T04:57:03.797Z,59229,2026-09-09T05:03:02.477Z,2026-09-09T05:03:02.365Z,2026-09-09T05:03:00.866Z,2026-09-09T05:03:32.452Z,2026-09-09T05:03:32.452Z,,NOT_EXPORTED,175959667,tb-v17s-3219eb013b7e065f6d175354f93,FINISHED
FIXED_210,3a762261-6a75-49da-ae6c-acd557336658,RAYSOLUSDT,2026-09-09T05:05:00.000Z,2026-09-09T05:06:03.252Z,,NOT_EXPORTED,2026-09-09T05:06:04.776Z,2026-09-09T05:06:05.261Z,485,2026-09-09T05:07:03.276Z,2026-09-09T05:07:03.845Z,59069,2026-09-09T05:43:02.433Z,2026-09-09T05:43:02.322Z,2026-09-09T05:43:02.106Z,2026-09-09T05:43:38.102Z,2026-09-09T05:43:38.102Z,,NOT_EXPORTED,2352492514,tb-v17s-1782c20ab4dc42c8e3185eacc71,FINISHED
FIXED_210,bd5fd912-d1c4-4e2d-acee-5cffd3ca8174,RAYSOLUSDT,2026-09-09T05:50:00.000Z,2026-09-09T05:51:02.698Z,,NOT_EXPORTED,2026-09-09T05:51:03.292Z,2026-09-09T05:51:03.770Z,478,2026-09-09T05:52:03.171Z,2026-09-09T05:52:03.735Z,60443,2026-09-09T06:08:02.843Z,2026-09-09T06:08:02.730Z,2026-09-09T06:08:02.570Z,2026-09-09T06:08:44.364Z,2026-09-09T06:08:44.364Z,,NOT_EXPORTED,2352897343,tb-v17s-c4b9dc4bcc8a15158aae059a354,FINISHED
FIXED_210,10152f01-56f7-42ff-a540-9eeeb4682112,BRUSDT,2026-09-09T06:30:00.000Z,2026-09-09T06:31:03.709Z,,NOT_EXPORTED,2026-09-09T06:31:04.354Z,2026-09-09T06:31:04.829Z,475,2026-09-09T06:32:03.258Z,2026-09-09T06:32:03.845Z,59491,2026-09-09T06:47:02.779Z,2026-09-09T06:47:02.668Z,2026-09-09T06:47:02.264Z,2026-09-09T06:47:02.242Z,2026-09-09T06:47:02.242Z,,NOT_EXPORTED,1582698237,tb-v17s-e40da5e847f509d1d1aa7912742,FINISHED
FIXED_210,88581d47-ce3a-4375-a58b-953d99553348,GRASSUSDT,2026-09-09T06:50:00.000Z,2026-09-09T06:51:03.477Z,,NOT_EXPORTED,2026-09-09T06:51:04.319Z,2026-09-09T06:51:04.792Z,473,2026-09-09T06:52:03.614Z,2026-09-09T06:52:04.255Z,59936,2026-09-09T07:18:02.738Z,2026-09-09T07:18:02.625Z,2026-09-09T07:18:02.467Z,2026-09-09T07:18:39.702Z,2026-09-09T07:18:39.702Z,,NOT_EXPORTED,2698271838,tb-v17s-ee26e3bf307ad903e9638aada71,FINISHED
FIXED_210,b0d5f8c9-6a3c-4293-9acb-07fa48d21f0c,VVVUSDT,2026-09-09T07:25:00.000Z,2026-09-09T07:25:05.335Z,,NOT_EXPORTED,2026-09-09T07:25:06.825Z,2026-09-09T07:25:07.302Z,477,2026-09-09T07:26:03.355Z,2026-09-09T07:26:03.924Z,57099,2026-09-09T07:30:04.232Z,2026-09-09T07:30:04.120Z,2026-09-09T07:30:03.874Z,2026-09-09T07:30:38.162Z,2026-09-09T07:30:38.162Z,,NOT_EXPORTED,2178935512,tb-v17s-2250c789e8b404f6b87a5c61637,FINISHED
FIXED_210,73b8ce8d-3495-4710-8def-8af909b060ec,TRUTHUSDT,2026-09-09T07:45:00.000Z,2026-09-09T07:46:02.984Z,,NOT_EXPORTED,2026-09-09T07:46:04.254Z,2026-09-09T07:46:04.727Z,473,2026-09-09T07:47:03.666Z,2026-09-09T07:47:04.283Z,60029,2026-09-09T08:07:02.541Z,2026-09-09T08:07:02.430Z,2026-09-09T08:07:00.614Z,2026-09-09T08:07:32.954Z,2026-09-09T08:07:32.954Z,,NOT_EXPORTED,1758838511,tb-v17s-f8f745f47b1be86dc4580fabb56,FINISHED
FIXED_210,0ab82c1a-4e97-461a-b10d-e855ead6af43,IOSTUSDT,2026-09-09T08:45:00.000Z,2026-09-09T08:46:02.735Z,,NOT_EXPORTED,2026-09-09T08:46:03.323Z,2026-09-09T08:46:03.806Z,483,2026-09-09T08:47:03.963Z,2026-09-09T08:47:04.536Z,61213,2026-09-09T08:52:02.431Z,2026-09-09T08:52:02.321Z,2026-09-09T08:52:01.848Z,2026-09-09T08:52:30.061Z,2026-09-09T08:52:30.061Z,,NOT_EXPORTED,8715475827,tb-v17s-0582acf709c9994a4b097610adb,FINISHED
FIXED_210,882cf0c1-33cf-4285-a03a-ee1ca59af511,ATOMUSDT,2026-09-09T09:05:00.000Z,2026-09-09T09:06:02.963Z,,NOT_EXPORTED,2026-09-09T09:06:03.784Z,2026-09-09T09:06:04.255Z,471,2026-09-09T09:07:03.321Z,2026-09-09T09:07:04.051Z,60267,2026-09-09T10:10:05.576Z,2026-09-09T10:10:05.463Z,2026-09-09T10:10:04.657Z,2026-09-09T10:10:23.693Z,2026-09-09T10:10:23.693Z,,NOT_EXPORTED,24789086786,tb-v17s-9b4a546cb9be319e4e8de8e988c,FINISHED
FIXED_210,efcbe735-401e-4b7d-b4cb-e2bc107b0a4c,BRUSDT,2026-09-09T10:30:00.000Z,2026-09-09T10:30:04.987Z,,NOT_EXPORTED,2026-09-09T10:30:05.599Z,2026-09-09T10:30:06.075Z,476,2026-09-09T10:31:03.179Z,2026-09-09T10:31:03.785Z,58186,2026-09-09T10:59:03.885Z,2026-09-09T10:59:03.772Z,2026-09-09T10:59:03.581Z,2026-09-09T10:59:42.494Z,2026-09-09T10:59:42.494Z,,NOT_EXPORTED,1584389619,tb-v17s-5380c1206e9a87ee0443a8b1542,FINISHED
FIXED_210,38916c77-d7cb-4008-979e-6770707fa42f,XTZUSDT,2026-09-09T11:00:00.000Z,2026-09-09T11:01:02.764Z,,NOT_EXPORTED,2026-09-09T11:01:03.589Z,2026-09-09T11:01:04.060Z,471,2026-09-09T11:02:03.536Z,2026-09-09T11:02:04.251Z,60662,2026-09-09T11:37:02.644Z,2026-09-09T11:37:02.532Z,2026-09-09T11:37:01.944Z,2026-09-09T11:37:05.290Z,2026-09-09T11:37:05.290Z,,NOT_EXPORTED,12960808019,tb-v17s-72de65fdf10e5d0ffbc5b7ab50e,FINISHED
FIXED_210,6325cb07-66a2-4172-8e81-c341b39c96ca,BRUSDT,2026-09-09T11:25:00.000Z,2026-09-09T11:26:05.355Z,,NOT_EXPORTED,2026-09-09T11:26:05.977Z,2026-09-09T11:26:06.460Z,483,2026-09-09T11:27:05.407Z,2026-09-09T11:27:06.010Z,60033,2026-09-09T11:52:02.447Z,2026-09-09T11:52:02.336Z,2026-09-09T11:52:01.511Z,2026-09-09T11:52:08.452Z,2026-09-09T11:52:08.452Z,,NOT_EXPORTED,1584890071,tb-v17s-c888213fc8a4c78059e4a6a5521,FINISHED
FIXED_210,fa7eef80-8959-42a4-b1eb-be5be8382368,KATUSDT,2026-09-09T11:45:00.000Z,2026-09-09T11:45:06.742Z,,NOT_EXPORTED,2026-09-09T11:45:07.336Z,2026-09-09T11:45:07.822Z,486,2026-09-09T11:46:04.946Z,2026-09-09T11:46:05.516Z,58180,2026-09-09T11:46:04.334Z,2026-09-09T11:46:04.223Z,2026-09-09T11:46:04.061Z,2026-09-09T11:46:35.601Z,2026-09-09T11:46:35.601Z,,NOT_EXPORTED,402976074,tb-v17s-4cc4367a3bbb180444d16a7bf4b,FINISHED
FIXED_210,ff3264de-f29f-4a8f-a52d-b18a615a94ec,BULLAUSDT,2026-09-09T12:45:00.000Z,2026-09-09T12:45:05.360Z,,NOT_EXPORTED,2026-09-09T12:45:06.611Z,2026-09-09T12:45:07.079Z,468,2026-09-09T12:46:03.745Z,2026-09-09T12:46:04.377Z,57766,2026-09-09T12:46:02.694Z,2026-09-09T12:46:02.583Z,2026-09-09T12:46:02.236Z,2026-09-09T12:46:06.947Z,2026-09-09T12:46:06.947Z,,NOT_EXPORTED,1690007836,tb-v17s-27f70a67e8bfdf4f74996248a0b,FINISHED
FIXED_210,dd0bc203-41bd-4533-aac8-3226b7c35120,MAGMAUSDT,2026-09-09T13:00:00.000Z,2026-09-09T13:01:03.339Z,,NOT_EXPORTED,2026-09-09T13:01:04.199Z,2026-09-09T13:01:04.671Z,472,2026-09-09T13:02:11.403Z,2026-09-09T13:02:12.007Z,67808,2026-09-09T13:48:02.743Z,2026-09-09T13:48:02.620Z,2026-09-09T13:48:00.190Z,2026-09-09T13:49:05.573Z,2026-09-09T13:49:05.573Z,,NOT_EXPORTED,,tb-v17s-7c2305847c8d1bc512f1a1d2052,CANCELED
FIXED_210,366768f5-f0e1-4b8e-84d0-095c3a36e6c2,IOSTUSDT,2026-09-09T13:40:00.000Z,2026-09-09T13:41:05.346Z,,NOT_EXPORTED,2026-09-09T13:41:06.004Z,2026-09-09T13:41:06.490Z,486,2026-09-09T13:42:05.162Z,2026-09-09T13:42:05.746Z,59742,2026-09-09T13:42:04.479Z,2026-09-09T13:42:04.366Z,2026-09-09T13:42:04.115Z,2026-09-09T13:42:10.458Z,2026-09-09T13:42:10.458Z,,NOT_EXPORTED,8733877691,tb-v17s-68ccffed0d9c1e9c43bee3d97a3,FINISHED
FIXED_210,7e4193e6-9f2d-4f29-9fc4-b60416e13e49,EGLDUSDT,2026-09-09T23:20:00.000Z,2026-09-09T23:21:02.834Z,,NOT_EXPORTED,2026-09-09T23:21:04.528Z,2026-09-09T23:21:05.003Z,475,2026-09-09T23:22:03.243Z,2026-09-09T23:22:03.801Z,59273,2026-09-10T01:00:04.179Z,2026-09-10T01:00:04.062Z,2026-09-10T01:00:03.759Z,2026-09-10T01:00:05.949Z,2026-09-10T01:00:05.949Z,,NOT_EXPORTED,,tb-v17s-61a49a54f73fb09e960653389b7,CANCELED
FIXED_210,69b72bbc-a2ab-4e5d-8627-8d8f81dac4c2,EDGEUSDT,2026-09-09T23:55:00.000Z,2026-09-09T23:56:06.248Z,,NOT_EXPORTED,2026-09-09T23:56:08.384Z,2026-09-09T23:56:08.854Z,470,2026-09-09T23:57:04.913Z,2026-09-09T23:57:05.473Z,57089,2026-09-10T00:32:04.302Z,2026-09-10T00:32:04.189Z,2026-09-10T00:32:03.934Z,2026-09-10T00:32:11.044Z,2026-09-10T00:32:11.044Z,,NOT_EXPORTED,900418698,tb-v17s-fcd6300d088a9da8d57d47fa7a3,FINISHED
FIXED_210,f312c31c-2ffe-4574-8522-97ab7319199f,VTHOUSDT,2026-09-10T01:30:00.000Z,2026-09-10T01:30:07.022Z,,NOT_EXPORTED,2026-09-10T01:30:07.607Z,2026-09-10T01:30:08.068Z,461,2026-09-10T01:31:03.310Z,2026-09-10T01:31:03.879Z,56272,2026-09-10T01:31:02.706Z,2026-09-10T01:31:02.594Z,2026-09-10T01:31:02.096Z,2026-09-10T01:31:41.157Z,2026-09-10T01:31:41.157Z,,NOT_EXPORTED,678879571,tb-v17s-9eb15feebf088ed4ea3b3d8a8df,FINISHED
FIXED_210,0b406372-0eac-4051-a49b-9a9272da8959,ARXUSDT,2026-09-10T02:15:00.000Z,2026-09-10T02:15:08.717Z,,NOT_EXPORTED,2026-09-10T02:15:09.282Z,2026-09-10T02:15:09.744Z,462,2026-09-10T02:16:03.778Z,2026-09-10T02:16:04.358Z,55076,2026-09-10T02:51:02.567Z,2026-09-10T02:51:02.457Z,2026-09-10T02:51:00.636Z,2026-09-10T02:51:48.405Z,2026-09-10T02:51:48.405Z,,NOT_EXPORTED,134863981,tb-v17s-f9629b5097c88557b7690970386,FINISHED
FIXED_210,1ebc72a5-f2b1-47a7-a1b6-9b63fc399cdd,BTRUSDT,2026-09-10T02:25:00.000Z,2026-09-10T02:25:05.671Z,,NOT_EXPORTED,2026-09-10T02:25:06.254Z,2026-09-10T02:25:06.725Z,471,2026-09-10T02:26:05.533Z,2026-09-10T02:26:06.091Z,59837,2026-09-10T02:34:06.208Z,2026-09-10T02:34:06.094Z,2026-09-10T02:34:05.877Z,2026-09-10T02:34:06.677Z,2026-09-10T02:34:06.677Z,,NOT_EXPORTED,1451638060,tb-v17s-cda7c45d297ce761f02a1c6c4d2,FINISHED
FIXED_210,955a5ae8-7f52-49bc-a004-9e8cdb7456e4,BIRBUSDT,2026-09-10T02:35:00.000Z,2026-09-10T02:36:05.402Z,,NOT_EXPORTED,2026-09-10T02:36:06.199Z,2026-09-10T02:36:06.662Z,463,2026-09-10T02:37:04.777Z,2026-09-10T02:37:05.330Z,59131,2026-09-10T02:37:04.176Z,2026-09-10T02:37:04.063Z,2026-09-10T02:37:03.620Z,2026-09-10T02:37:19.970Z,2026-09-10T02:37:19.970Z,,NOT_EXPORTED,620919036,tb-v17s-8ecf4b3c06ff02f8a7147c41d54,FINISHED
FIXED_210,ff3348af-7710-4e29-80b4-04c487d17020,SAHARAUSDT,2026-09-10T02:40:00.000Z,2026-09-10T02:41:04.867Z,,NOT_EXPORTED,2026-09-10T02:41:05.679Z,2026-09-10T02:41:06.152Z,473,2026-09-10T02:42:04.757Z,2026-09-10T02:42:05.322Z,59643,2026-09-10T03:02:02.818Z,2026-09-10T03:02:02.705Z,2026-09-10T03:02:02.301Z,2026-09-10T03:02:21.230Z,2026-09-10T03:02:21.230Z,,NOT_EXPORTED,1679535626,tb-v17s-f89e5aa5a58510cc0050554d0a1,FINISHED
FIXED_210,5e8b4ab9-6f65-4429-a655-e7323587d2f2,BTRUSDT,2026-09-10T02:55:00.000Z,2026-09-10T02:56:04.771Z,,NOT_EXPORTED,2026-09-10T02:56:05.369Z,2026-09-10T02:56:05.834Z,465,2026-09-10T02:57:04.792Z,2026-09-10T02:57:05.348Z,59979,2026-09-10T03:07:09.625Z,2026-09-10T03:07:09.514Z,2026-09-10T03:07:08.487Z,2026-09-10T03:07:17.740Z,2026-09-10T03:07:17.740Z,,NOT_EXPORTED,1452179662,tb-v17s-d2b3eaf9a053356e9afc411ae82,FINISHED
FIXED_210,850743bc-9e53-41d4-816e-1dc0ff1d9dbe,VTHOUSDT,2026-09-10T03:45:00.000Z,2026-09-10T03:46:02.996Z,,NOT_EXPORTED,2026-09-10T03:46:03.623Z,2026-09-10T03:46:04.095Z,472,2026-09-10T03:47:03.693Z,2026-09-10T03:47:04.284Z,60661,2026-09-10T03:57:02.429Z,2026-09-10T03:57:02.318Z,2026-09-10T03:57:01.480Z,2026-09-10T03:57:04.231Z,2026-09-10T03:57:04.231Z,,NOT_EXPORTED,685729449,tb-v17s-c4463ed784b8dad8a13a22943cf,FINISHED
FIXED_210,34797278-e69d-424f-a076-d9b080a4b8fb,VETUSDT,2026-09-10T04:00:00.000Z,2026-09-10T04:01:03.842Z,,NOT_EXPORTED,2026-09-10T04:01:05.093Z,2026-09-10T04:01:05.549Z,456,2026-09-10T04:02:03.294Z,2026-09-10T04:02:03.869Z,58776,2026-09-10T04:23:02.523Z,2026-09-10T04:23:02.411Z,2026-09-10T04:23:01.457Z,2026-09-10T04:23:08.730Z,2026-09-10T04:23:08.730Z,,NOT_EXPORTED,22464852511,tb-v17s-a971ad2919727c4c0c15d986f10,FINISHED
FIXED_210,6585fb68-1c0e-4b53-a9eb-79ef61670fce,BTRUSDT,2026-09-10T04:05:00.000Z,2026-09-10T04:06:04.905Z,,NOT_EXPORTED,2026-09-10T04:06:05.499Z,2026-09-10T04:06:05.973Z,474,2026-09-10T04:07:04.685Z,2026-09-10T04:07:05.239Z,59740,2026-09-10T04:18:04.167Z,2026-09-10T04:18:04.056Z,2026-09-10T04:18:03.198Z,2026-09-10T04:19:01.504Z,2026-09-10T04:19:01.504Z,,NOT_EXPORTED,1453645306,tb-v17s-886c8e64ac7d16cc143479d679f,FINISHED
FIXED_210,a4fb6103-9da5-4267-9cda-8a1522838868,REZUSDT,2026-09-10T04:45:00.000Z,2026-09-10T04:46:02.997Z,,NOT_EXPORTED,2026-09-10T04:46:03.814Z,2026-09-10T04:46:04.292Z,478,2026-09-10T04:47:03.444Z,2026-09-10T04:47:04.011Z,60197,2026-09-10T04:54:02.508Z,2026-09-10T04:54:02.396Z,2026-09-10T04:54:02.198Z,2026-09-10T04:54:21.245Z,2026-09-10T04:54:21.245Z,,NOT_EXPORTED,2881515768,tb-v17s-58c9ad8b4736cdcce4184b88aef,FINISHED
FIXED_210,e4791d73-cc13-4121-a37d-449f75cefb8f,REZUSDT,2026-09-10T05:10:00.000Z,2026-09-10T05:10:05.158Z,,NOT_EXPORTED,2026-09-10T05:10:05.773Z,2026-09-10T05:10:06.240Z,467,2026-09-10T05:11:03.296Z,2026-09-10T05:11:03.880Z,58107,2026-09-10T05:21:02.823Z,2026-09-10T05:21:02.347Z,2026-09-10T05:21:02.111Z,2026-09-10T05:21:26.846Z,2026-09-10T05:21:26.846Z,,NOT_EXPORTED,2882331509,tb-v17s-d680e7f3b522a73740b292ae08d,FINISHED
FIXED_210,088974c6-5b4c-4927-ac70-786b415ca96e,BULLAUSDT,2026-09-10T05:10:00.000Z,2026-09-10T05:11:05.216Z,,NOT_EXPORTED,2026-09-10T05:11:06.318Z,2026-09-10T05:11:06.784Z,466,2026-09-10T05:12:04.758Z,2026-09-10T05:12:05.312Z,58994,2026-09-10T05:42:02.540Z,2026-09-10T05:42:02.428Z,2026-09-10T05:42:02.054Z,2026-09-10T05:42:47.068Z,2026-09-10T05:42:47.068Z,,NOT_EXPORTED,1715345526,tb-v17s-4845c0dcfe368fa2d32b12860bc,FINISHED
FIXED_210,6d21aa64-5209-4072-bf98-80a660c3f8f1,ARXUSDT,2026-09-10T05:35:00.000Z,2026-09-10T05:36:07.830Z,,NOT_EXPORTED,2026-09-10T05:36:08.431Z,2026-09-10T05:36:08.910Z,479,2026-09-10T05:37:04.815Z,2026-09-10T05:37:05.378Z,56947,2026-09-10T05:43:05.013Z,2026-09-10T05:43:04.900Z,2026-09-10T05:43:04.632Z,2026-09-10T05:43:29.602Z,2026-09-10T05:43:29.602Z,,NOT_EXPORTED,135451288,tb-v17s-adcd66d7c75208df83b705722a3,FINISHED
FIXED_210,ab302be7-1716-4701-b0a3-2a776d1dc76b,BULLAUSDT,2026-09-10T05:45:00.000Z,2026-09-10T05:46:02.831Z,,NOT_EXPORTED,2026-09-10T05:46:03.443Z,2026-09-10T05:46:03.911Z,468,2026-09-10T05:47:03.573Z,2026-09-10T05:47:04.152Z,60709,2026-09-10T05:55:02.851Z,2026-09-10T05:55:02.739Z,2026-09-10T05:55:02.580Z,2026-09-10T05:55:25.597Z,2026-09-10T05:55:25.597Z,,NOT_EXPORTED,1716028862,tb-v17s-297c5fbca24094fa0c5fb981aeb,FINISHED
FIXED_210,0949f943-faf1-4c49-bc9c-361c36dbe255,ARXUSDT,2026-09-10T06:00:00.000Z,2026-09-10T06:00:08.072Z,,NOT_EXPORTED,2026-09-10T06:00:08.653Z,2026-09-10T06:00:09.111Z,458,2026-09-10T06:01:03.029Z,2026-09-10T06:01:03.590Z,54937,2026-09-10T06:06:02.513Z,2026-09-10T06:06:02.400Z,2026-09-10T06:06:02.219Z,2026-09-10T06:06:11.771Z,2026-09-10T06:06:11.771Z,,NOT_EXPORTED,135693415,tb-v17s-02ac0e7f5104f8f1ccbee048e92,FINISHED
FIXED_210,9cba68d6-c8a2-427b-bafc-b4830dfb9652,EGLDUSDT,2026-09-10T06:15:00.000Z,2026-09-10T06:16:02.980Z,,NOT_EXPORTED,2026-09-10T06:16:03.621Z,2026-09-10T06:16:04.245Z,624,2026-09-10T06:17:03.869Z,2026-09-10T06:17:04.456Z,60835,2026-09-10T07:41:02.450Z,2026-09-10T07:41:02.340Z,2026-09-10T07:40:50.725Z,2026-09-10T11:05:22.315Z,2026-09-10T11:05:22.315Z,,NOT_EXPORTED,9684936368,tb-v17s-eb6c312725e1c258d3be1981694,FINISHED
FIXED_210,0f97792a-a669-41d6-87fd-bcc807f1ec81,ZESTUSDT,2026-09-10T07:00:00.000Z,2026-09-10T07:00:09.236Z,,NOT_EXPORTED,2026-09-10T07:00:10.240Z,2026-09-10T07:00:10.710Z,470,2026-09-10T07:01:05.399Z,2026-09-10T07:01:06.007Z,55767,2026-09-10T07:02:05.160Z,2026-09-10T07:02:05.048Z,2026-09-10T07:02:03.642Z,2026-09-10T07:02:20.248Z,2026-09-10T07:02:20.248Z,,NOT_EXPORTED,286904533,tb-v17s-da77dedbc4fea4543454f856cb4,FINISHED
FIXED_210,94d5753c-365d-4eac-a1e2-224770111ad1,ANIMEUSDT,2026-09-10T07:05:00.000Z,2026-09-10T07:05:08.168Z,,NOT_EXPORTED,2026-09-10T07:05:09.013Z,2026-09-10T07:05:09.483Z,470,2026-09-10T07:06:05.893Z,2026-09-10T07:06:06.471Z,57458,2026-09-10T07:19:05.321Z,2026-09-10T07:19:05.207Z,2026-09-10T07:19:04.934Z,2026-09-10T07:19:05.653Z,2026-09-10T07:19:05.653Z,,NOT_EXPORTED,2523800001,tb-v17s-49bb1da8b6f4807b469a317e350,FINISHED
FIXED_210,ecf3660c-74c4-499b-992c-85496abaf81b,CKBUSDT,2026-09-10T07:30:00.000Z,2026-09-10T07:31:08.017Z,,NOT_EXPORTED,2026-09-10T07:31:08.822Z,2026-09-10T07:31:09.307Z,485,2026-09-10T07:32:04.979Z,2026-09-10T07:32:05.571Z,56749,2026-09-10T07:40:04.632Z,2026-09-10T07:40:04.521Z,2026-09-10T07:40:03.819Z,2026-09-10T07:41:03.160Z,2026-09-10T07:41:03.160Z,,NOT_EXPORTED,4191734774,tb-v17s-1d17ecb122039f46f0959d0cdaa,FINISHED
FIXED_210,236a2b45-5174-4859-ab16-7f1126b2b60a,VTHOUSDT,2026-09-10T11:35:00.000Z,2026-09-10T11:36:03.228Z,,NOT_EXPORTED,2026-09-10T11:36:04.040Z,2026-09-10T11:36:04.522Z,482,2026-09-10T11:37:03.182Z,2026-09-10T11:37:03.917Z,59877,2026-09-10T11:44:04.262Z,2026-09-10T11:44:04.151Z,2026-09-10T11:44:03.508Z,2026-09-10T11:44:41.919Z,2026-09-10T11:44:41.919Z,,NOT_EXPORTED,706738572,tb-v17s-5c43d27b81142ef5ed7ef45143c,FINISHED
FIXED_210,f259a83b-0ebb-4a02-ba3e-25baf435d424,ORDERUSDT,2026-09-10T13:30:00.000Z,2026-09-10T13:31:02.966Z,,NOT_EXPORTED,2026-09-10T13:31:03.816Z,2026-09-10T13:31:04.280Z,464,2026-09-10T13:31:06.054Z,2026-09-10T13:31:06.650Z,2834,2026-09-10T14:03:02.668Z,2026-09-10T14:03:02.557Z,2026-09-10T14:03:01.863Z,2026-09-10T14:03:48.916Z,2026-09-10T14:03:48.916Z,,NOT_EXPORTED,604574766,tb-v17s-a161c6cb7e02281adcf1838587a,FINISHED
FIXED_210,92daa401-9ad3-4544-bb53-d7412b033e78,VETUSDT,2026-09-10T14:00:00.000Z,2026-09-10T14:01:08.075Z,,NOT_EXPORTED,2026-09-10T14:01:08.661Z,2026-09-10T14:01:09.136Z,475,2026-09-10T14:01:11.040Z,2026-09-10T14:01:11.630Z,2969,2026-09-10T14:15:03.340Z,2026-09-10T14:15:03.227Z,2026-09-10T14:15:02.736Z,2026-09-10T14:15:07.190Z,2026-09-10T14:15:07.190Z,,NOT_EXPORTED,22466564080,tb-v17s-21d54170aa98cc22aa4595f45d3,FINISHED
FIXED_210,a589a8b4-f047-413d-9a36-eb103772a3f8,METUSDT,2026-09-10T14:15:00.000Z,2026-09-10T14:16:06.445Z,,NOT_EXPORTED,2026-09-10T14:16:07.249Z,2026-09-10T14:16:07.708Z,459,2026-09-10T14:16:09.446Z,2026-09-10T14:16:10.018Z,2769,2026-09-10T15:10:05.360Z,2026-09-10T15:10:05.248Z,2026-09-10T15:10:04.995Z,2026-09-10T15:10:07.403Z,2026-09-10T15:10:07.403Z,,NOT_EXPORTED,,tb-v17s-6b6ea9197a27a977c21e236b9fd,CANCELED
FIXED_210,dafe22b7-278c-4ef0-9987-d35bc5ecf8da,ETHFIUSDT,2026-09-10T14:20:00.000Z,2026-09-10T14:21:05.756Z,,NOT_EXPORTED,2026-09-10T14:21:06.330Z,2026-09-10T14:21:06.805Z,475,2026-09-10T14:21:08.578Z,2026-09-10T14:21:09.184Z,2854,2026-09-10T14:41:04.160Z,2026-09-10T14:41:04.049Z,2026-09-10T14:41:03.880Z,2026-09-10T14:41:53.337Z,2026-09-10T14:41:53.337Z,,NOT_EXPORTED,7961983132,tb-v17s-e6eeb1fb3999e582667130704de,FINISHED
FIXED_210,f79233eb-3a7d-4aa8-bde9-88127658d573,VETUSDT,2026-09-10T14:45:00.000Z,2026-09-10T14:46:04.918Z,,NOT_EXPORTED,2026-09-10T14:46:05.541Z,2026-09-10T14:46:06.005Z,464,2026-09-10T14:46:07.728Z,2026-09-10T14:46:08.281Z,2740,2026-09-10T15:09:05.872Z,2026-09-10T15:09:05.761Z,2026-09-10T15:09:05.520Z,2026-09-10T15:09:38.948Z,2026-09-10T15:09:38.948Z,,NOT_EXPORTED,22467213678,tb-v17s-218cbd054388ca54ce94eb47b79,FINISHED
FIXED_210,d975988c-25de-434f-8384-2d55a6be8c33,牛来USDT,2026-09-10T15:15:00.000Z,2026-09-10T15:16:03.320Z,,NOT_EXPORTED,2026-09-10T15:16:04.116Z,2026-09-10T15:16:04.590Z,474,2026-09-10T15:16:06.422Z,2026-09-10T15:16:07.045Z,2929,2026-09-10T15:17:02.657Z,2026-09-10T15:17:02.544Z,2026-09-10T15:17:02.226Z,2026-09-10T15:17:41.716Z,2026-09-10T15:17:41.716Z,,NOT_EXPORTED,202596861,tb-v17s-3f401b821f278178db509fb5d14,FINISHED
FIXED_210,dd2c7aac-ac3f-43aa-9008-54ad94867521,SAGAUSDT,2026-09-10T15:45:00.000Z,2026-09-10T15:46:02.826Z,,NOT_EXPORTED,2026-09-10T15:46:03.649Z,2026-09-10T15:46:04.121Z,472,2026-09-10T15:46:06.110Z,2026-09-10T15:46:06.729Z,3080,2026-09-10T16:08:03.158Z,2026-09-10T16:08:03.043Z,2026-09-10T16:08:02.924Z,2026-09-10T16:08:26.712Z,2026-09-10T16:08:26.712Z,,NOT_EXPORTED,4879697982,tb-v17s-abfd261ceac046260b9a13d01e3,FINISHED
FIXED_210,9d21a501-0b4a-4230-826b-6ca2d37d66e8,TACUSDT,2026-09-10T15:55:00.000Z,2026-09-10T15:56:05.739Z,,NOT_EXPORTED,2026-09-10T15:56:06.629Z,2026-09-10T15:56:07.101Z,472,2026-09-10T15:56:09.386Z,2026-09-10T15:56:10.021Z,3392,2026-09-10T16:16:02.793Z,2026-09-10T16:16:02.681Z,2026-09-10T16:16:02.500Z,2026-09-10T16:16:02.599Z,2026-09-10T16:16:02.599Z,,NOT_EXPORTED,1179849258,tb-v17s-6b0c3ceca23c3fe3f3cb316ec87,FINISHED
FIXED_210,794da229-cdce-4d41-800d-578f92d03f56,SAGAUSDT,2026-09-10T16:10:00.000Z,2026-09-10T16:10:07.957Z,,NOT_EXPORTED,2026-09-10T16:10:08.551Z,2026-09-10T16:10:09.013Z,462,2026-09-10T16:10:10.742Z,2026-09-10T16:10:11.315Z,2764,2026-09-10T16:16:04.384Z,2026-09-10T16:16:04.273Z,2026-09-10T16:16:03.750Z,2026-09-10T18:20:13.061Z,2026-09-10T18:20:13.061Z,,NOT_EXPORTED,4882990988,tb-v17s-f0bec6ba65baf874cfbd3dbd14d,FINISHED
FIXED_210,0cc0436c-3fab-4cb7-abbb-8747f479a714,MARSCOINUSDT,2026-09-11T00:25:00.000Z,2026-09-11T00:26:06.238Z,,NOT_EXPORTED,2026-09-11T00:26:07.300Z,2026-09-11T00:26:08.570Z,1270,2026-09-11T00:26:11.114Z,2026-09-11T00:26:12.430Z,5130,2026-09-11T00:33:03.379Z,2026-09-11T00:33:03.220Z,2026-09-11T00:33:03.085Z,2026-09-11T00:33:24.005Z,2026-09-11T00:33:24.005Z,,NOT_EXPORTED,416938507,tb-v17s-90ceaefc8ed3d7784701528a087,FINISHED
FIXED_210,8fdeb12f-77de-4929-affb-baf0e228557f,RAYSOLUSDT,2026-09-11T00:45:00.000Z,2026-09-11T00:46:06.750Z,,NOT_EXPORTED,2026-09-11T00:46:08.032Z,2026-09-11T00:46:09.287Z,1255,2026-09-11T00:46:11.824Z,2026-09-11T00:46:13.327Z,5295,2026-09-11T01:00:04.197Z,2026-09-11T01:00:04.040Z,2026-09-11T01:00:03.832Z,2026-09-11T01:00:06.616Z,2026-09-11T01:00:06.616Z,,NOT_EXPORTED,2393927961,tb-v17s-58b95d3148e56e7a2e6be3657fe,FINISHED
FIXED_210,1c354c6f-8754-47a9-8b3d-bf73bdc0310f,LSKUSDT,2026-09-11T02:00:00.000Z,2026-09-11T02:01:06.087Z,,NOT_EXPORTED,2026-09-11T02:01:07.385Z,2026-09-11T02:01:08.675Z,1290,2026-09-11T02:01:10.841Z,2026-09-11T02:01:12.375Z,4990,2026-09-11T02:22:03.884Z,2026-09-11T02:22:03.725Z,2026-09-11T02:22:03.542Z,2026-09-11T02:22:13.033Z,2026-09-11T02:22:13.033Z,,NOT_EXPORTED,2092308396,tb-v17s-d444fc41a85e8b8554b534c874f,FINISHED
FIXED_210,2cdfbd55-98fc-46fc-a17f-cf191c675b90,XANUSDT,2026-09-11T02:30:00.000Z,2026-09-11T02:31:10.709Z,,NOT_EXPORTED,2026-09-11T02:31:11.570Z,2026-09-11T02:31:12.921Z,1351,2026-09-11T02:31:15.245Z,2026-09-11T02:31:16.625Z,5055,2026-09-11T02:41:03.351Z,2026-09-11T02:41:03.190Z,2026-09-11T02:41:02.682Z,2026-09-11T02:42:05.997Z,2026-09-11T02:42:05.997Z,,NOT_EXPORTED,,tb-v17s-83b0cfd588e65f98edf5c545e74,CANCELED
FIXED_210,316b4c9f-d865-46f3-baf9-da0e3a1ff830,牛来USDT,2026-09-11T03:30:00.000Z,2026-09-11T03:31:06.372Z,,NOT_EXPORTED,2026-09-11T03:31:07.247Z,2026-09-11T03:31:08.565Z,1318,2026-09-11T03:31:11.077Z,2026-09-11T03:31:12.606Z,5359,2026-09-11T03:35:03.791Z,2026-09-11T03:35:03.633Z,2026-09-11T03:35:03.497Z,2026-09-11T03:36:02.116Z,2026-09-11T03:36:02.116Z,,NOT_EXPORTED,225134888,tb-v17s-cad35be0ccde72981524c0eb5f6,FINISHED
FIXED_210,6ac61076-f772-495c-9b1f-303d92a1247b,RAYSOLUSDT,2026-09-11T03:45:00.000Z,2026-09-11T03:46:08.485Z,,NOT_EXPORTED,2026-09-11T03:46:09.551Z,2026-09-11T03:46:10.968Z,1417,2026-09-11T03:46:13.277Z,2026-09-11T03:46:14.673Z,5122,2026-09-11T03:54:05.224Z,2026-09-11T03:54:05.054Z,2026-09-11T03:54:04.785Z,2026-09-11T03:54:32.196Z,2026-09-11T03:54:32.196Z,,NOT_EXPORTED,2399700952,tb-v17s-1725337385b67c2f7ee3596a33d,FINISHED
FIXED_210,65ebb3e1-ea3f-495b-aa8e-9d0741afbdd8,SOLVUSDT,2026-09-11T04:05:00.000Z,2026-09-11T04:05:07.529Z,,NOT_EXPORTED,2026-09-11T04:05:08.386Z,2026-09-11T04:05:09.646Z,1260,2026-09-11T04:05:11.755Z,2026-09-11T04:05:13.061Z,4675,2026-09-11T04:11:03.831Z,2026-09-11T04:11:03.659Z,2026-09-11T04:11:01.862Z,2026-09-11T04:11:23.940Z,2026-09-11T04:11:23.940Z,,NOT_EXPORTED,1503521159,tb-v17s-964cc0dc5d9e7c3e7fb34292f3f,FINISHED
FIXED_210,be6d319a-496a-49ee-80d1-19e2b53fbff4,MARSCOINUSDT,2026-09-11T04:05:00.000Z,2026-09-11T04:06:09.902Z,,NOT_EXPORTED,2026-09-11T04:06:10.517Z,2026-09-11T04:06:11.798Z,1281,2026-09-11T04:06:14.001Z,2026-09-11T04:06:15.353Z,4836,2026-09-11T04:21:03.552Z,2026-09-11T04:21:03.389Z,2026-09-11T04:21:03.080Z,2026-09-11T04:21:19.189Z,2026-09-11T04:21:19.189Z,,NOT_EXPORTED,422721376,tb-v17s-2ccf73c3615e6c27ce0e39fcaa9,FINISHED
FIXED_210,41d030ce-62e4-4b33-8acf-e9af3dbd734b,RAYSOLUSDT,2026-09-11T04:25:00.000Z,2026-09-11T04:25:08.534Z,,NOT_EXPORTED,2026-09-11T04:25:09.153Z,2026-09-11T04:25:10.413Z,1260,2026-09-11T04:25:12.593Z,2026-09-11T04:25:13.907Z,4754,2026-09-11T04:34:05.895Z,2026-09-11T04:34:05.738Z,2026-09-11T04:34:05.408Z,2026-09-11T04:34:29.534Z,2026-09-11T04:34:29.534Z,,NOT_EXPORTED,2401301496,tb-v17s-22943a6a0b70073a0935ee2e5a6,FINISHED
FIXED_210,aed1aea7-a227-4c20-9a57-9a24ef4b3ea3,EIGENUSDT,2026-09-11T04:30:00.000Z,2026-09-11T04:30:14.794Z,,NOT_EXPORTED,2026-09-11T04:30:16.102Z,2026-09-11T04:30:17.437Z,1335,2026-09-11T04:30:19.615Z,2026-09-11T04:30:20.976Z,4874,2026-09-11T05:13:03.484Z,2026-09-11T05:13:03.324Z,2026-09-11T05:13:02.729Z,2026-09-11T05:13:16.014Z,2026-09-11T05:13:16.014Z,,NOT_EXPORTED,5633405276,tb-v17s-87bd47bcd8d3d22b0d0a5ab1ea5,FINISHED
FIXED_210,70dc339b-8a57-49b9-af6e-e52017e62dcf,BLURUSDT,2026-09-11T04:45:00.000Z,2026-09-11T04:46:09.030Z,,NOT_EXPORTED,2026-09-11T04:46:09.898Z,2026-09-11T04:46:11.211Z,1313,2026-09-11T04:46:13.448Z,2026-09-11T04:46:15.005Z,5107,2026-09-11T05:01:04.344Z,2026-09-11T05:01:04.173Z,2026-09-11T05:01:03.639Z,2026-09-11T05:01:07.529Z,2026-09-11T05:01:07.529Z,,NOT_EXPORTED,6330039276,tb-v17s-2832e6f1acc49b8ea27f3f18755,FINISHED
FIXED_210,7027d83d-0510-42a8-8a2b-8eae1254d9b1,LSKUSDT,2026-09-11T06:05:00.000Z,2026-09-11T06:06:06.143Z,,NOT_EXPORTED,2026-09-11T06:06:06.802Z,2026-09-11T06:06:08.176Z,1374,2026-09-11T06:06:11.086Z,2026-09-11T06:06:12.436Z,5634,2026-09-11T06:24:05.485Z,2026-09-11T06:24:05.286Z,2026-09-11T06:24:04.557Z,2026-09-11T06:24:51.153Z,2026-09-11T06:24:51.153Z,,NOT_EXPORTED,2095151624,tb-v17s-567f37c25780ced51ab7a91b3ba,FINISHED
FIXED_210,b7099770-3a3b-461b-a411-ed4b4de0eb17,RAYSOLUSDT,2026-09-11T06:30:00.000Z,2026-09-11T06:31:06.144Z,,NOT_EXPORTED,2026-09-11T06:31:06.782Z,2026-09-11T06:31:08.135Z,1353,2026-09-11T06:31:10.367Z,2026-09-11T06:31:11.698Z,4916,2026-09-11T06:40:03.691Z,2026-09-11T06:40:03.525Z,2026-09-11T06:40:03.392Z,2026-09-11T06:40:45.431Z,2026-09-11T06:40:45.431Z,,NOT_EXPORTED,2407159721,tb-v17s-89a14b7887c0211324359c2562e,FINISHED
FIXED_210,592176ab-90cf-42ad-879c-427c1d6eb51c,KOMAUSDT,2026-09-11T07:00:00.000Z,2026-09-11T07:00:07.242Z,,NOT_EXPORTED,2026-09-11T07:00:08.669Z,2026-09-11T07:00:09.979Z,1310,2026-09-11T07:00:12.245Z,2026-09-11T07:00:13.568Z,4899,2026-09-11T07:13:03.373Z,2026-09-11T07:13:03.216Z,2026-09-11T07:13:03.027Z,2026-09-11T07:13:07.425Z,2026-09-11T07:13:07.425Z,,NOT_EXPORTED,1433687676,tb-v17s-93270efecdf645216dc16561ed6,FINISHED
FIXED_210,39a8d1ab-9dda-4cb1-93df-501b81639c74,METUSDT,2026-09-11T07:20:00.000Z,2026-09-11T07:21:06.285Z,,NOT_EXPORTED,2026-09-11T07:21:07.148Z,2026-09-11T07:21:08.538Z,1390,2026-09-11T07:21:10.806Z,2026-09-11T07:21:12.140Z,4992,2026-09-11T07:33:03.868Z,2026-09-11T07:33:03.696Z,2026-09-11T07:33:03.279Z,2026-09-11T07:33:37.157Z,2026-09-11T07:33:37.157Z,,NOT_EXPORTED,637901521,tb-v17s-baae4bc53d8ef94eaced8f8d112,FINISHED
FIXED_210,b9321957-8cd3-40e0-af5f-434a3405f819,METUSDT,2026-09-11T08:30:00.000Z,2026-09-11T08:30:09.070Z,,NOT_EXPORTED,2026-09-11T08:30:10.176Z,2026-09-11T08:30:11.476Z,1300,2026-09-11T08:30:14.516Z,2026-09-11T08:30:15.824Z,5648,2026-09-11T08:40:03.518Z,2026-09-11T08:40:03.359Z,2026-09-11T08:40:02.480Z,2026-09-11T08:41:06.047Z,2026-09-11T08:41:06.047Z,,NOT_EXPORTED,,tb-v17s-e97a9b4b6eb3ed2339df2556674,CANCELED
FIXED_210,b60ccd33-9232-4c4e-8ba4-663dada6282e,哈基米USDT,2026-09-11T09:00:00.000Z,2026-09-11T09:01:06.109Z,,NOT_EXPORTED,2026-09-11T09:01:07.187Z,2026-09-11T09:01:08.542Z,1355,2026-09-11T09:01:10.729Z,2026-09-11T09:01:12.044Z,4857,2026-09-11T09:04:05.349Z,2026-09-11T09:04:05.182Z,2026-09-11T09:04:05.020Z,2026-09-11T09:04:10.543Z,2026-09-11T09:04:10.543Z,,NOT_EXPORTED,38187855,tb-v17s-158110a0fba89575b1b52670472,FINISHED
FIXED_210,252d1779-6b11-4aab-b852-3e438dc9caea,DOGSUSDT,2026-09-11T09:30:00.000Z,2026-09-11T09:30:15.352Z,,NOT_EXPORTED,2026-09-11T09:30:16.285Z,2026-09-11T09:30:17.978Z,1693,2026-09-11T09:30:20.357Z,2026-09-11T09:30:21.719Z,5434,2026-09-11T09:49:04.725Z,2026-09-11T09:49:04.568Z,2026-09-11T09:49:03.403Z,2026-09-11T09:49:19.382Z,2026-09-11T09:49:19.382Z,,NOT_EXPORTED,4231656057,tb-v17s-633209c703442f1dc4f068bcbf6,FINISHED
FIXED_210,c525b7e2-8c77-43e0-bbee-5ff050f2eda8,牛来USDT,2026-09-11T09:35:00.000Z,2026-09-11T09:35:12.120Z,,NOT_EXPORTED,2026-09-11T09:35:12.787Z,2026-09-11T09:35:14.227Z,1440,2026-09-11T09:35:17.049Z,2026-09-11T09:35:18.450Z,5663,2026-09-11T09:41:03.451Z,2026-09-11T09:41:03.302Z,2026-09-11T09:41:03.084Z,2026-09-11T09:42:16.087Z,2026-09-11T09:42:16.087Z,,NOT_EXPORTED,,tb-v17s-b17483bcdd454e570bc1b03ccbe,REJECTED
FIXED_210,66b793c6-142a-4a3c-9893-fb2f355dfea0,MARSCOINUSDT,2026-09-11T09:55:00.000Z,2026-09-11T09:56:06.957Z,,NOT_EXPORTED,2026-09-11T09:56:07.631Z,2026-09-11T09:56:09.111Z,1480,2026-09-11T09:56:12.068Z,2026-09-11T09:56:13.406Z,5775,2026-09-11T10:02:03.746Z,2026-09-11T10:02:03.552Z,2026-09-11T10:02:03.138Z,2026-09-11T10:02:11.740Z,2026-09-11T10:02:11.740Z,,NOT_EXPORTED,431047161,tb-v17s-7f36a92b91670036beaa065a529,FINISHED
FIXED_210,4a8cf0ba-d1be-4fd3-aad7-5d94f4f2e61c,LABUSDT,2026-09-11T10:10:00.000Z,2026-09-11T10:10:06.835Z,,NOT_EXPORTED,2026-09-11T10:10:07.668Z,2026-09-11T10:10:09.007Z,1339,2026-09-11T10:10:11.161Z,2026-09-11T10:10:12.449Z,4781,2026-09-11T10:18:03.490Z,2026-09-11T10:18:03.330Z,2026-09-11T10:18:03.132Z,2026-09-11T10:18:58.324Z,2026-09-11T10:18:58.324Z,,NOT_EXPORTED,5849189457,tb-v17s-a52cd741fd64350e266db7918c6,FINISHED
FIXED_210,38141839-ee9a-45d3-a60e-996ab2d97905,THETAUSDT,2026-09-11T10:45:00.000Z,2026-09-11T10:45:11.773Z,,NOT_EXPORTED,2026-09-11T10:45:13.458Z,2026-09-11T10:45:15.160Z,1702,2026-09-11T10:45:17.551Z,2026-09-11T10:45:18.828Z,5370,2026-09-11T10:58:04.029Z,2026-09-11T10:58:03.864Z,2026-09-11T10:58:03.312Z,2026-09-11T10:58:15.183Z,2026-09-11T10:58:15.183Z,,NOT_EXPORTED,16619143699,tb-v17s-4c36cca6ef88dc7a05894f44da4,FINISHED
FIXED_210,6d0f2ea7-5150-4d86-9d87-b45a856f3f24,LABUSDT,2026-09-11T10:55:00.000Z,2026-09-11T10:56:12.812Z,,NOT_EXPORTED,2026-09-11T10:56:13.845Z,2026-09-11T10:56:15.104Z,1259,2026-09-11T10:56:17.263Z,2026-09-11T10:56:18.546Z,4701,2026-09-11T11:07:03.810Z,2026-09-11T11:07:03.645Z,2026-09-11T11:07:03.505Z,2026-09-11T11:07:27.142Z,2026-09-11T11:07:27.142Z,,NOT_EXPORTED,5850938206,tb-v17s-b26cf7b2f0014855cc52d544e62,FINISHED
FIXED_210,0763c96e-d4b3-460c-a710-938f3f27fb30,METUSDT,2026-09-11T11:05:00.000Z,2026-09-11T11:06:10.343Z,,NOT_EXPORTED,2026-09-11T11:06:11.024Z,2026-09-11T11:06:12.418Z,1394,2026-09-11T11:06:14.801Z,2026-09-11T11:06:16.207Z,5183,2026-09-11T11:08:03.747Z,2026-09-11T11:08:03.586Z,2026-09-11T11:08:03.408Z,2026-09-11T11:08:05.470Z,2026-09-11T11:08:05.470Z,,NOT_EXPORTED,639383914,tb-v17s-0615c89d26d0e53b3c94dcd480d,FINISHED
FIXED_210,be73341a-2466-4dbf-b5a9-3bdf4245cb85,METUSDT,2026-09-11T11:50:00.000Z,2026-09-11T11:50:16.001Z,,NOT_EXPORTED,2026-09-11T11:50:16.656Z,2026-09-11T11:50:17.926Z,1270,2026-09-11T11:50:20.138Z,2026-09-11T11:50:21.461Z,4805,2026-09-11T11:55:04.457Z,2026-09-11T11:55:04.292Z,2026-09-11T11:55:03.814Z,2026-09-11T11:55:14.727Z,2026-09-11T11:55:14.727Z,,NOT_EXPORTED,640735445,tb-v17s-2ec87e49c1746fbc8dc42526bc5,FINISHED
FIXED_210,063db975-2e7a-4a5b-a401-cfaee42c4b70,RAYSOLUSDT,2026-09-11T13:05:00.000Z,2026-09-11T13:06:06.598Z,,NOT_EXPORTED,2026-09-11T13:06:07.360Z,2026-09-11T13:06:08.902Z,1542,2026-09-11T13:06:11.345Z,2026-09-11T13:06:12.804Z,5444,2026-09-11T13:20:04.049Z,2026-09-11T13:20:03.888Z,2026-09-11T13:20:03.636Z,2026-09-11T13:20:17.509Z,2026-09-11T13:20:17.509Z,,NOT_EXPORTED,2418170783,tb-v17s-d91792243543c8d6f9c21352eb5,FINISHED
FIXED_210,2d9ae16b-0296-48e4-bae5-b80e1b33d076,MARSCOINUSDT,2026-09-11T13:15:00.000Z,2026-09-11T13:15:11.222Z,,NOT_EXPORTED,2026-09-11T13:15:11.862Z,2026-09-11T13:15:13.179Z,1317,2026-09-11T13:15:15.847Z,2026-09-11T13:15:17.160Z,5298,2026-09-11T13:39:03.932Z,2026-09-11T13:39:03.766Z,2026-09-11T13:39:02.704Z,2026-09-11T13:39:04.389Z,2026-09-11T13:39:04.389Z,,NOT_EXPORTED,437039648,tb-v17s-1199017516b51f582d447e37a67,FINISHED
FIXED_210,30f14c92-2cdd-46a4-87e6-9a82cd2f8ac2,我踏马来了USDT,2026-09-11T13:30:00.000Z,2026-09-11T13:30:11.200Z,,NOT_EXPORTED,,2026-09-11T13:31:09.736Z,,2026-09-11T13:31:12.442Z,2026-09-11T13:31:14.514Z,,2026-09-11T13:50:03.687Z,2026-09-11T13:50:03.524Z,2026-09-11T13:50:02.663Z,2026-09-11T13:50:07.062Z,2026-09-11T13:50:07.062Z,,NOT_EXPORTED,715924259,tb-v17s-9d2cd1c0b3375c537d1cfcd0032,FINISHED
FIXED_210,94a97cc9-3711-4ab5-9d5f-e4d4f7336eb9,RIVERUSDT,2026-09-11T15:20:00.000Z,2026-09-11T15:20:41.579Z,,NOT_EXPORTED,2026-09-11T15:20:42.411Z,2026-09-11T15:20:43.721Z,1310,2026-09-11T15:20:45.882Z,2026-09-11T15:20:47.293Z,4882,2026-09-11T15:44:03.617Z,2026-09-11T15:44:03.458Z,2026-09-11T15:44:02.705Z,2026-09-11T15:44:07.542Z,2026-09-11T15:44:07.542Z,,NOT_EXPORTED,,tb-v17s-3e29a146c541dd06f7afdcaf65b,CANCELED
FIXED_210,2740a0e8-d7aa-4a50-8ace-11392075712c,RIVERUSDT,2026-09-11T15:50:00.000Z,2026-09-11T15:50:07.865Z,,NOT_EXPORTED,2026-09-11T15:50:08.907Z,2026-09-11T15:50:10.196Z,1289,2026-09-11T15:50:12.356Z,2026-09-11T15:50:13.669Z,4762,2026-09-11T15:59:04.068Z,2026-09-11T15:59:03.895Z,2026-09-11T15:59:02.160Z,2026-09-11T15:59:06.612Z,2026-09-11T15:59:06.612Z,,NOT_EXPORTED,6095664081,tb-v17s-96f75c72b07a9917b45344cfdf2,FINISHED
FIXED_210,2224dc28-f900-44b2-96c6-ef61c1844811,龙虾USDT,2026-09-11T16:05:00.000Z,2026-09-11T16:06:06.133Z,,NOT_EXPORTED,2026-09-11T16:06:06.988Z,2026-09-11T16:06:08.267Z,1279,2026-09-11T16:06:10.425Z,2026-09-11T16:06:11.736Z,4748,2026-09-11T16:12:04.786Z,2026-09-11T16:12:04.617Z,2026-09-11T16:12:04.087Z,2026-09-11T16:12:33.606Z,2026-09-11T16:12:33.606Z,,NOT_EXPORTED,820136906,tb-v17s-c9171c41765a672887c9eb6e549,FINISHED
FIXED_210,effa0646-33bb-4a5a-bd99-2544ffc67f91,龙虾USDT,2026-09-11T16:35:00.000Z,2026-09-11T16:36:06.371Z,,NOT_EXPORTED,2026-09-11T16:36:07.422Z,2026-09-11T16:36:08.709Z,1287,2026-09-11T16:36:11.284Z,2026-09-11T16:36:12.549Z,5127,2026-09-11T16:44:05.838Z,2026-09-11T16:44:05.677Z,2026-09-11T16:44:03.982Z,2026-09-11T16:44:10.189Z,2026-09-11T16:44:10.189Z,,NOT_EXPORTED,,tb-v17s-5fbb674717858b2fa73ab30e160,CANCELED
FIXED_210,543cc33d-8ce8-4873-aa67-ccaa9300eb70,VELVETUSDT,2026-09-11T16:45:00.000Z,2026-09-11T16:45:07.832Z,,NOT_EXPORTED,2026-09-11T16:45:08.673Z,2026-09-11T16:45:10.206Z,1533,2026-09-11T16:45:13.863Z,2026-09-11T16:45:15.154Z,6481,2026-09-11T16:46:03.574Z,2026-09-11T16:46:03.409Z,2026-09-11T16:46:02.556Z,2026-09-11T16:46:31.732Z,2026-09-11T16:46:31.732Z,,NOT_EXPORTED,2622119847,tb-v17s-7550114602dd0190388800fc708,FINISHED
FIXED_210,c3e36595-e841-41be-8ee7-6c89e554dc44,LABUSDT,2026-09-11T16:50:00.000Z,2026-09-11T16:50:08.272Z,,NOT_EXPORTED,2026-09-11T16:50:09.148Z,2026-09-11T16:50:10.432Z,1284,2026-09-11T16:50:12.621Z,2026-09-11T16:50:13.881Z,4733,2026-09-11T17:08:04.694Z,2026-09-11T17:08:04.538Z,2026-09-11T17:08:04.368Z,2026-09-11T17:08:08.678Z,2026-09-11T17:08:08.678Z,,NOT_EXPORTED,,tb-v17s-96e79a47b33768f4a3a077d3050,CANCELED
FIXED_210,afadbc29-7c7a-4065-a81c-689434409c35,龙虾USDT,2026-09-11T17:25:00.000Z,2026-09-11T17:25:07.778Z,,NOT_EXPORTED,2026-09-11T17:25:08.424Z,2026-09-11T17:25:09.711Z,1287,2026-09-11T17:25:11.820Z,2026-09-11T17:25:13.108Z,4684,2026-09-11T17:45:03.955Z,2026-09-11T17:45:03.799Z,2026-09-11T17:45:03.628Z,2026-09-11T17:45:08.279Z,2026-09-11T17:45:08.279Z,,NOT_EXPORTED,,tb-v17s-b6333ecc1be6436dad1ada5e3c5,CANCELED
FIXED_210,4630b19b-fda4-47ba-a358-765429be663a,BEATUSDT,2026-09-11T18:00:00.000Z,2026-09-11T18:01:07.432Z,,NOT_EXPORTED,2026-09-11T18:01:08.341Z,2026-09-11T18:01:09.867Z,1526,2026-09-11T18:01:12.892Z,2026-09-11T18:01:14.209Z,5868,2026-09-11T18:25:03.818Z,2026-09-11T18:25:03.661Z,2026-09-11T18:25:03.390Z,2026-09-11T18:25:04.604Z,2026-09-11T18:25:04.604Z,,NOT_EXPORTED,5494778494,tb-v17s-d636983101d96fe8e4570746768,FINISHED
FIXED_210,f13f3d6d-a6d7-4aa1-a4a4-583a70e02c9d,LABUSDT,2026-09-11T18:10:00.000Z,2026-09-11T18:10:12.036Z,,NOT_EXPORTED,2026-09-11T18:10:12.643Z,2026-09-11T18:10:13.924Z,1281,2026-09-11T18:10:16.072Z,2026-09-11T18:10:17.332Z,4689,2026-09-11T18:16:03.851Z,2026-09-11T18:16:03.695Z,2026-09-11T18:16:02.849Z,2026-09-11T18:16:18.270Z,2026-09-11T18:16:18.270Z,,NOT_EXPORTED,5862440193,tb-v17s-2632641deb5f29d588ecf005ecc,FINISHED
FIXED_210,2b0c5558-4945-4afc-a01e-baf1f66a19e3,LABUSDT,2026-09-11T18:50:00.000Z,2026-09-11T18:51:06.439Z,,NOT_EXPORTED,2026-09-11T18:51:07.273Z,2026-09-11T18:51:08.670Z,1397,2026-09-11T18:51:10.771Z,2026-09-11T18:51:12.060Z,4787,2026-09-11T18:57:04.383Z,2026-09-11T18:57:04.227Z,2026-09-11T18:57:03.966Z,2026-09-11T18:57:03.742Z,2026-09-11T18:57:03.742Z,,NOT_EXPORTED,5864667078,tb-v17s-0a52e71d9cdf4fab61826abb9be,FINISHED
FIXED_210,6b5597fb-cbbe-41c6-9c57-254b1c34862b,RIVERUSDT,2026-09-11T19:45:00.000Z,2026-09-11T19:45:06.829Z,,NOT_EXPORTED,2026-09-11T19:45:08.212Z,2026-09-11T19:45:09.533Z,1321,2026-09-11T19:45:11.824Z,2026-09-11T19:45:13.138Z,4926,2026-09-11T19:54:06.026Z,2026-09-11T19:54:05.866Z,2026-09-11T19:54:05.729Z,2026-09-11T19:54:09.912Z,2026-09-11T19:54:09.912Z,,NOT_EXPORTED,,tb-v17s-c0e0f615ff69e85685223ba779f,CANCELED
FIXED_210,f8d47c53-cf13-446c-bad1-416f7b9f8fe4,ETHFIUSDT,2026-09-11T20:15:00.000Z,2026-09-11T20:15:08.034Z,,NOT_EXPORTED,2026-09-11T20:15:09.316Z,2026-09-11T20:15:10.602Z,1286,2026-09-11T20:15:12.963Z,2026-09-11T20:15:14.219Z,4903,2026-09-11T20:19:04.202Z,2026-09-11T20:19:04.047Z,2026-09-11T20:19:03.824Z,2026-09-11T20:19:08.476Z,2026-09-11T20:19:08.476Z,,NOT_EXPORTED,,tb-v17s-da3f62add2576d7d175bea190b0,CANCELED
FIXED_210,fc03d7a5-ab80-4951-9695-64c65ffb416a,LSKUSDT,2026-09-11T20:15:00.000Z,2026-09-11T20:16:09.579Z,,NOT_EXPORTED,2026-09-11T20:16:10.847Z,2026-09-11T20:16:12.106Z,1259,2026-09-11T20:16:14.619Z,2026-09-11T20:16:15.872Z,5025,2026-09-11T20:23:04.167Z,2026-09-11T20:23:04.012Z,2026-09-11T20:23:03.404Z,2026-09-11T20:23:29.493Z,2026-09-11T20:23:29.493Z,,NOT_EXPORTED,2108940227,tb-v17s-694ec180ccf9f01e9a093a241d3,FINISHED
FIXED_210,01b99bd8-097b-43d3-bc36-2345ff3aa522,LSKUSDT,2026-09-11T21:00:00.000Z,2026-09-11T21:01:06.249Z,,NOT_EXPORTED,2026-09-11T21:01:06.985Z,2026-09-11T21:01:08.294Z,1309,2026-09-11T21:01:10.470Z,2026-09-11T21:01:11.765Z,4780,2026-09-11T21:18:04.035Z,2026-09-11T21:18:03.878Z,2026-09-11T21:18:03.382Z,2026-09-11T21:18:08.012Z,2026-09-11T21:18:08.012Z,,NOT_EXPORTED,,tb-v17s-78d5342e870c3a1fc4847662d90,CANCELED
FIXED_210,d84f71d7-79dd-428e-a0f8-963db9e70fa6,LSKUSDT,2026-09-11T21:30:00.000Z,2026-09-11T21:31:06.318Z,,NOT_EXPORTED,2026-09-11T21:31:06.916Z,2026-09-11T21:31:08.190Z,1274,2026-09-11T21:31:10.752Z,2026-09-11T21:31:12.018Z,5102,2026-09-11T21:38:03.824Z,2026-09-11T21:38:03.663Z,2026-09-11T21:38:03.293Z,2026-09-11T21:38:07.741Z,2026-09-11T21:38:07.741Z,,NOT_EXPORTED,,tb-v17s-d6f216d710d2a087f642f31150b,CANCELED
FIXED_210,7bd7e498-0b06-4465-8c83-904ee4757333,LSKUSDT,2026-09-11T22:15:00.000Z,2026-09-11T22:16:06.199Z,,NOT_EXPORTED,2026-09-11T22:16:06.814Z,2026-09-11T22:16:08.088Z,1274,2026-09-11T22:16:11.113Z,2026-09-11T22:16:12.390Z,5576,2026-09-11T22:26:03.427Z,2026-09-11T22:26:03.271Z,2026-09-11T22:26:02.933Z,2026-09-11T22:27:07.364Z,2026-09-11T22:27:07.364Z,,NOT_EXPORTED,,tb-v17s-4321dc0ad0957254741e9c02f51,CANCELED
FIXED_210,44c7e761-4c06-4eda-9ce7-71e55bb3168f,LABUSDT,2026-09-11T22:20:00.000Z,2026-09-11T22:20:13.587Z,,NOT_EXPORTED,2026-09-11T22:20:14.219Z,2026-09-11T22:20:15.516Z,1297,2026-09-11T22:20:17.910Z,2026-09-11T22:20:19.240Z,5021,2026-09-11T22:24:03.926Z,2026-09-11T22:24:03.773Z,2026-09-11T22:24:03.125Z,2026-09-11T22:24:55.359Z,2026-09-11T22:24:55.359Z,,NOT_EXPORTED,5872664805,tb-v17s-9a8aaeaeae9bbdc29cbe200acef,FINISHED
FIXED_210,8b48d67f-cb15-4e16-8080-c5cd01a63218,龙虾USDT,2026-09-11T22:35:00.000Z,2026-09-11T22:35:06.947Z,,NOT_EXPORTED,2026-09-11T22:35:07.570Z,2026-09-11T22:35:08.911Z,1341,2026-09-11T22:35:11.825Z,2026-09-11T22:35:13.115Z,5545,2026-09-11T22:41:03.955Z,2026-09-11T22:41:03.799Z,2026-09-11T22:41:03.132Z,2026-09-11T22:41:07.830Z,2026-09-11T22:41:07.830Z,,NOT_EXPORTED,,tb-v17s-f0f81fc6167a9e577a3892cfd47,CANCELED
FIXED_210,d3d573e7-283b-4e8b-83e1-782dceac2ff4,MITOUSDT,2026-09-11T22:45:00.000Z,2026-09-11T22:45:11.613Z,,NOT_EXPORTED,2026-09-11T22:45:13.303Z,2026-09-11T22:45:14.559Z,1256,2026-09-11T22:45:16.870Z,2026-09-11T22:45:18.135Z,4832,2026-09-11T23:02:10.942Z,2026-09-11T23:02:10.782Z,2026-09-11T23:02:10.530Z,2026-09-11T23:02:15.202Z,2026-09-11T23:02:15.202Z,,NOT_EXPORTED,,tb-v17s-eef49797edad178d495808d72c1,CANCELED
FIXED_210,ead56a46-8c0a-4bcf-90b5-11287f7278a9,CYSUSDT,2026-09-11T22:55:00.000Z,2026-09-11T22:55:12.894Z,,NOT_EXPORTED,2026-09-11T22:55:13.545Z,2026-09-11T22:55:14.804Z,1259,2026-09-11T22:55:17.195Z,2026-09-11T22:55:18.497Z,4952,2026-09-11T23:01:03.833Z,2026-09-11T23:01:03.658Z,2026-09-11T23:01:03.403Z,2026-09-11T23:01:07.994Z,2026-09-11T23:01:07.994Z,,NOT_EXPORTED,,tb-v17s-9a7eb04a09e96f8ed1b122f04e5,CANCELED
FIXED_210,5955f67f-bb2e-43be-8ac7-e60f20387291,龙虾USDT,2026-09-11T23:15:00.000Z,2026-09-11T23:16:06.533Z,,NOT_EXPORTED,2026-09-11T23:16:07.160Z,2026-09-11T23:16:08.482Z,1322,2026-09-11T23:16:10.982Z,2026-09-11T23:16:12.230Z,5070,2026-09-11T23:22:03.636Z,2026-09-11T23:22:03.480Z,2026-09-11T23:22:03.102Z,2026-09-11T23:22:07.511Z,2026-09-11T23:22:07.511Z,,NOT_EXPORTED,,tb-v17s-7f3966477f3a700f4bd9ac0441e,CANCELED
FIXED_210,af06d735-69d4-40ec-bf5c-ed06e4a394c7,龙虾USDT,2026-09-11T23:40:00.000Z,2026-09-11T23:41:06.549Z,,NOT_EXPORTED,2026-09-11T23:41:07.600Z,2026-09-11T23:41:08.861Z,1261,2026-09-11T23:41:10.978Z,2026-09-11T23:41:12.253Z,4653,2026-09-11T23:57:03.531Z,2026-09-11T23:57:03.362Z,2026-09-11T23:57:02.964Z,2026-09-11T23:57:55.323Z,2026-09-11T23:57:55.323Z,,NOT_EXPORTED,838895660,tb-v17s-b35344e6141d06f238e3f219f2d,FINISHED
FIXED_210,ca80e8c8-d94e-433a-8874-e6814761ba93,VELVETUSDT,2026-09-12T00:25:00.000Z,2026-09-12T00:25:08.702Z,,NOT_EXPORTED,2026-09-12T00:25:10.397Z,2026-09-12T00:25:11.752Z,1355,2026-09-12T00:25:14.118Z,2026-09-12T00:25:15.419Z,5022,2026-09-12T00:37:04.712Z,2026-09-12T00:37:04.545Z,2026-09-12T00:37:04.380Z,2026-09-12T00:37:40.438Z,2026-09-12T00:37:40.438Z,,NOT_EXPORTED,2622682238,tb-v17s-5247faf9edfef61d3a4324969a6,FINISHED
FIXED_210,e3a57823-48c9-4502-bfd7-637e96ed5478,LSKUSDT,2026-09-12T00:30:00.000Z,2026-09-12T00:31:09.842Z,,NOT_EXPORTED,2026-09-12T00:31:10.473Z,2026-09-12T00:31:11.737Z,1264,2026-09-12T00:31:13.820Z,2026-09-12T00:31:15.072Z,4599,2026-09-12T00:45:04.125Z,2026-09-12T00:45:03.959Z,2026-09-12T00:45:02.111Z,2026-09-12T00:45:18.886Z,2026-09-12T00:45:18.886Z,,NOT_EXPORTED,2113469433,tb-v17s-3c067267c292534abb79655e4f7,FINISHED
FIXED_210,ac99ac6e-063f-41f7-b31a-9121b14323fd,SOPHUSDT,2026-09-12T01:00:00.000Z,2026-09-12T01:00:10.299Z,,NOT_EXPORTED,2026-09-12T01:00:11.138Z,2026-09-12T01:00:13.532Z,2394,2026-09-12T01:00:17.145Z,2026-09-12T01:00:18.426Z,7288,2026-09-12T01:05:03.840Z,2026-09-12T01:05:03.684Z,2026-09-12T01:05:03.100Z,2026-09-12T01:05:05.277Z,2026-09-12T01:05:05.277Z,,NOT_EXPORTED,1949898892,tb-v17s-4c7da500bc7b7cd453ded46496b,FINISHED
FIXED_210,4e700141-4df5-44d5-bdbf-1f813f8360c5,BEATUSDT,2026-09-12T01:25:00.000Z,2026-09-12T01:26:06.082Z,,NOT_EXPORTED,2026-09-12T01:26:06.697Z,2026-09-12T01:26:08.199Z,1502,2026-09-12T01:26:10.478Z,2026-09-12T01:26:11.795Z,5098,2026-09-12T01:41:04.172Z,2026-09-12T01:41:04.013Z,2026-09-12T01:41:03.822Z,2026-09-12T01:41:08.115Z,2026-09-12T01:41:08.115Z,,NOT_EXPORTED,,tb-v17s-7dfef93c7e757ad7555566df222,CANCELED
FIXED_210,d885b535-503a-44a4-8c4b-bc1621abee7b,我踏马来了USDT,2026-09-12T01:35:00.000Z,2026-09-12T01:36:09.447Z,,NOT_EXPORTED,2026-09-12T01:36:10.464Z,2026-09-12T01:36:12.170Z,1706,2026-09-12T01:36:14.280Z,2026-09-12T01:36:15.532Z,5068,2026-09-12T01:42:05.721Z,2026-09-12T01:42:05.536Z,2026-09-12T01:42:05.231Z,2026-09-12T01:42:12.438Z,2026-09-12T01:42:12.438Z,,NOT_EXPORTED,,tb-v17s-36c5b2098dcc473adf866171482,REJECTED
FIXED_210,a866e46d-1718-47cd-abd6-cde32f88c071,龙虾USDT,2026-09-12T02:00:00.000Z,2026-09-12T02:01:06.701Z,,NOT_EXPORTED,2026-09-12T02:01:08.168Z,2026-09-12T02:01:09.511Z,1343,2026-09-12T02:01:12.577Z,2026-09-12T02:01:13.910Z,5742,2026-09-12T02:06:03.846Z,2026-09-12T02:06:03.680Z,2026-09-12T02:06:03.456Z,2026-09-12T02:06:10.891Z,2026-09-12T02:06:10.891Z,,NOT_EXPORTED,844752424,tb-v17s-dcd88415560b949fd8e8facf344,FINISHED
FIXED_210,be1e61f5-baa0-481a-99e7-917a95f2a748,LABUSDT,2026-09-12T03:05:00.000Z,2026-09-12T03:06:06.708Z,,NOT_EXPORTED,2026-09-12T03:06:07.318Z,2026-09-12T03:06:08.613Z,1295,2026-09-12T03:06:10.735Z,2026-09-12T03:06:12.000Z,4682,2026-09-12T03:15:03.846Z,2026-09-12T03:15:03.681Z,2026-09-12T03:15:02.292Z,2026-09-12T03:15:05.559Z,2026-09-12T03:15:05.559Z,,NOT_EXPORTED,5881768616,tb-v17s-c140dd06f73f555ec14096c20d3,FINISHED
FIXED_210,d2356360-7c7d-44c1-8257-0f49f414198e,龙虾USDT,2026-09-12T03:15:00.000Z,2026-09-12T03:16:06.633Z,,NOT_EXPORTED,2026-09-12T03:16:07.420Z,2026-09-12T03:16:08.691Z,1271,2026-09-12T03:16:10.868Z,2026-09-12T03:16:12.355Z,4935,2026-09-12T03:37:03.661Z,2026-09-12T03:37:03.498Z,2026-09-12T03:37:03.057Z,2026-09-12T03:37:07.913Z,2026-09-12T03:37:07.913Z,,NOT_EXPORTED,,tb-v17s-af7924cfdd57e1c980cd7dbef13,CANCELED
FIXED_210,58d0fb80-3572-412e-b6ae-0f95ea1da054,LSKUSDT,2026-09-12T03:45:00.000Z,2026-09-12T03:45:11.799Z,,NOT_EXPORTED,2026-09-12T03:45:12.398Z,2026-09-12T03:45:13.686Z,1288,2026-09-12T03:45:15.850Z,2026-09-12T03:45:17.149Z,4751,2026-09-12T03:47:03.593Z,2026-09-12T03:47:03.437Z,2026-09-12T03:47:02.920Z,2026-09-12T03:47:56.188Z,2026-09-12T03:47:56.188Z,,NOT_EXPORTED,2126038069,tb-v17s-90e3ebbf1b7bcaee384b21482c2,FINISHED
FIXED_210,7d5f9a5e-6486-487d-a613-0597855a21ad,RIVERUSDT,2026-09-12T03:45:00.000Z,2026-09-12T03:46:10.762Z,,NOT_EXPORTED,2026-09-12T03:46:11.375Z,2026-09-12T03:46:12.724Z,1349,2026-09-12T03:46:14.899Z,2026-09-12T03:46:16.218Z,4843,2026-09-12T04:00:07.076Z,2026-09-12T04:00:06.922Z,2026-09-12T04:00:06.693Z,2026-09-12T04:00:09.681Z,2026-09-12T04:00:09.681Z,,NOT_EXPORTED,6099862070,tb-v17s-061ab15d1dc00b48dc4e172d065,FINISHED
FIXED_210,1c8e22a0-72ed-42fe-9868-96e298aeaf08,PUNDIXUSDT,2026-09-12T03:55:00.000Z,2026-09-12T03:55:13.377Z,,NOT_EXPORTED,2026-09-12T03:55:14.230Z,2026-09-12T03:55:15.499Z,1269,2026-09-12T03:55:18.015Z,2026-09-12T03:55:19.887Z,5657,2026-09-12T04:01:03.784Z,2026-09-12T04:01:03.619Z,2026-09-12T04:01:02.032Z,2026-09-12T04:01:26.876Z,2026-09-12T04:01:26.876Z,,NOT_EXPORTED,486527020,tb-v17s-c6d4be5157687d2b2687228aa3a,FINISHED
FIXED_210,9cfbb8d7-54f2-46b1-9b51-70a2dea40b3f,龙虾USDT,2026-09-12T04:10:00.000Z,2026-09-12T04:11:07.646Z,,NOT_EXPORTED,2026-09-12T04:11:08.269Z,2026-09-12T04:11:10.218Z,1949,2026-09-12T04:11:12.603Z,2026-09-12T04:11:14.108Z,5839,2026-09-12T04:15:03.876Z,2026-09-12T04:15:03.719Z,2026-09-12T04:15:03.545Z,2026-09-12T04:15:06.495Z,2026-09-12T04:15:06.495Z,,NOT_EXPORTED,854879131,tb-v17s-6a49d9b284c587c9ebb629e3e30,FINISHED
FIXED_210,795ff791-f76a-490a-8747-e30dd9787096,CHZUSDT,2026-09-12T04:15:00.000Z,2026-09-12T04:16:08.005Z,,NOT_EXPORTED,2026-09-12T04:16:08.853Z,2026-09-12T04:16:10.119Z,1266,2026-09-12T04:16:12.201Z,2026-09-12T04:16:13.459Z,4606,2026-09-12T04:45:04.386Z,2026-09-12T04:45:04.220Z,2026-09-12T04:45:04.047Z,2026-09-12T04:45:09.403Z,2026-09-12T04:45:09.403Z,,NOT_EXPORTED,15386582002,tb-v17s-c54365ad2a4e36e56d0a3c8156b,FINISHED
FIXED_210,f6b98667-a694-4c0b-92f9-9a55d3a13430,PUNDIXUSDT,2026-09-12T04:35:00.000Z,2026-09-12T04:36:10.495Z,,NOT_EXPORTED,2026-09-12T04:36:11.104Z,2026-09-12T04:36:12.635Z,1531,2026-09-12T04:36:15.836Z,2026-09-12T04:36:17.366Z,6262,2026-09-12T04:43:03.476Z,2026-09-12T04:43:03.311Z,2026-09-12T04:43:02.803Z,2026-09-12T04:43:07.905Z,2026-09-12T04:43:07.905Z,,NOT_EXPORTED,,tb-v17s-263528af53d099d5b16fadf7e63,CANCELED
FIXED_210,774faf94-1129-4611-a352-f9aef4a981ae,CHZUSDT,2026-09-12T04:50:00.000Z,2026-09-12T04:50:08.741Z,,NOT_EXPORTED,2026-09-12T04:50:10.019Z,2026-09-12T04:50:11.311Z,1292,2026-09-12T04:50:13.461Z,2026-09-12T04:50:14.806Z,4787,2026-09-12T04:59:05.334Z,2026-09-12T04:59:05.177Z,2026-09-12T04:59:04.462Z,2026-09-12T04:59:51.019Z,2026-09-12T04:59:51.019Z,,NOT_EXPORTED,,tb-v17s-f74d8c425a60e0992c19c101962,REJECTED
FIXED_210,fc04d9e1-54bb-42cd-a6f5-67c61dd70791,UAIUSDT,2026-09-12T09:45:00.000Z,2026-09-12T09:45:10.327Z,,NOT_EXPORTED,2026-09-12T09:45:11.178Z,2026-09-12T09:45:12.483Z,1305,2026-09-12T09:45:15.420Z,2026-09-12T09:45:16.943Z,5765,2026-09-12T09:53:03.672Z,2026-09-12T09:53:03.515Z,2026-09-12T09:53:03.338Z,2026-09-12T09:53:35.939Z,2026-09-12T09:53:35.939Z,,NOT_EXPORTED,1013315132,tb-v17s-115d96c3ecc0096380cee522951,FINISHED
FIXED_210,885ccf9d-b4a2-47fa-ac35-f43a26cda51b,龙虾USDT,2026-09-12T10:00:00.000Z,2026-09-12T10:00:08.896Z,,NOT_EXPORTED,2026-09-12T10:00:09.499Z,2026-09-12T10:00:10.908Z,1409,2026-09-12T10:00:13.527Z,2026-09-12T10:00:14.808Z,5309,2026-09-12T10:04:05.040Z,2026-09-12T10:04:04.884Z,2026-09-12T10:04:04.564Z,2026-09-12T10:04:09.080Z,2026-09-12T10:04:09.080Z,,NOT_EXPORTED,,tb-v17s-8155ec26be55e9cd1a52886677b,CANCELED
FIXED_210,5710e7c8-1b3d-464f-8595-986c1af618b5,LSKUSDT,2026-09-12T10:30:00.000Z,2026-09-12T10:31:08.345Z,,NOT_EXPORTED,2026-09-12T10:31:08.962Z,2026-09-12T10:31:10.245Z,1283,2026-09-12T10:31:12.823Z,2026-09-12T10:31:14.100Z,5138,2026-09-12T10:33:03.647Z,2026-09-12T10:33:03.481Z,2026-09-12T10:33:03.226Z,2026-09-12T10:33:18.644Z,2026-09-12T10:33:18.644Z,,NOT_EXPORTED,2154896330,tb-v17s-3baacb13f749b0a1bbb6677e5f1,FINISHED
FIXED_210,4e3f9304-e3c1-4c37-a141-ce02e62ffb50,龙虾USDT,2026-09-12T10:50:00.000Z,2026-09-12T10:51:08.624Z,,NOT_EXPORTED,2026-09-12T10:51:09.712Z,2026-09-12T10:51:11.032Z,1320,2026-09-12T10:51:13.290Z,2026-09-12T10:51:14.563Z,4851,2026-09-12T10:59:03.688Z,2026-09-12T10:59:03.529Z,2026-09-12T10:59:03.355Z,2026-09-12T10:59:08.888Z,2026-09-12T10:59:08.888Z,,NOT_EXPORTED,,tb-v17s-3dbe4c5bed6f2eb495696ce480e,CANCELED
FIXED_210,c0334edb-7045-42db-ae31-3f98188d887e,我踏马来了USDT,2026-09-12T11:20:00.000Z,2026-09-12T11:20:11.254Z,,NOT_EXPORTED,2026-09-12T11:20:12.447Z,2026-09-12T11:20:13.814Z,1367,2026-09-12T11:20:16.130Z,2026-09-12T11:20:17.428Z,4981,2026-09-12T11:30:06.750Z,2026-09-12T11:30:06.593Z,2026-09-12T11:30:05.802Z,2026-09-12T11:30:45.071Z,2026-09-12T11:30:45.071Z,,NOT_EXPORTED,723595449,tb-v17s-210bc1f394c46270cc5c0d6e16a,FINISHED
FIXED_210,33ee8b14-98d7-4411-9986-7011f7fac968,龙虾USDT,2026-09-12T11:35:00.000Z,2026-09-12T11:35:08.890Z,,NOT_EXPORTED,2026-09-12T11:35:09.523Z,2026-09-12T11:35:10.865Z,1342,2026-09-12T11:35:13.118Z,2026-09-12T11:35:14.399Z,4876,2026-09-12T11:43:03.686Z,2026-09-12T11:43:03.514Z,2026-09-12T11:43:03.362Z,2026-09-12T11:43:37.480Z,2026-09-12T11:43:37.480Z,,NOT_EXPORTED,882689495,tb-v17s-d19fabab067ccd91c6f32d9c530,FINISHED
FIXED_210,9bf93c3e-5495-4430-bd6e-eaf48ba9de08,TAUSDT,2026-09-12T11:50:00.000Z,2026-09-12T11:51:10.706Z,,NOT_EXPORTED,2026-09-12T11:51:11.553Z,2026-09-12T11:51:12.838Z,1285,2026-09-12T11:51:15.102Z,2026-09-12T11:51:16.391Z,4838,2026-09-12T11:57:04.756Z,2026-09-12T11:57:04.595Z,2026-09-12T11:57:03.476Z,2026-09-12T11:57:09.958Z,2026-09-12T11:57:09.958Z,,NOT_EXPORTED,,tb-v17s-4bba2512f14a6ab28bc75ff116b,CANCELED
FIXED_210,75095ec0-c49e-43a5-834d-9143cedb4ca6,ETHFIUSDT,2026-09-12T12:05:00.000Z,2026-09-12T12:06:09.854Z,,NOT_EXPORTED,2026-09-12T12:06:10.491Z,2026-09-12T12:06:11.785Z,1294,2026-09-12T12:06:14.146Z,2026-09-12T12:06:15.440Z,4949,2026-09-12T12:12:03.514Z,2026-09-12T12:12:03.353Z,2026-09-12T12:12:03.112Z,2026-09-12T12:12:07.443Z,2026-09-12T12:12:07.443Z,,NOT_EXPORTED,,tb-v17s-d2abd60481de343b6f041b02c55,CANCELED
FIXED_210,f1a89cdd-e060-4e75-9883-95b9d2aa7afc,TAUSDT,2026-09-12T12:40:00.000Z,2026-09-12T12:40:12.389Z,,NOT_EXPORTED,2026-09-12T12:40:13.454Z,2026-09-12T12:40:14.951Z,1497,2026-09-12T12:40:17.411Z,2026-09-12T12:40:18.700Z,5246,2026-09-12T12:45:04.464Z,2026-09-12T12:45:04.305Z,2026-09-12T12:45:02.982Z,2026-09-12T12:45:30.041Z,2026-09-12T12:45:30.041Z,,NOT_EXPORTED,1327314635,tb-v17s-b075115ea2d39d689b96bbd665d,FINISHED
FIXED_210,73137d52-f654-4ab6-8d48-db14da8b9886,LSKUSDT,2026-09-12T13:00:00.000Z,2026-09-12T13:01:12.591Z,,NOT_EXPORTED,2026-09-12T13:01:13.250Z,2026-09-12T13:01:14.618Z,1368,2026-09-12T13:01:16.940Z,2026-09-12T13:01:18.397Z,5147,2026-09-12T13:07:05.161Z,2026-09-12T13:07:04.997Z,2026-09-12T13:07:04.632Z,2026-09-12T13:07:07.879Z,2026-09-12T13:07:07.879Z,,NOT_EXPORTED,2167710757,tb-v17s-c929fb3cb2c9f9d0720b1c44a60,FINISHED
FIXED_210,ef76575a-1997-4756-b180-a09dc77099dc,我踏马来了USDT,2026-09-12T14:00:00.000Z,2026-09-12T14:01:09.956Z,,NOT_EXPORTED,2026-09-12T14:01:10.810Z,2026-09-12T14:01:12.143Z,1333,2026-09-12T14:01:14.458Z,2026-09-12T14:01:15.768Z,4958,2026-09-12T14:09:05.455Z,2026-09-12T14:09:05.287Z,2026-09-12T14:09:05.003Z,2026-09-12T14:09:09.550Z,2026-09-12T14:09:09.550Z,,NOT_EXPORTED,,tb-v17s-0cb037efd35e56533bc13a5c348,CANCELED
FIXED_210,545eb61c-7964-4f5a-a7e5-21922146de28,BSBUSDT,2026-09-12T14:10:00.000Z,2026-09-12T14:11:16.231Z,,NOT_EXPORTED,2026-09-12T14:11:17.107Z,2026-09-12T14:11:18.454Z,1347,2026-09-12T14:11:21.654Z,2026-09-12T14:11:23.000Z,5893,2026-09-12T14:17:05.011Z,2026-09-12T14:17:04.817Z,2026-09-12T14:17:03.638Z,2026-09-12T14:17:09.631Z,2026-09-12T14:17:09.631Z,,NOT_EXPORTED,,tb-v17s-71553bf90efa25d7fe0a4dad0fc,CANCELED
FIXED_210,5300b311-fd35-4a6a-b31a-693132b0f166,TAUSDT,2026-09-12T14:15:00.000Z,2026-09-12T14:16:14.915Z,,NOT_EXPORTED,2026-09-12T14:16:15.972Z,2026-09-12T14:16:17.454Z,1482,2026-09-12T14:16:20.537Z,2026-09-12T14:16:22.088Z,6116,2026-09-12T14:29:05.276Z,2026-09-12T14:29:05.111Z,2026-09-12T14:29:04.455Z,2026-09-12T14:29:37.945Z,2026-09-12T14:29:37.945Z,,NOT_EXPORTED,1328231382,tb-v17s-f4acc3ae6e432b3dd66f006ef23,FINISHED
FIXED_210,a17051fd-65a9-402e-9f3a-9448e3ad2909,LSKUSDT,2026-09-12T14:40:00.000Z,2026-09-12T14:41:09.911Z,,NOT_EXPORTED,2026-09-12T14:41:10.954Z,2026-09-12T14:41:13.364Z,2410,2026-09-12T14:41:15.656Z,2026-09-12T14:41:16.955Z,6001,2026-09-12T14:43:05.382Z,2026-09-12T14:43:05.200Z,2026-09-12T14:43:05.040Z,2026-09-12T14:43:19.780Z,2026-09-12T14:43:19.780Z,,NOT_EXPORTED,2177487141,tb-v17s-14b4b737259be3ab66793fa824e,FINISHED
FIXED_210,43a81e82-4ac9-4abb-8496-be5fb9ef7568,龙虾USDT,2026-09-12T14:45:00.000Z,2026-09-12T14:45:13.144Z,,NOT_EXPORTED,2026-09-12T14:45:13.761Z,2026-09-12T14:45:15.300Z,1539,2026-09-12T14:45:18.080Z,2026-09-12T14:45:19.406Z,5645,2026-09-12T14:49:05.454Z,2026-09-12T14:49:05.294Z,2026-09-12T14:49:05.175Z,2026-09-12T14:49:59.997Z,2026-09-12T14:49:59.997Z,,NOT_EXPORTED,897785366,tb-v17s-6b093a9cc444a584b9d6abeb207,FINISHED
FIXED_210,729d0796-e96f-479a-90d2-30b6370d4ec0,PUNDIXUSDT,2026-09-12T15:30:00.000Z,2026-09-12T15:31:09.699Z,,NOT_EXPORTED,2026-09-12T15:31:10.294Z,2026-09-12T15:31:11.566Z,1272,2026-09-12T15:31:13.801Z,2026-09-12T15:31:15.078Z,4784,2026-09-12T15:41:04.352Z,2026-09-12T15:41:04.193Z,2026-09-12T15:41:03.829Z,2026-09-12T15:41:04.926Z,2026-09-12T15:41:04.926Z,,NOT_EXPORTED,489069784,tb-v17s-fe0d78cbfe014730771e1ee9d41,FINISHED
FIXED_210,2f47d4fa-29ab-47fa-bc9d-b49b6c326f5d,MAGMAUSDT,2026-09-12T16:15:00.000Z,2026-09-12T16:16:11.449Z,,NOT_EXPORTED,2026-09-12T16:16:12.298Z,2026-09-12T16:16:13.573Z,1275,2026-09-12T16:16:15.805Z,2026-09-12T16:16:17.120Z,4822,2026-09-12T16:21:03.446Z,2026-09-12T16:21:03.289Z,2026-09-12T16:21:01.446Z,2026-09-12T16:21:08.165Z,2026-09-12T16:21:08.165Z,,NOT_EXPORTED,,tb-v17s-ddfa6f5d2975f8b4fef5e3a206b,CANCELED
FIXED_210,8c0df1d2-7537-4d73-8bd9-94a7edd9a5e5,WLFIUSDT,2026-09-12T16:30:00.000Z,2026-09-12T16:31:09.848Z,,NOT_EXPORTED,2026-09-12T16:31:10.696Z,2026-09-12T16:31:11.966Z,1270,2026-09-12T16:31:14.146Z,2026-09-12T16:31:15.401Z,4705,2026-09-12T16:39:04.157Z,2026-09-12T16:39:03.981Z,2026-09-12T16:39:03.777Z,2026-09-12T16:39:12.536Z,2026-09-12T16:39:12.536Z,,NOT_EXPORTED,4318214677,tb-v17s-a1fc69f0b111618e16580755ab3,FINISHED
FIXED_210,b56000c3-81c8-4b92-a47c-555434feb7e7,RIVERUSDT,2026-09-12T16:45:00.000Z,2026-09-12T16:45:10.076Z,,NOT_EXPORTED,2026-09-12T16:45:10.667Z,2026-09-12T16:45:11.948Z,1281,2026-09-12T16:45:14.124Z,2026-09-12T16:45:15.380Z,4713,2026-09-12T17:19:05.110Z,2026-09-12T17:19:04.947Z,2026-09-12T17:19:04.104Z,2026-09-12T17:19:09.395Z,2026-09-12T17:19:09.395Z,,NOT_EXPORTED,,tb-v17s-64d40c49dcb9ed950f1c9194ad7,CANCELED
FIXED_210,7b4a0439-ecf1-4e43-82da-9c0fc3794a63,REZUSDT,2026-09-12T17:20:00.000Z,2026-09-12T17:21:19.322Z,,NOT_EXPORTED,2026-09-12T17:21:20.144Z,2026-09-12T17:21:21.426Z,1282,2026-09-12T17:21:24.080Z,2026-09-12T17:21:25.312Z,5168,2026-09-12T17:29:05.593Z,2026-09-12T17:29:05.436Z,2026-09-12T17:29:05.302Z,2026-09-12T17:29:09.755Z,2026-09-12T17:29:09.755Z,,NOT_EXPORTED,,tb-v17s-dcce119e8afa3bee79bc0cd77ca,CANCELED
FIXED_210,6402a988-649e-426e-84a7-4030f0df45f3,FLOCKUSDT,2026-09-12T17:25:00.000Z,2026-09-12T17:26:13.139Z,,NOT_EXPORTED,2026-09-12T17:26:14.321Z,2026-09-12T17:26:15.582Z,1261,2026-09-12T17:26:18.226Z,2026-09-12T17:26:19.487Z,5166,2026-09-12T17:38:05.119Z,2026-09-12T17:38:04.955Z,2026-09-12T17:38:04.827Z,2026-09-12T17:39:04.641Z,2026-09-12T17:39:04.641Z,,NOT_EXPORTED,524218456,tb-v17s-344910c4a61d6b327d6f28a2fc0,FINISHED
FIXED_210,bd6f920a-4960-44cf-9b2c-3646e61051ea,GRIFFAINUSDT,2026-09-12T17:30:00.000Z,2026-09-12T17:30:16.855Z,,NOT_EXPORTED,2026-09-12T17:30:18.117Z,2026-09-12T17:30:19.401Z,1284,2026-09-12T17:30:22.099Z,2026-09-12T17:30:23.405Z,5288,2026-09-12T17:32:03.881Z,2026-09-12T17:32:03.718Z,2026-09-12T17:32:03.531Z,2026-09-12T17:32:12.887Z,2026-09-12T17:32:12.887Z,,NOT_EXPORTED,2681457589,tb-v17s-1a70b4376ee0feb13b310624668,FINISHED
FIXED_210,53bd1453-b6ab-4226-adb1-a367b6988baa,PUMPUSDT,2026-09-12T17:35:00.000Z,2026-09-12T17:36:15.411Z,,NOT_EXPORTED,2026-09-12T17:36:16.270Z,2026-09-12T17:36:17.557Z,1287,2026-09-12T17:36:19.811Z,2026-09-12T17:36:21.151Z,4881,2026-09-12T17:42:04.557Z,2026-09-12T17:42:04.404Z,2026-09-12T17:42:04.232Z,2026-09-12T17:42:08.761Z,2026-09-12T17:42:08.761Z,,NOT_EXPORTED,,tb-v17s-d2b9a080d7d5b26b304fc8689cb,CANCELED
FIXED_210,b98cd1d8-7388-4d02-824c-17320e347b61,RIVERUSDT,2026-09-12T17:40:00.000Z,2026-09-12T17:40:16.641Z,,NOT_EXPORTED,2026-09-12T17:40:17.398Z,2026-09-12T17:40:18.822Z,1424,2026-09-12T17:40:21.201Z,2026-09-12T17:40:22.661Z,5263,2026-09-12T17:45:05.343Z,2026-09-12T17:45:05.175Z,2026-09-12T17:45:04.702Z,2026-09-12T17:45:09.167Z,2026-09-12T17:45:09.167Z,,NOT_EXPORTED,,tb-v17s-d8b06348a178ddedd7bf6221abf,CANCELED
FIXED_210,923a1e4c-d65a-4148-8858-119625c2b8e0,KOMAUSDT,2026-09-12T17:50:00.000Z,2026-09-12T17:51:10.197Z,,NOT_EXPORTED,2026-09-12T17:51:11.007Z,2026-09-12T17:51:12.429Z,1422,2026-09-12T17:51:15.156Z,2026-09-12T17:51:16.416Z,5409,2026-09-12T18:02:04.046Z,2026-09-12T18:02:03.891Z,2026-09-12T18:02:03.041Z,2026-09-12T18:02:12.196Z,2026-09-12T18:02:12.196Z,,NOT_EXPORTED,1437308039,tb-v17s-de98914a99edb77f62cc048552a,FINISHED
FIXED_210,6126a5a5-ad36-4837-9962-8d3c3f1fcebc,PUMPUSDT,2026-09-12T18:00:00.000Z,2026-09-12T18:01:13.542Z,,NOT_EXPORTED,2026-09-12T18:01:14.253Z,2026-09-12T18:01:15.500Z,1247,2026-09-12T18:01:17.777Z,2026-09-12T18:01:19.024Z,4771,2026-09-12T18:23:03.432Z,2026-09-12T18:23:03.268Z,2026-09-12T18:23:02.847Z,2026-09-12T18:23:07.283Z,2026-09-12T18:23:07.283Z,,NOT_EXPORTED,,tb-v17s-a26429891835374d9447e760a36,CANCELED
FIXED_210,c1b51211-0cf7-4820-a973-d61f8b79d213,RIVERUSDT,2026-09-12T18:05:00.000Z,2026-09-12T18:05:14.749Z,,NOT_EXPORTED,2026-09-12T18:05:15.344Z,2026-09-12T18:05:16.639Z,1295,2026-09-12T18:05:18.950Z,2026-09-12T18:05:20.198Z,4854,2026-09-12T18:16:04.334Z,2026-09-12T18:16:04.175Z,2026-09-12T18:16:03.704Z,2026-09-12T18:16:08.108Z,2026-09-12T18:16:08.108Z,,NOT_EXPORTED,,tb-v17s-5cc52532368cd5d3e758a0ee27c,CANCELED
FIXED_210,2d38307a-89f8-4f5c-aad6-11987f700dfd,RIVERUSDT,2026-09-12T18:35:00.000Z,2026-09-12T18:35:11.450Z,,NOT_EXPORTED,2026-09-12T18:35:12.072Z,2026-09-12T18:35:13.812Z,1740,2026-09-12T18:35:16.735Z,2026-09-12T18:35:18.232Z,6160,2026-09-12T18:46:04.307Z,2026-09-12T18:46:04.151Z,2026-09-12T18:46:03.986Z,2026-09-12T18:46:11.837Z,2026-09-12T18:46:11.837Z,,NOT_EXPORTED,,tb-v17s-ec73f8265cc51d02224f07389c0,CANCELED
FIXED_210,b039d787-186c-4f89-984b-1e85872bd123,KOMAUSDT,2026-09-12T19:25:00.000Z,2026-09-12T19:25:18.260Z,,NOT_EXPORTED,2026-09-12T19:25:18.892Z,2026-09-12T19:25:20.225Z,1333,2026-09-12T19:25:22.568Z,2026-09-12T19:25:23.861Z,4969,2026-09-12T19:33:03.761Z,2026-09-12T19:33:03.605Z,2026-09-12T19:33:03.399Z,2026-09-12T19:33:08.851Z,2026-09-12T19:33:08.851Z,,NOT_EXPORTED,,tb-v17s-cc654c060e8418710feb9ffc6a1,CANCELED
FIXED_210,0f1392aa-57ac-4118-ae2a-4d27e5b27557,ILVUSDT,2026-09-12T19:40:00.000Z,2026-09-12T19:41:10.484Z,,NOT_EXPORTED,2026-09-12T19:41:11.515Z,2026-09-12T19:41:12.766Z,1251,2026-09-12T19:41:15.375Z,2026-09-12T19:41:16.609Z,5094,2026-09-12T19:51:04.360Z,2026-09-12T19:51:04.201Z,2026-09-12T19:51:03.803Z,2026-09-12T19:51:08.120Z,2026-09-12T19:51:08.120Z,,NOT_EXPORTED,,tb-v17s-8011fba23e9b5efa54d09bc90ba,CANCELED
FIXED_210,66e56367-ef9b-41d2-b5f7-4eea39563a78,ILVUSDT,2026-09-12T20:30:00.000Z,2026-09-12T20:30:13.313Z,,NOT_EXPORTED,2026-09-12T20:30:14.405Z,2026-09-12T20:30:15.689Z,1284,2026-09-12T20:30:17.847Z,2026-09-12T20:30:19.103Z,4698,2026-09-12T20:31:04.318Z,2026-09-12T20:31:04.150Z,2026-09-12T20:31:03.788Z,2026-09-12T20:31:13.168Z,2026-09-12T20:31:13.168Z,,NOT_EXPORTED,2498000474,tb-v17s-f3376095ab5b60bfa04479c2840,FINISHED
FIXED_210,bc7380f9-3e50-4bdd-9391-01758fbf707b,KOMAUSDT,2026-09-12T22:15:00.000Z,2026-09-12T22:16:09.927Z,,NOT_EXPORTED,2026-09-12T22:16:10.545Z,2026-09-12T22:16:11.835Z,1290,2026-09-12T22:16:15.189Z,2026-09-12T22:16:17.260Z,6715,2026-09-12T22:23:03.697Z,2026-09-12T22:23:03.523Z,2026-09-12T22:23:03.077Z,2026-09-12T22:23:07.512Z,2026-09-12T22:23:07.512Z,,NOT_EXPORTED,1440285123,tb-v17s-1a49efab67aefbd1459ee9e8d68,FINISHED
FIXED_210,dbdefb29-1c15-4b53-a716-af32d9fb4a86,SAGAUSDT,2026-09-12T22:35:00.000Z,2026-09-12T22:36:10.062Z,,NOT_EXPORTED,2026-09-12T22:36:11.136Z,2026-09-12T22:36:12.388Z,1252,2026-09-12T22:36:14.762Z,2026-09-12T22:36:16.028Z,4892,2026-09-12T23:01:04.188Z,2026-09-12T23:01:04.030Z,2026-09-12T23:01:03.705Z,2026-09-12T23:01:08.986Z,2026-09-12T23:01:08.986Z,,NOT_EXPORTED,,tb-v17s-43d3a2303f1bd2536d25b2c20c2,CANCELED
FIXED_210,95eb0133-67a9-4de0-a723-fb422d1e51ce,KOMAUSDT,2026-09-12T23:00:00.000Z,2026-09-12T23:00:15.309Z,,NOT_EXPORTED,2026-09-12T23:00:15.915Z,2026-09-12T23:00:17.261Z,1346,2026-09-12T23:00:19.452Z,2026-09-12T23:00:20.684Z,4769,2026-09-12T23:04:04.495Z,2026-09-12T23:04:04.324Z,2026-09-12T23:04:03.963Z,2026-09-12T23:04:08.902Z,2026-09-12T23:04:08.902Z,,NOT_EXPORTED,,tb-v17s-4f1ffc82eca943b73bf652cb9d3,CANCELED
FIXED_210,f665dbf9-c763-4adc-b95c-daa5a15364f1,SAGAUSDT,2026-09-12T23:05:00.000Z,2026-09-12T23:06:10.497Z,,NOT_EXPORTED,2026-09-12T23:06:11.124Z,2026-09-12T23:06:12.430Z,1306,2026-09-12T23:06:15.572Z,2026-09-12T23:06:16.865Z,5741,2026-09-12T23:33:03.988Z,2026-09-12T23:33:03.829Z,2026-09-12T23:33:03.061Z,2026-09-12T23:33:09.141Z,2026-09-12T23:33:09.141Z,,NOT_EXPORTED,,tb-v17s-cbbcdf233de0e8bce58ca2e9e2c,CANCELED
FIXED_210,86cd59c4-00c6-43b5-9f64-830852f3baf7,GRIFFAINUSDT,2026-09-12T23:15:00.000Z,2026-09-12T23:15:18.095Z,,NOT_EXPORTED,2026-09-12T23:15:18.741Z,2026-09-12T23:15:20.279Z,1538,2026-09-12T23:15:22.573Z,2026-09-12T23:15:24.069Z,5328,2026-09-12T23:29:03.538Z,2026-09-12T23:29:03.384Z,2026-09-12T23:29:03.180Z,2026-09-12T23:30:00.555Z,2026-09-12T23:30:00.555Z,,NOT_EXPORTED,2687291511,tb-v17s-6d46283e392bbafecc31bddadad,FINISHED
FIXED_210,016662a9-9391-41a7-8db1-5410ac8bd090,ALCHUSDT,2026-09-12T23:35:00.000Z,2026-09-12T23:36:10.227Z,,NOT_EXPORTED,2026-09-12T23:36:11.490Z,2026-09-12T23:36:12.763Z,1273,2026-09-12T23:36:14.965Z,2026-09-12T23:36:16.224Z,4734,2026-09-12T23:48:04.168Z,2026-09-12T23:48:04.008Z,2026-09-12T23:48:03.804Z,2026-09-12T23:48:08.799Z,2026-09-12T23:48:08.799Z,,NOT_EXPORTED,,tb-v17s-664eb679cdacd04a32c6cf03b7f,CANCELED
FIXED_210,79eedfd0-5044-42bc-abfe-b8d32dc2fc45,KOMAUSDT,2026-09-12T23:45:00.000Z,2026-09-12T23:46:14.228Z,,NOT_EXPORTED,2026-09-12T23:46:14.829Z,2026-09-12T23:46:16.280Z,1451,2026-09-12T23:46:18.975Z,2026-09-12T23:46:20.301Z,5472,2026-09-12T23:51:04.127Z,2026-09-12T23:51:03.971Z,2026-09-12T23:51:03.480Z,2026-09-12T23:51:07.998Z,2026-09-12T23:51:07.998Z,,NOT_EXPORTED,,tb-v17s-5e3da488a83bd511ec3e3ec151f,CANCELED
FIXED_210,5b6acd15-8e10-48f1-a695-69152a70194f,ARKUSDT,2026-09-13T00:00:00.000Z,2026-09-13T00:00:14.359Z,,NOT_EXPORTED,2026-09-13T00:00:15.243Z,2026-09-13T00:00:16.592Z,1349,2026-09-13T00:00:19.325Z,2026-09-13T00:00:20.640Z,5397,2026-09-13T00:11:03.437Z,2026-09-13T00:11:03.282Z,2026-09-13T00:11:03.069Z,2026-09-13T00:12:05.847Z,2026-09-13T00:12:05.847Z,,NOT_EXPORTED,,tb-v17s-2b224e0adc5f2b5363011fe048e,CANCELED
FIXED_210,ed2d5640-c995-4abb-a6ad-1a7d718239f0,POWRUSDT,2026-09-13T00:15:00.000Z,2026-09-13T00:15:10.266Z,,NOT_EXPORTED,2026-09-13T00:15:11.101Z,2026-09-13T00:15:12.394Z,1293,2026-09-13T00:15:14.690Z,2026-09-13T00:15:16.395Z,5294,2026-09-13T00:19:05.365Z,2026-09-13T00:19:05.209Z,2026-09-13T00:19:05.055Z,2026-09-13T00:19:09.710Z,2026-09-13T00:19:09.710Z,,NOT_EXPORTED,,tb-v17s-99e90db72d410447d299e36d070,CANCELED
FIXED_210,ba4645b1-0eed-4ec6-8f8b-5790e249abfd,KNCUSDT,2026-09-13T00:55:00.000Z,2026-09-13T00:55:12.019Z,,NOT_EXPORTED,2026-09-13T00:55:12.894Z,2026-09-13T00:55:14.467Z,1573,2026-09-13T00:55:16.832Z,2026-09-13T00:55:18.117Z,5223,2026-09-13T01:01:04.620Z,2026-09-13T01:01:04.463Z,2026-09-13T01:01:04.282Z,2026-09-13T01:01:08.476Z,2026-09-13T01:01:08.476Z,,NOT_EXPORTED,,tb-v17s-1b8fae6cb9e098263c49d6c5cf4,CANCELED
FIXED_210,5615f393-8c11-45f9-9f12-a7cf7b14ac76,SAGAUSDT,2026-09-13T01:10:00.000Z,2026-09-13T01:10:13.255Z,,NOT_EXPORTED,2026-09-13T01:10:13.896Z,2026-09-13T01:10:15.270Z,1374,2026-09-13T01:10:18.288Z,2026-09-13T01:10:19.820Z,5924,2026-09-13T01:25:04.308Z,2026-09-13T01:25:04.152Z,2026-09-13T01:25:03.645Z,2026-09-13T01:25:09.634Z,2026-09-13T01:25:09.634Z,,NOT_EXPORTED,4902789317,tb-v17s-176aa22b80afb95b93af8c4d807,FINISHED
FIXED_210,4684b788-a447-44ac-9775-4745c3bd7d2e,POWRUSDT,2026-09-13T01:15:00.000Z,2026-09-13T01:15:18.185Z,,NOT_EXPORTED,2026-09-13T01:15:18.824Z,2026-09-13T01:15:20.123Z,1299,2026-09-13T01:15:22.477Z,2026-09-13T01:15:24.002Z,5178,2026-09-13T01:15:21.580Z,2026-09-13T01:15:21.416Z,2026-09-13T01:15:20.818Z,2026-09-13T01:15:31.784Z,2026-09-13T01:15:31.784Z,,NOT_EXPORTED,2205052698,tb-v17s-f93a40a432d87cb3c1fb470fd9f,FINISHED
FIXED_210,a0a7408c-f178-4397-80c1-ab47aa3acd83,STEEMUSDT,2026-09-13T01:25:00.000Z,2026-09-13T01:26:11.255Z,,NOT_EXPORTED,2026-09-13T01:26:12.127Z,2026-09-13T01:26:13.575Z,1448,2026-09-13T01:26:16.237Z,2026-09-13T01:26:17.491Z,5364,2026-09-13T01:32:03.923Z,2026-09-13T01:32:03.763Z,2026-09-13T01:32:03.591Z,2026-09-13T01:32:28.051Z,2026-09-13T01:32:28.051Z,,NOT_EXPORTED,2296983916,tb-v17s-48e6006297920aaab7e066e6357,FINISHED
FIXED_210,39d9c52e-c540-457a-8d11-e51180e4ce8f,KOMAUSDT,2026-09-13T01:30:00.000Z,2026-09-13T01:30:14.706Z,,NOT_EXPORTED,2026-09-13T01:30:15.324Z,2026-09-13T01:30:16.577Z,1253,2026-09-13T01:30:18.778Z,2026-09-13T01:30:20.050Z,4726,2026-09-13T01:41:04.215Z,2026-09-13T01:41:04.061Z,2026-09-13T01:41:02.831Z,2026-09-13T01:41:08.139Z,2026-09-13T01:41:08.139Z,,NOT_EXPORTED,,tb-v17s-b06d68a1e5fbab40ec9f2ccb7d3,CANCELED
FIXED_210,1b033cd5-c2fa-4783-931f-55871a3c0108,龙虾USDT,2026-09-13T01:35:00.000Z,2026-09-13T01:35:16.029Z,,NOT_EXPORTED,2026-09-13T01:35:16.637Z,2026-09-13T01:35:17.926Z,1289,2026-09-13T01:35:20.598Z,2026-09-13T01:35:21.860Z,5223,2026-09-13T01:53:04.508Z,2026-09-13T01:53:04.349Z,2026-09-13T01:53:03.378Z,2026-09-13T01:53:08.343Z,2026-09-13T01:53:08.343Z,,NOT_EXPORTED,,tb-v17s-307299a271cea4ad49aa4344c1e,CANCELED
FIXED_210,b1c5dc6a-ada2-48b1-bf07-ab42d4e9d6e7,SAGAUSDT,2026-09-13T01:55:00.000Z,2026-09-13T01:55:13.004Z,,NOT_EXPORTED,2026-09-13T01:55:13.613Z,2026-09-13T01:55:14.967Z,1354,2026-09-13T01:55:17.246Z,2026-09-13T01:55:18.559Z,4946,2026-09-13T01:59:04.380Z,2026-09-13T01:59:04.224Z,2026-09-13T01:59:04.096Z,2026-09-13T01:59:08.660Z,2026-09-13T01:59:08.660Z,,NOT_EXPORTED,,tb-v17s-ba59a8ed68a91810e7b3245eec2,CANCELED
FIXED_210,67c09c96-e915-40a6-b416-03e66fd54c53,ARKUSDT,2026-09-13T02:05:00.000Z,2026-09-13T02:05:10.717Z,,NOT_EXPORTED,2026-09-13T02:05:11.366Z,2026-09-13T02:05:12.894Z,1528,2026-09-13T02:05:15.197Z,2026-09-13T02:05:16.505Z,5139,2026-09-13T02:17:04.843Z,2026-09-13T02:17:04.685Z,2026-09-13T02:17:04.541Z,2026-09-13T02:17:25.969Z,2026-09-13T02:17:25.969Z,,NOT_EXPORTED,3217780330,tb-v17s-ad58fe9d21927c638fe76d88adc,FINISHED
FIXED_210,600be476-743b-409c-a00b-652a0da19078,龙虾USDT,2026-09-13T03:15:00.000Z,2026-09-13T03:16:14.450Z,,NOT_EXPORTED,2026-09-13T03:16:15.517Z,2026-09-13T03:16:16.910Z,1393,2026-09-13T03:16:19.727Z,2026-09-13T03:16:21.084Z,5567,2026-09-13T03:20:05.941Z,2026-09-13T03:20:05.785Z,2026-09-13T03:20:05.626Z,2026-09-13T03:20:09.862Z,2026-09-13T03:20:09.862Z,,NOT_EXPORTED,,tb-v17s-549728f754f0f0e700f7aed792d,CANCELED
FIXED_210,316367db-3305-4562-a0b1-875b72a2ed9a,POWRUSDT,2026-09-13T03:25:00.000Z,2026-09-13T03:26:12.205Z,,NOT_EXPORTED,2026-09-13T03:26:12.858Z,2026-09-13T03:26:14.202Z,1344,2026-09-13T03:26:16.526Z,2026-09-13T03:26:17.827Z,4969,2026-09-13T03:27:03.884Z,2026-09-13T03:27:03.716Z,2026-09-13T03:27:03.537Z,2026-09-13T03:27:55.768Z,2026-09-13T03:27:55.768Z,,NOT_EXPORTED,2209628959,tb-v17s-3bddfc978e51fc1eae3127f297e,FINISHED
FIXED_210,9ecaef3f-a916-4a5a-bbb4-3d4f06ac7a75,STEEMUSDT,2026-09-13T03:30:00.000Z,2026-09-13T03:30:14.687Z,,NOT_EXPORTED,2026-09-13T03:30:15.303Z,2026-09-13T03:30:16.562Z,1259,2026-09-13T03:30:18.722Z,2026-09-13T03:30:19.976Z,4673,2026-09-13T03:32:11.107Z,2026-09-13T03:32:10.949Z,2026-09-13T03:32:10.655Z,2026-09-13T03:32:12.430Z,2026-09-13T03:32:12.430Z,,NOT_EXPORTED,,tb-v17s-54ca88c7f2bae2b73f32e34cc15,REJECTED
FIXED_210,86b7bbe0-60f9-4ea8-8949-ccca59a8ca58,POLYXUSDT,2026-09-13T03:45:00.000Z,2026-09-13T03:45:16.012Z,,NOT_EXPORTED,2026-09-13T03:45:17.297Z,2026-09-13T03:45:18.579Z,1282,2026-09-13T03:45:20.879Z,2026-09-13T03:45:22.154Z,4857,2026-09-13T03:57:10.913Z,2026-09-13T03:57:10.754Z,2026-09-13T03:57:10.596Z,2026-09-13T03:57:15.728Z,2026-09-13T03:57:15.728Z,,NOT_EXPORTED,,tb-v17s-2671c79f181a058895bcb920575,CANCELED
FIXED_210,0124266f-b561-4139-9caa-234f8bf991b9,龙虾USDT,2026-09-13T04:10:00.000Z,2026-09-13T04:11:13.313Z,,NOT_EXPORTED,2026-09-13T04:11:13.973Z,2026-09-13T04:11:15.322Z,1349,2026-09-13T04:11:18.014Z,2026-09-13T04:11:19.628Z,5655,2026-09-13T04:20:06.854Z,2026-09-13T04:20:06.700Z,2026-09-13T04:20:06.571Z,2026-09-13T04:20:11.085Z,2026-09-13T04:20:11.085Z,,NOT_EXPORTED,,tb-v17s-edd2a9980364f31fc567253f90a,CANCELED
FIXED_210,e480e974-d0b3-4f5a-8205-b84f2678cf31,VTHOUSDT,2026-09-13T04:30:00.000Z,2026-09-13T04:31:12.723Z,,NOT_EXPORTED,2026-09-13T04:31:13.584Z,2026-09-13T04:31:14.851Z,1267,2026-09-13T04:31:17.030Z,2026-09-13T04:31:18.307Z,4723,2026-09-13T04:35:04.283Z,2026-09-13T04:35:04.108Z,2026-09-13T04:35:03.740Z,2026-09-13T04:35:14.113Z,2026-09-13T04:35:14.113Z,,NOT_EXPORTED,783592069,tb-v17s-a0a256816278ba067c69ff678dc,FINISHED
FIXED_210,2e63ba95-103b-469a-a61f-ad6886ac6004,SAGAUSDT,2026-09-13T04:40:00.000Z,2026-09-13T04:41:11.722Z,,NOT_EXPORTED,2026-09-13T04:41:12.334Z,2026-09-13T04:41:13.595Z,1261,2026-09-13T04:41:15.792Z,2026-09-13T04:41:17.066Z,4732,2026-09-13T04:46:04.954Z,2026-09-13T04:46:04.789Z,2026-09-13T04:46:04.603Z,2026-09-13T04:46:41.709Z,2026-09-13T04:46:41.709Z,,NOT_EXPORTED,4904196340,tb-v17s-c501e2d34f65408d60117a24a86,FINISHED
FIXED_210,4543d76c-dc55-4654-876b-f7834570176b,VTHOUSDT,2026-09-13T05:05:00.000Z,2026-09-13T05:05:16.751Z,,NOT_EXPORTED,2026-09-13T05:05:17.817Z,2026-09-13T05:05:19.147Z,1330,2026-09-13T05:05:21.653Z,2026-09-13T05:05:22.928Z,5111,2026-09-13T05:06:03.618Z,2026-09-13T05:06:03.462Z,2026-09-13T05:06:03.198Z,2026-09-13T05:06:52.113Z,2026-09-13T05:06:52.113Z,,NOT_EXPORTED,786891164,tb-v17s-f052c4dbf4bf82d2b52e4824c74,FINISHED
FIXED_210,84a796de-c6cf-4f0f-ae9d-72743db9292b,AVAUSDT,2026-09-13T05:15:00.000Z,2026-09-13T05:16:12.310Z,,NOT_EXPORTED,2026-09-13T05:16:13.132Z,2026-09-13T05:16:14.372Z,1240,2026-09-13T05:16:16.594Z,2026-09-13T05:16:17.873Z,4741,2026-09-13T05:22:04.424Z,2026-09-13T05:22:04.265Z,2026-09-13T05:22:04.097Z,2026-09-13T05:23:02.434Z,2026-09-13T05:23:02.434Z,,NOT_EXPORTED,952494640,tb-v17s-2d637cd0af6535e2815569aeaca,FINISHED
FIXED_210,6646f8dd-8b1b-4b86-8dac-db7e7b9a6e96,ILVUSDT,2026-09-13T05:35:00.000Z,2026-09-13T05:36:12.887Z,,NOT_EXPORTED,2026-09-13T05:36:13.502Z,2026-09-13T05:36:14.843Z,1341,2026-09-13T05:36:17.194Z,2026-09-13T05:36:18.545Z,5043,2026-09-13T05:36:16.280Z,2026-09-13T05:36:16.119Z,2026-09-13T05:36:15.712Z,2026-09-13T05:36:28.702Z,2026-09-13T05:36:28.702Z,,NOT_EXPORTED,2500485529,tb-v17s-f1845dcc0df1fc1d19e7dcff9ce,FINISHED
FIXED_210,91c496d2-5731-4244-a016-576a94f90216,PUNDIXUSDT,2026-09-13T06:15:00.000Z,2026-09-13T06:16:12.470Z,,NOT_EXPORTED,2026-09-13T06:16:13.972Z,2026-09-13T06:16:15.690Z,1718,2026-09-13T06:16:18.098Z,2026-09-13T06:16:19.371Z,5399,2026-09-13T06:21:03.797Z,2026-09-13T06:21:03.631Z,2026-09-13T06:21:03.248Z,2026-09-13T06:21:08.306Z,2026-09-13T06:21:08.306Z,,NOT_EXPORTED,,tb-v17s-4e99524d2bb1f322596b508525e,CANCELED
FIXED_210,594cba3b-b359-47e2-bf21-bd0e8df2b538,ARKUSDT,2026-09-13T07:30:00.000Z,2026-09-13T07:30:09.321Z,,NOT_EXPORTED,2026-09-13T07:30:09.930Z,2026-09-13T07:30:11.237Z,1307,2026-09-13T07:30:13.709Z,2026-09-13T07:30:15.032Z,5102,2026-09-13T07:31:03.489Z,2026-09-13T07:31:03.315Z,2026-09-13T07:31:02.901Z,2026-09-13T07:31:10.191Z,2026-09-13T07:31:10.191Z,,NOT_EXPORTED,3220991189,tb-v17s-4914bd4cff4da203fff91f0e699,FINISHED
FIXED_210,3fc3e93f-44ff-4d09-90da-0836af362942,AVAUSDT,2026-09-13T07:30:00.000Z,2026-09-13T07:31:10.711Z,,NOT_EXPORTED,2026-09-13T07:31:11.539Z,2026-09-13T07:31:12.829Z,1290,2026-09-13T07:31:15.708Z,2026-09-13T07:31:17.014Z,5475,2026-09-13T07:42:03.800Z,2026-09-13T07:42:03.639Z,2026-09-13T07:42:03.284Z,2026-09-13T07:42:08.751Z,2026-09-13T07:42:08.751Z,,NOT_EXPORTED,,tb-v17s-277585e5d730719dc01fc6ac5d2,CANCELED
FIXED_210,30f8d76f-46e2-486f-a844-5140945dc06e,ARKUSDT,2026-09-13T08:45:00.000Z,2026-09-13T08:46:09.011Z,,NOT_EXPORTED,2026-09-13T08:46:09.614Z,2026-09-13T08:46:10.939Z,1325,2026-09-13T08:46:13.219Z,2026-09-13T08:46:14.499Z,4885,2026-09-13T08:50:06.026Z,2026-09-13T08:50:05.860Z,2026-09-13T08:50:05.712Z,2026-09-13T08:50:34.743Z,2026-09-13T08:50:34.743Z,,NOT_EXPORTED,3222021571,tb-v17s-aec4e9321cdb324fd4b99cabbb6,FINISHED
FIXED_210,d2460043-a596-4e9e-9c0f-94e1af5687f0,SAGAUSDT,2026-09-13T09:05:00.000Z,2026-09-13T09:06:07.469Z,,NOT_EXPORTED,2026-09-13T09:06:08.104Z,2026-09-13T09:06:09.455Z,1351,2026-09-13T09:06:11.909Z,2026-09-13T09:06:13.248Z,5144,2026-09-13T09:12:04.711Z,2026-09-13T09:12:04.485Z,2026-09-13T09:12:03.598Z,2026-09-13T09:12:10.284Z,2026-09-13T09:12:10.284Z,,NOT_EXPORTED,,tb-v17s-569b92ebadef65ca1cc00ac8af9,CANCELED
FIXED_210,6320bad6-d86b-48be-bbdc-775a685ffcb6,STEEMUSDT,2026-09-13T09:15:00.000Z,2026-09-13T09:15:08.639Z,,NOT_EXPORTED,2026-09-13T09:15:09.244Z,2026-09-13T09:16:05.298Z,56054,2026-09-13T09:16:07.989Z,2026-09-13T09:16:09.336Z,60092,2026-09-13T09:16:06.867Z,2026-09-13T09:16:06.704Z,2026-09-13T09:16:06.485Z,2026-09-13T09:16:54.109Z,2026-09-13T09:16:54.109Z,,NOT_EXPORTED,2311792517,tb-v17s-d5209d0138a2654414d4fa8a7de,FINISHED
FIXED_210,681aec00-81df-4fb2-8f55-d20320811210,POLYXUSDT,2026-09-13T10:45:00.000Z,2026-09-13T10:45:08.833Z,,NOT_EXPORTED,2026-09-13T10:45:09.468Z,2026-09-13T10:45:09.468Z,0,2026-09-13T10:45:13.462Z,2026-09-13T10:45:14.760Z,5292,2026-09-13T10:52:10.994Z,2026-09-13T10:52:10.835Z,2026-09-13T10:52:10.697Z,2026-09-13T10:52:14.816Z,2026-09-13T10:52:14.816Z,,NOT_EXPORTED,,tb-v17s-0791c835162afd3a031c8cd4255,CANCELED
FIXED_210,69cdf212-34ca-4339-905d-5b32f356a4d3,龙虾USDT,2026-09-13T11:15:00.000Z,2026-09-13T11:15:12.508Z,,NOT_EXPORTED,2026-09-13T11:15:13.373Z,2026-09-13T11:15:13.373Z,0,2026-09-13T11:15:17.116Z,2026-09-13T11:15:18.386Z,5013,2026-09-13T11:25:04.107Z,2026-09-13T11:25:03.950Z,2026-09-13T11:25:03.821Z,2026-09-13T11:25:09.761Z,2026-09-13T11:25:09.761Z,,NOT_EXPORTED,,tb-v17s-e6a7f95514539a411b20e4e8d8f,CANCELED
FIXED_210,104b3c79-7490-484f-a934-3228f9780591,FLOCKUSDT,2026-09-13T11:30:00.000Z,2026-09-13T11:30:11.039Z,,NOT_EXPORTED,2026-09-13T11:30:11.675Z,2026-09-13T11:30:11.675Z,0,2026-09-13T11:30:16.225Z,2026-09-13T11:30:17.519Z,5844,2026-09-13T11:37:03.735Z,2026-09-13T11:37:03.578Z,2026-09-13T11:37:02.976Z,2026-09-13T11:37:07.839Z,2026-09-13T11:37:07.839Z,,NOT_EXPORTED,,tb-v17s-98ad7c2b6212f2a925431b962cd,CANCELED
FIXED_210,f99c1d50-63c8-4ac9-bb81-0390660352b8,BTWUSDT,2026-09-13T11:45:00.000Z,2026-09-13T11:46:09.986Z,,NOT_EXPORTED,2026-09-13T11:46:10.611Z,2026-09-13T11:46:10.611Z,0,2026-09-13T11:46:14.155Z,2026-09-13T11:46:15.436Z,4825,2026-09-13T11:51:04.150Z,2026-09-13T11:51:03.971Z,2026-09-13T11:51:03.610Z,2026-09-13T11:51:42.399Z,2026-09-13T11:51:42.399Z,,NOT_EXPORTED,1887311906,tb-v17s-1b402c9cc28645141d9e32507af,FINISHED
FIXED_210,7974d3fe-088b-4638-acaa-99467ff0ef94,ARKUSDT,2026-09-13T11:50:00.000Z,2026-09-13T11:50:18.928Z,,NOT_EXPORTED,2026-09-13T11:50:19.534Z,2026-09-13T11:50:19.534Z,0,2026-09-13T11:50:23.604Z,2026-09-13T11:50:25.213Z,5679,2026-09-13T11:52:04.123Z,2026-09-13T11:52:03.949Z,2026-09-13T11:52:03.780Z,2026-09-13T11:52:44.390Z,2026-09-13T11:52:44.390Z,,NOT_EXPORTED,3223991764,tb-v17s-e389e37833d408fb94e77557e74,FINISHED
FIXED_210,985525a5-89f7-4a81-90ac-71b93105a0c2,CVCUSDT,2026-09-13T12:10:00.000Z,2026-09-13T12:10:13.238Z,,NOT_EXPORTED,2026-09-13T12:10:13.849Z,2026-09-13T12:10:13.849Z,0,2026-09-13T12:10:17.561Z,2026-09-13T12:10:18.885Z,5036,2026-09-13T12:13:04.135Z,2026-09-13T12:13:03.960Z,2026-09-13T12:13:03.693Z,2026-09-13T12:13:22.676Z,2026-09-13T12:13:22.676Z,,NOT_EXPORTED,443307531,tb-v17s-9deb5893f9c9dbc43b042d3d0c7,FINISHED
