cohort_role,position_id,symbol,side,ownership,decision_at,exchange_entry_fill_at,db_entry_at,entry_time_source,exit_fill_or_close_at,entry_price,exit_price,quantity,gross_price_pnl_usdt,settled_net_pnl_usdt,price_to_settlement_difference_usdt,known_entry_fee_usdt,known_exit_fee_usdt,known_fee_sum_usdt,residual_after_known_fees_usdt,funding_cashflow_usdt,funding_coverage,exit_reason,executor_patch,entry_policy_version,exit_policy_version,qv3_policy_version,entry_order_client_id,entry_exchange_order_id
FIXED_210,88556a19-5878-4372-9df2-0e6e7a22e433,INJUSDT,LONG,AUTO_LEADER_MOMENTUM_V17_COHORT,2026-09-08 02:26:03.381689+00,2026-09-08T02:26:04.612Z,2026-09-08T02:26:05.078Z,RAW_FILL_RECONSTRUCTED,2026-09-08T02:58:04.265Z,6.648,6.475,18.1,-3.1313,-3.25006315,0.11876315,0.0601644,,,,,UNKNOWN_NOT_ZERO,V17_HARD_STOP,V17-LEADER-PRODUCTION-INTEGRATION-1,,,,tb-v11e-413cfdc237b04e388eb623a6,
FIXED_210,83f4df49-26c5-4e94-8700-f36303f6c0ef,SOPHUSDT,LONG,AUTO_LEADER_MOMENTUM_V17_COHORT,2026-09-08 03:01:02.742065+00,2026-09-08T03:01:03.515Z,2026-09-08T03:01:03.994Z,RAW_FILL_RECONSTRUCTED,2026-09-08T03:43:04.419Z,0.007400631543167913,0.0076890000000000005,16181,4.66609,4.54400735,0.12208265,0.0598748,,,,,UNKNOWN_NOT_ZERO,V17_TRAILING_STOP,V17-LEADER-PRODUCTION-INTEGRATION-1,,,,tb-v11e-f9557902e5924509bd7181e9,
FIXED_210,2f084a77-a0ca-4c1c-b467-e4be50862ec6,IOSTUSDT,LONG,AUTO_LEADER_MOMENTUM_V17_COHORT,2026-09-08 03:46:03.291004+00,2026-09-08T03:46:04.935Z,2026-09-08T03:46:05.400Z,RAW_FILL_RECONSTRUCTED,2026-09-08T03:56:04.172Z,0.0011393413221021443,0.0010991240318322538,105302,-4.2349611,-4.35281852,0.11785742,0.059987450000000005,,,,,UNKNOWN_NOT_ZERO,V17_HARD_STOP,V17-LEADER-PRODUCTION-INTEGRATION-1,,,,tb-v11e-58eb299474ad4f2db0985240,
FIXED_210,8af6af51-bb20-4b8b-ac6b-eaeb50d53a98,AEROUSDT,LONG,AUTO_LEADER_MOMENTUM_V17_COHORT,2026-09-08 04:01:03.239356+00,2026-09-08T04:01:04.453Z,2026-09-08T04:01:04.917Z,RAW_FILL_RECONSTRUCTED,2026-09-08T05:01:03.930Z,0.6668000000000001,0.6461,179.7,-3.71979,-3.83775406,0.11796406,0.05991198,,,,,UNKNOWN_NOT_ZERO,V17_HARD_STOP,V17-LEADER-PRODUCTION-INTEGRATION-1,,,,tb-v11e-a9d453c547864263bbb55339,
FIXED_210,49e3d344-76a2-4994-a344-01aa1b003406,SOPHUSDT,LONG,AUTO_LEADER_MOMENTUM_V17_COHORT,2026-09-08 05:05:03.959817+00,2026-09-08T05:05:04.722Z,2026-09-08T05:05:05.195Z,RAW_FILL_RECONSTRUCTED,2026-09-08T05:20:05.033Z,0.010060999999999999,0.010683,11898,7.400556,7.27714996,0.12340604,0.05985288,,,,,UNKNOWN_NOT_ZERO,V17_TRAILING_STOP,V17-LEADER-PRODUCTION-INTEGRATION-1,,,,tb-v11e-5784dbc37ca34d1687432a3f,
FIXED_210,61cae170-54e9-4453-8e95-cd55127bbd8e,USELESSUSDT,LONG,AUTO_LEADER_MOMENTUM_V17_COHORT,2026-09-08 06:16:02.730131+00,2026-09-08T06:16:04.425Z,2026-09-08T06:16:04.885Z,RAW_FILL_RECONSTRUCTED,2026-09-08T06:32:04.025Z,0.2503072860125261,0.2432377661795407,479,-3.3863,-3.50450402,0.11820402,0.059948589999999996,,,,,UNKNOWN_NOT_ZERO,V17_HARD_STOP,V17-LEADER-PRODUCTION-INTEGRATION-1,,,,tb-v11e-da15b079fae148a88039211d,
FIXED_210,a5ab1fa0-1a90-4c8d-b73c-745ae5630c57,AKEUSDT,LONG,AUTO_LEADER_MOMENTUM_V17_COHORT,2026-09-08 07:11:03.125906+00,2026-09-08T07:11:04.368Z,2026-09-08T07:11:04.836Z,RAW_FILL_RECONSTRUCTED,2026-09-08T07:35:03.939Z,0.01895052440372769,0.018281,6331,-4.238759,-4.35661537,0.11785637,0.05998787,,,,,UNKNOWN_NOT_ZERO,V17_HARD_STOP,V17-LEADER-PRODUCTION-INTEGRATION-1,,,,tb-v11e-b0ef31e9ae5e48ba8bc3cb74,
FIXED_210,b9501639-d5b1-4d4d-8478-d432f8f862ca,FORMUSDT,LONG,AUTO_LEADER_MOMENTUM_V17_COHORT,2026-09-08 07:45:05.558997+00,2026-09-08T07:45:06.132Z,2026-09-08T07:45:06.600Z,RAW_FILL_RECONSTRUCTED,2026-09-08T07:52:13.879Z,0.38866016181229773,0.3702,309,-5.70419,-5.82143389,0.11724389,0.06004799,,,,,UNKNOWN_NOT_ZERO,V17_HARD_STOP,V17-LEADER-PRODUCTION-INTEGRATION-1,,,,tb-v11e-cde16d169f1a484ab5f18189,
FIXED_210,9745f184-84e6-4d17-9636-ceb7ee116d3e,BTRUSDT,LONG,AUTO_LEADER_MOMENTUM_V17_COHORT,2026-09-08 09:05:05.998755+00,2026-09-08T09:05:07.664Z,2026-09-08T09:05:08.120Z,RAW_FILL_RECONSTRUCTED,2026-09-08T09:31:04.934Z,0.051897839239412276,0.05280624891961971,2314,2.10206,1.98091738,0.12114262,0.060045799999999996,,,,,UNKNOWN_NOT_ZERO,V17_TRAILING_STOP,V17-LEADER-PRODUCTION-INTEGRATION-1,,,,tb-v11e-6858dbc828244385b638d2ba,
FIXED_210,b6272135-f9d6-4a91-9ca7-225465429a55,USELESSUSDT,LONG,AUTO_LEADER_MOMENTUM_V17_COHORT,2026-09-08 10:00:07.268593+00,2026-09-08T10:00:07.840Z,2026-09-08T10:00:08.743Z,RAW_FILL_RECONSTRUCTED,2026-09-08T10:27:04.170Z,0.2662,0.2680160975609756,451,0.81906,0.69859427,0.12046573,0.0600281,,,,,UNKNOWN_NOT_ZERO,V17_TRAILING_STOP,V17-LEADER-PRODUCTION-INTEGRATION-1,,,,tb-v11e-4830570a56da4bcb9c6e7cd4,
FIXED_210,d01e99e1-3f2d-4039-94c6-e66d0e65d19b,VETUSDT,LONG,AUTO_LEADER_MOMENTUM_V17_COHORT,2026-09-08 11:31:03.024271+00,2026-09-08T11:31:04.695Z,2026-09-08T11:31:05.164Z,RAW_FILL_RECONSTRUCTED,2026-09-08T12:25:04.742Z,0.007966448919906945,0.007794000000000001,15045,-2.594494,-2.71305195,0.11855795,0.05992759,,,,,UNKNOWN_NOT_ZERO,V17_MOMENTUM_STALE,V17-LEADER-PRODUCTION-INTEGRATION-1,,,,tb-v11e-6936925596df492489c67a1e,
FIXED_210,9a9d9dba-db9f-4f1b-9936-1e0c58c0360e,AKEUSDT,LONG,AUTO_LEADER_MOMENTUM_V17_COHORT,2026-09-08 12:31:02.697492+00,2026-09-08T12:31:03.520Z,2026-09-08T12:31:03.998Z,RAW_FILL_RECONSTRUCTED,2026-09-08T13:22:04.962Z,0.019071548633184998,0.01905339574062301,6292,-0.114218,-0.23415904,0.11994104,0.059999079999999996,,,,,UNKNOWN_NOT_ZERO,V17_MOMENTUM_STALE,V17-EXIT-RELIABILITY-REVIEW-2,,,,tb-v11e-42375b604e964ecf8006812b,
FIXED_210,8728055d-3228-4b99-b745-89195af1501a,USELESSUSDT,LONG,AUTO_LEADER_MOMENTUM_V17_COHORT,2026-09-08 14:05:03.981402+00,2026-09-08T14:05:04.638Z,2026-09-08T14:05:05.114Z,RAW_FILL_RECONSTRUCTED,2026-09-08T14:20:05.956Z,0.28124,0.28828997663551403,428,3.01739,2.8955106,0.1218794,0.06018535,,,,,UNKNOWN_NOT_ZERO,V17_TRAILING_STOP,V17-EXIT-RELIABILITY-REVIEW-2,,,,tb-v11e-f1e73dfb3f1d4f6dab47465d,
FIXED_210,e3d9d506-4c5e-443b-b935-ee347c4fcc43,VVVUSDT,LONG,AUTO_LEADER_MOMENTUM_V17_COHORT,2026-09-08 14:25:06.43236+00,2026-09-08T14:25:07.260Z,2026-09-08T14:25:07.739Z,RAW_FILL_RECONSTRUCTED,2026-09-08T14:42:04.413Z,20.88251388888889,22.46,5.76,9.08632,8.96149356,0.12482644,0.06014164,,,,,UNKNOWN_NOT_ZERO,V17_TRAILING_STOP,V17-EXIT-RELIABILITY-REVIEW-2,,,,tb-v11e-6e25157f9bc24693bc9dfde9,
FIXED_210,293822f2-1668-4387-b6c3-ddcb9b98c1ef,VVVUSDT,LONG,AUTO_LEADER_MOMENTUM_V17_COHORT,2026-09-08 14:51:02.884177+00,2026-09-08T14:51:03.900Z,2026-09-08T14:51:04.368Z,RAW_FILL_RECONSTRUCTED,2026-09-08T14:55:06.810Z,23.930000000000003,23.193,5.02,-3.69974,-3.81801872,0.11827872,0.0600643,,,,,UNKNOWN_NOT_ZERO,V17_HARD_STOP,V17-EXIT-RELIABILITY-REVIEW-2,,,,tb-v11e-c513eb15e9be4bf2a08c0102,
FIXED_210,485b7a98-8010-4154-8f90-f45368f60a66,DOGSUSDT,LONG,AUTO_LEADER_MOMENTUM_V17_COHORT,2026-09-08 15:31:03.498648+00,2026-09-08T15:31:05.210Z,2026-09-08T15:31:05.679Z,RAW_FILL_RECONSTRUCTED,2026-09-08T16:13:04.218Z,0.000051643986181820695,0.000051569999999999996,2322882,-0.17186117,-0.29173809,0.11987692,0.05998141,,,,,UNKNOWN_NOT_ZERO,V17_TRAILING_STOP,V17-EXIT-RELIABILITY-REVIEW-2,,,,tb-v11e-7d0ee0a15b6f4adc929e2cb0,
FIXED_210,807850cb-a1b9-4110-b7ac-b6d3b0a7a2b6,PONSUSDT,LONG,AUTO_LEADER_MOMENTUM_V17_COHORT,2026-09-08 16:16:03.163541+00,2026-09-08T16:16:04.388Z,2026-09-08T16:16:04.854Z,RAW_FILL_RECONSTRUCTED,2026-09-08T16:43:04.400Z,0.8405461538461539,0.8665,143,3.7114,3.58934621,0.12205379,0.06009905,,,,,UNKNOWN_NOT_ZERO,V17_TRAILING_STOP,V17-EXIT-RELIABILITY-REVIEW-2,,,,tb-v11e-5bae9849281e49a6b791571d,
FIXED_210,bbb92780-9700-4a87-891d-2ac27cade9db,BRUSDT,LONG,AUTO_LEADER_MOMENTUM_V17_COHORT,2026-09-08 16:46:03.05085+00,2026-09-08T16:46:04.464Z,2026-09-08T16:46:04.967Z,RAW_FILL_RECONSTRUCTED,2026-09-08T17:32:04.929Z,0.27647494252873567,0.27588999999999997,435,-0.25445,-0.37458936,0.12013936,0.06013330000000001,,,,,UNKNOWN_NOT_ZERO,V17_MOMENTUM_STALE,V17-EXIT-RELIABILITY-REVIEW-2,,,,tb-v11e-b4921934281c4b41a3e0022d,
FIXED_210,62dba0dc-51dd-4e9a-9c92-220088e7991a,GPSUSDT,LONG,AUTO_LEADER_MOMENTUM_V17_COHORT,2026-09-08 18:00:09.120066+00,2026-09-08T18:00:10.389Z,2026-09-08T18:00:11.291Z,RAW_FILL_RECONSTRUCTED,2026-09-08T18:46:04.485Z,0.011728622691292875,0.011845,10233,1.190889,1.0702746,0.1206144,0.060009469999999995,,,,,UNKNOWN_NOT_ZERO,V17_TRAILING_STOP,V17-EXIT-RELIABILITY-REVIEW-2,,,,tb-v11e-1ffd6f75012e4e99bf765e60,
FIXED_210,c19553f5-1f29-496e-aee8-c97043135ea0,DOGSUSDT,LONG,AUTO_LEADER_MOMENTUM_V17_COHORT,2026-09-08 19:11:03.033143+00,2026-09-08T19:11:03.589Z,2026-09-08T19:11:04.060Z,RAW_FILL_RECONSTRUCTED,2026-09-08T19:31:04.464Z,0.00005756,0.000054611755585342994,2085145,-6.1475171,-6.26446426,0.11694716,0.06001046,,,,,UNKNOWN_NOT_ZERO,V17_HARD_STOP,V17-EXIT-RELIABILITY-REVIEW-2,,,,tb-v11e-d8ba62c866cd4385b9205594,
FIXED_210,146a8384-0752-4b42-9d83-239d70b0c4e2,DOTUSDT,LONG,AUTO_LEADER_MOMENTUM_V17_COHORT,2026-09-08 20:16:03.372269+00,2026-09-08T20:16:04.607Z,2026-09-08T20:16:05.075Z,RAW_FILL_RECONSTRUCTED,2026-09-08T20:49:05.872Z,1.2686292502639913,1.234887117212249,94.7,-3.19538,-3.31392147,0.11854147,0.06006957,,,,,UNKNOWN_NOT_ZERO,V17_HARD_STOP,V17-EXIT-RELIABILITY-REVIEW-2,,,,tb-v11e-6738eff8124b42e19734494f,
FIXED_210,512d82bc-43c0-4ad4-9aa1-a1f588e15220,RAYSOLUSDT,LONG,AUTO_LEADER_MOMENTUM_V17_COHORT,2026-09-08 21:01:02.926189+00,2026-09-08T21:01:03.727Z,2026-09-08T21:01:04.193Z,RAW_FILL_RECONSTRUCTED,2026-09-08T21:41:04.557Z,1.2190565922920893,1.1884000000000001,98.6,-3.02274,-3.14142761,0.11868761,0.060099490000000005,,,,,UNKNOWN_NOT_ZERO,V17_HARD_STOP,V17-EXIT-RELIABILITY-REVIEW-2,,,,tb-v11e-af6ce09a57c742c8a2217890,
FIXED_210,af68ee80-47cf-4bcb-9b5f-a14703ee2acf,EGLDUSDT,LONG,AUTO_LEADER_MOMENTUM_V17_COHORT,2026-09-08 22:01:03.064189+00,2026-09-08T22:01:04.751Z,2026-09-08T22:01:05.223Z,RAW_FILL_RECONSTRUCTED,2026-09-08T23:52:03.052Z,4.937426229508197,5.005,24.4,1.6488,1.5275024,0.1212976,0.0602366,0.061061000000000004,0.1212976,0,,UNKNOWN_NOT_ZERO,V17_NATIVE_STOP,V17-EXIT-RELIABILITY-REVIEW-2,,,,tb-v11e-2aed77f9c81c4ed5916ca560,
FIXED_210,43c22eef-0f0a-4c63-94f4-7101bbdb1c07,FORMUSDT,LONG,AUTO_LEADER_MOMENTUM_V17_COHORT,2026-09-09 00:01:02.830132+00,2026-09-09T00:01:03.629Z,2026-09-09T00:01:04.102Z,RAW_FILL_RECONSTRUCTED,2026-09-09T00:14:26.494Z,0.3272,0.3275,367,0.1101,-0.01003745,0.12013745,0.0600412,0.06009625,0.12013745,0,,UNKNOWN_NOT_ZERO,V17_NATIVE_STOP,V17-EXIT-RELIABILITY-REVIEW-2,,,,tb-v11e-7d779a09c29744e486b67922,
FIXED_210,a3f63fca-805b-456d-a4b3-dbbb044c2c54,BRUSDT,LONG,AUTO_LEADER_MOMENTUM_V17_COHORT,2026-09-09 00:26:02.884221+00,2026-09-09T00:26:03.459Z,2026-09-09T00:26:03.923Z,RAW_FILL_RECONSTRUCTED,2026-09-09T01:41:04.477Z,0.27712,0.27474442396313364,434,-1.031,-1.15075456,0.11975456,0.06013504,,,,,UNKNOWN_NOT_ZERO,V17_NATIVE_STOP,V17-EXIT-RELIABILITY-REVIEW-2,,,,tb-v11e-9c48ff81462d4e4fa8942a79,
FIXED_210,1675ae6d-b65c-4107-b229-f75916449bca,PIEVERSEUSDT,LONG,AUTO_LEADER_MOMENTUM_V17_COHORT,2026-09-09 01:51:13.087812+00,2026-09-09T01:51:14.104Z,2026-09-09T01:51:14.575Z,RAW_FILL_RECONSTRUCTED,2026-09-09T01:54:16.979Z,1.340565060240964,1.342956626506024,83,0.1985,0.08713385,0.11136615,0.05563345,0.055732699999999996,0.11136615,0,,UNKNOWN_NOT_ZERO,V17_NATIVE_STOP,V17-EXIT-RELIABILITY-REVIEW-2,,,,tb-v11e-84b3e4c3ad9f4907ac67f8d9,
FIXED_210,12fbf516-7e14-442d-b970-d8a4b09b23be,ETCUSDT,LONG,AUTO_LEADER_MOMENTUM_V17_COHORT,2026-09-09 02:06:02.720353+00,2026-09-09T02:06:03.510Z,2026-09-09T02:06:03.969Z,RAW_FILL_RECONSTRUCTED,2026-09-09T02:55:04.473Z,8.949,8.878,13.43,-0.95353,-1.07323829,0.11970829,0.060092530000000005,,,,,UNKNOWN_NOT_ZERO,V17_NATIVE_STOP,V17-EXIT-RELIABILITY-REVIEW-2,,,,tb-v11e-96c1f688553d48289d2e5da6,
FIXED_210,256aa417-03a7-4d7a-a120-74a0802f03c1,KATUSDT,LONG,AUTO_LEADER_MOMENTUM_V17_COHORT,2026-09-09 03:16:04.143247+00,2026-09-09T03:16:05.001Z,2026-09-09T03:16:05.485Z,RAW_FILL_RECONSTRUCTED,2026-09-09T03:20:20.745Z,0.0055839999999999996,0.005596,21422,0.257064,0.13731504,0.11974896,0.059810209999999996,0.05993875,0.11974896,0,,UNKNOWN_NOT_ZERO,V17_NATIVE_STOP,V17-EXIT-RELIABILITY-REVIEW-2,,,,tb-v11e-90479fd6199344fd82bfbc38,
FIXED_210,0f675e44-1048-4413-9d0e-956187553ae8,PHAROSUSDT,LONG,AUTO_LEADER_MOMENTUM_V17_COHORT,2026-09-09 04:56:02.886571+00,2026-09-09T04:56:04.568Z,2026-09-09T04:56:05.045Z,RAW_FILL_RECONSTRUCTED,2026-09-09T05:03:32.452Z,0.5344,0.5554444444444444,225,4.735,4.6123925,0.1226075,0.06012,0.0624875,0.1226075,0,,UNKNOWN_NOT_ZERO,V17_NATIVE_STOP,V17-EXIT-RELIABILITY-REVIEW-2,,,,tb-v11e-6597114ae21e4917bf509e24,
FIXED_210,3a762261-6a75-49da-ae6c-acd557336658,RAYSOLUSDT,LONG,AUTO_LEADER_MOMENTUM_V17_COHORT,2026-09-09 05:06:03.252902+00,2026-09-09T05:06:04.776Z,2026-09-09T05:06:05.261Z,RAW_FILL_RECONSTRUCTED,2026-09-09T05:43:38.102Z,1.2535498956158664,1.2821,95.8,2.7351,2.61364238,0.12145762,0.06004503,0.06141259,0.12145762,0,,UNKNOWN_NOT_ZERO,V17_NATIVE_STOP,V17-EXIT-RELIABILITY-REVIEW-2,,,,tb-v11e-e50e8f3645104a9ebc99f001,
FIXED_210,bd5fd912-d1c4-4e2d-acee-5cffd3ca8174,RAYSOLUSDT,LONG,AUTO_LEADER_MOMENTUM_V17_COHORT,2026-09-09 05:51:02.698589+00,2026-09-09T05:51:03.292Z,2026-09-09T05:51:03.770Z,RAW_FILL_RECONSTRUCTED,2026-09-09T06:08:44.364Z,1.3016999999999999,1.304371924290221,63.4,0.1694,0.08678753,0.08261247,0.04126388,0.041348590000000005,0.08261247,0,,UNKNOWN_NOT_ZERO,V17_NATIVE_STOP,V17-EXIT-RELIABILITY-REVIEW-2,,,,tb-v11e-ab862a27835e43b0a4e56545,
FIXED_210,10152f01-56f7-42ff-a540-9eeeb4682112,BRUSDT,LONG,AUTO_LEADER_MOMENTUM_V17_COHORT,2026-09-09 06:31:03.709682+00,2026-09-09T06:31:04.354Z,2026-09-09T06:31:04.829Z,RAW_FILL_RECONSTRUCTED,2026-09-09T06:47:02.242Z,0.28470497630331754,0.2985784834123223,422,5.85462,5.7315472,0.1230728,0.06007274,0.06300006,0.1230728,0,,UNKNOWN_NOT_ZERO,V17_NATIVE_STOP,V17-EXIT-RELIABILITY-REVIEW-2,,,,tb-v11e-f7d0c97d3a2f432c9c88f962,
FIXED_210,88581d47-ce3a-4375-a58b-953d99553348,GRASSUSDT,LONG,AUTO_LEADER_MOMENTUM_V17_COHORT,2026-09-09 06:51:03.477615+00,2026-09-09T06:51:04.319Z,2026-09-09T06:51:04.792Z,RAW_FILL_RECONSTRUCTED,2026-09-09T07:18:39.702Z,0.366,0.3666,328,0.1968,0.07665363,0.12014637,0.06002399,0.06012238,0.12014637,0,,UNKNOWN_NOT_ZERO,V17_NATIVE_STOP,V17-EXIT-RELIABILITY-REVIEW-2,,,,tb-v11e-0eb4417beeba4281a88636f4,
FIXED_210,b0d5f8c9-6a3c-4293-9acb-07fa48d21f0c,VVVUSDT,LONG,AUTO_LEADER_MOMENTUM_V17_COHORT,2026-09-09 07:25:05.335379+00,2026-09-09T07:25:06.825Z,2026-09-09T07:25:07.302Z,RAW_FILL_RECONSTRUCTED,2026-09-09T07:30:38.162Z,28.720429594272073,28.773000000000003,4.19,0.22027,0.09982127,0.12044873,0.0601693,0.06027943,0.12044873,0,,UNKNOWN_NOT_ZERO,V17_NATIVE_STOP,V17-EXIT-RELIABILITY-REVIEW-2,,,,tb-v11e-79b5da21c7d4466ba7bb25ce,
FIXED_210,73b8ce8d-3495-4710-8def-8af909b060ec,TRUTHUSDT,LONG,AUTO_LEADER_MOMENTUM_V17_COHORT,2026-09-09 07:46:02.98477+00,2026-09-09T07:46:04.254Z,2026-09-09T07:46:04.727Z,RAW_FILL_RECONSTRUCTED,2026-09-09T08:07:32.954Z,0.014256999999999999,0.014407,8422,1.2633,1.14259591,0.12070409,0.06003622,0.06066787,0.12070409,0,,UNKNOWN_NOT_ZERO,V17_NATIVE_STOP,V17-EXIT-RELIABILITY-REVIEW-2,,,,tb-v11e-500f83b1773f481eb8376d6b,
FIXED_210,0ab82c1a-4e97-461a-b10d-e855ead6af43,IOSTUSDT,LONG,AUTO_LEADER_MOMENTUM_V17_COHORT,2026-09-09 08:46:02.735444+00,2026-09-09T08:46:03.323Z,2026-09-09T08:46:03.806Z,RAW_FILL_RECONSTRUCTED,2026-09-09T08:52:30.061Z,0.0012337366523834479,0.0012025,97317,-3.0398573,-3.15840087,0.11854357,0.06003172999999999,0.05851184,0.11854357,0,,UNKNOWN_NOT_ZERO,V17_NATIVE_STOP,V17-EXIT-RELIABILITY-REVIEW-2,,,,tb-v11e-9489b5f3ffc14cd5a4b4dcde,
FIXED_210,882cf0c1-33cf-4285-a03a-ee1ca59af511,ATOMUSDT,LONG,AUTO_LEADER_MOMENTUM_V17_COHORT,2026-09-09 09:06:02.963754+00,2026-09-09T09:06:03.784Z,2026-09-09T09:06:04.255Z,RAW_FILL_RECONSTRUCTED,2026-09-09T10:10:23.693Z,1.982,2.0019828269484807,60.56,1.21016,1.089525,0.120635,0.06001496,0.06062004,0.120635,0,,UNKNOWN_NOT_ZERO,V17_NATIVE_STOP,V17-EXIT-RELIABILITY-REVIEW-2,,,,tb-v11e-ba307c0a769e4583aa90d763,
FIXED_210,efcbe735-401e-4b7d-b4cb-e2bc107b0a4c,BRUSDT,LONG,AUTO_LEADER_MOMENTUM_V17_COHORT,2026-09-09 10:30:04.987261+00,2026-09-09T10:30:05.599Z,2026-09-09T10:30:06.075Z,RAW_FILL_RECONSTRUCTED,2026-09-09T10:59:42.494Z,0.3079942564102564,0.31176,390,1.46864,1.34778793,0.12085207,0.06005887,0.0607932,0.12085207,0,,UNKNOWN_NOT_ZERO,V17_NATIVE_STOP,V17-EXIT-RELIABILITY-REVIEW-2,,,,tb-v11e-e63b279e1c5149abaf62a021,
FIXED_210,38916c77-d7cb-4008-979e-6770707fa42f,XTZUSDT,LONG,AUTO_LEADER_MOMENTUM_V17_COHORT,2026-09-09 11:01:02.764697+00,2026-09-09T11:01:03.589Z,2026-09-09T11:01:04.060Z,RAW_FILL_RECONSTRUCTED,2026-09-09T11:37:05.290Z,0.26270000000000004,0.2633,456.9,0.27414,0.15397532,0.12016468,0.0600138,0.06015088,0.12016468,0,,UNKNOWN_NOT_ZERO,V17_NATIVE_STOP,V17-EXIT-RELIABILITY-REVIEW-2,,,,tb-v11e-08b5c556b18d4960a416e001,
FIXED_210,6325cb07-66a2-4172-8e81-c341b39c96ca,BRUSDT,LONG,AUTO_LEADER_MOMENTUM_V17_COHORT,2026-09-09 11:26:05.355489+00,2026-09-09T11:26:05.977Z,2026-09-09T11:26:06.460Z,RAW_FILL_RECONSTRUCTED,2026-09-09T11:52:08.452Z,0.31991,0.32048061170212766,376,0.21455,0.0941566,0.1203934,0.06014305,0.060250349999999994,0.1203934,0,,UNKNOWN_NOT_ZERO,V17_NATIVE_STOP,V17-EXIT-RELIABILITY-REVIEW-2,,,,tb-v11e-c178a157488241b3850038b9,
FIXED_210,fa7eef80-8959-42a4-b1eb-be5be8382368,KATUSDT,LONG,AUTO_LEADER_MOMENTUM_V17_COHORT,2026-09-09 11:45:06.742434+00,2026-09-09T11:45:07.336Z,2026-09-09T11:45:07.822Z,RAW_FILL_RECONSTRUCTED,2026-09-09T11:46:35.601Z,0.005962,0.005815,20075,-2.951025,-3.06923663,0.11821163,0.05984357,0.05836806,0.11821163,0,,UNKNOWN_NOT_ZERO,V17_NATIVE_STOP,V17-EXIT-RELIABILITY-REVIEW-2,,,,tb-v11e-8c365deee2eb495290e5b6bd,
FIXED_210,ff3264de-f29f-4a8f-a52d-b18a615a94ec,BULLAUSDT,LONG,AUTO_LEADER_MOMENTUM_V17_COHORT,2026-09-09 12:45:05.360705+00,2026-09-09T12:45:06.611Z,2026-09-09T12:45:07.079Z,RAW_FILL_RECONSTRUCTED,2026-09-09T12:46:06.947Z,0.09739425304136252,0.0995469188969992,1233,2.654237,2.53282279,0.12141421,0.06004355,0.061370659999999994,0.12141421,0,,UNKNOWN_NOT_ZERO,V17_NATIVE_STOP,V17-EXIT-R5-LOSS-TAIL-1,,V17_EXIT_R5_TAIL,,tb-v11e-5aa61f973efd49f1af61d399,
FIXED_210,dd0bc203-41bd-4533-aac8-3226b7c35120,MAGMAUSDT,LONG,AUTO_LEADER_MOMENTUM_V17_COHORT,2026-09-09 13:01:03.339937+00,2026-09-09T13:01:04.199Z,2026-09-09T13:01:04.671Z,RAW_FILL_RECONSTRUCTED,2026-09-09T13:49:05.573Z,0.26761184855233855,0.2688805122494432,449,0.56963,0.44918749,0.12044251,0.060078860000000005,,,,,UNKNOWN_NOT_ZERO,V17_MOMENTUM_STALE,V17-EXIT-R5-LOSS-TAIL-1,,V17_EXIT_R5_TAIL,,tb-v11e-242b16471bcf4a4cbb9bd5bd,
FIXED_210,366768f5-f0e1-4b8e-84d0-095c3a36e6c2,IOSTUSDT,LONG,AUTO_LEADER_MOMENTUM_V17_COHORT,2026-09-09 13:41:05.34646+00,2026-09-09T13:41:06.004Z,2026-09-09T13:41:06.490Z,RAW_FILL_RECONSTRUCTED,2026-09-09T13:42:10.458Z,0.0013569089616398376,0.0013226,88399,-3.0328779,-3.15131083,0.11843293,0.059974679999999995,0.05845825,0.11843293,0,,UNKNOWN_NOT_ZERO,V17_NATIVE_STOP,V17-QUOTE-RETRY-1,,V17_EXIT_R5_TAIL,,tb-v11e-7a2aaa9237514c0786980f92,
FIXED_210,7e4193e6-9f2d-4f29-9fc4-b60416e13e49,EGLDUSDT,LONG,AUTO_LEADER_MOMENTUM_V17_COHORT,2026-09-09 23:21:02.834936+00,2026-09-09T23:21:04.528Z,2026-09-09T23:21:05.003Z,RAW_FILL_RECONSTRUCTED,2026-09-10T01:00:05.949Z,5.161515021459227,5.144944206008583,23.3,-0.3861,-0.50617024,0.12007024,0.06013164,,,,,UNKNOWN_NOT_ZERO,V17_NATIVE_STOP,V17-EXIT-SETTLE-1,,V17_EXIT_R5_TAIL,,tb-v11e-76274f6492e043b5a082f572,
FIXED_210,69b72bbc-a2ab-4e5d-8627-8d8f81dac4c2,EDGEUSDT,LONG,AUTO_LEADER_MOMENTUM_V17_COHORT,2026-09-09 23:56:06.24857+00,2026-09-09T23:56:08.384Z,2026-09-09T23:56:08.854Z,RAW_FILL_RECONSTRUCTED,2026-09-10T00:32:11.044Z,0.6134,0.6059,93,-0.6975,-0.75419745,0.05669745,0.0285231,0.02817435,0.05669745,0,,UNKNOWN_NOT_ZERO,V17_NATIVE_STOP,V17-EXIT-SETTLE-1,,V17_EXIT_R5_TAIL,,tb-v11e-418edd8c4f054893878ad769,
FIXED_210,f312c31c-2ffe-4574-8522-97ab7319199f,VTHOUSDT,LONG,AUTO_LEADER_MOMENTUM_V17_COHORT,2026-09-10 01:30:07.022761+00,2026-09-10T01:30:07.607Z,2026-09-10T01:30:08.068Z,RAW_FILL_RECONSTRUCTED,2026-09-10T01:31:41.157Z,0.0006335,0.0006161,189216,-3.2923584,-3.41058054,0.11822214,0.05993416,0.05828798,0.11822214,0,,UNKNOWN_NOT_ZERO,V17_NATIVE_STOP,V17-EXIT-SETTLE-1,,V17_EXIT_R5_TAIL,,tb-v11e-8b51b27486dd4abdadc15476,
FIXED_210,0b406372-0eac-4051-a49b-9a9272da8959,ARXUSDT,LONG,AUTO_LEADER_MOMENTUM_V17_COHORT,2026-09-10 02:15:08.717446+00,2026-09-10T02:15:09.282Z,2026-09-10T02:15:09.744Z,RAW_FILL_RECONSTRUCTED,2026-09-10T02:51:48.405Z,0.15462599742599742,0.1564,777,1.3784,1.2575664,0.1208336,0.0600722,0.0607614,0.1208336,0,,UNKNOWN_NOT_ZERO,V17_NATIVE_STOP,V17-EXIT-SETTLE-1,,V17_EXIT_R5_TAIL,,tb-v11e-3cd8bb4e77534d2d9737975f,
FIXED_210,1ebc72a5-f2b1-47a7-a1b6-9b63fc399cdd,BTRUSDT,LONG,AUTO_LEADER_MOMENTUM_V17_COHORT,2026-09-10 02:25:05.67148+00,2026-09-10T02:25:06.254Z,2026-09-10T02:25:06.725Z,RAW_FILL_RECONSTRUCTED,2026-09-10T02:34:06.677Z,0.06509436856368564,0.06427178319783197,1845,-1.51767,-1.63701026,0.11934026,0.06004955,0.059290709999999996,0.11934026,0,,UNKNOWN_NOT_ZERO,V17_NATIVE_STOP,V17-EXIT-SETTLE-1,,V17_EXIT_R5_TAIL,,tb-v11e-a231e7317b2e4522adc91c0a,
FIXED_210,955a5ae8-7f52-49bc-a004-9e8cdb7456e4,BIRBUSDT,LONG,AUTO_LEADER_MOMENTUM_V17_COHORT,2026-09-10 02:36:05.402086+00,2026-09-10T02:36:06.199Z,2026-09-10T02:36:06.662Z,RAW_FILL_RECONSTRUCTED,2026-09-10T02:37:19.970Z,0.06933450606585788,0.06760503755054882,1731,-2.99371,-3.11223116,0.11852116,0.06000901,0.05851215,0.11852116,0,,UNKNOWN_NOT_ZERO,V17_NATIVE_STOP,V17-EXIT-SETTLE-1,,V17_EXIT_R5_TAIL,,tb-v11e-81f5da31a3484df79d00d464,
FIXED_210,ff3348af-7710-4e29-80b4-04c487d17020,SAHARAUSDT,LONG,AUTO_LEADER_MOMENTUM_V17_COHORT,2026-09-10 02:41:04.86732+00,2026-09-10T02:41:05.679Z,2026-09-10T02:41:06.152Z,RAW_FILL_RECONSTRUCTED,2026-09-10T03:02:21.230Z,0.010905,0.011016,11006,1.221666,1.10103476,0.12063124,0.0600102,0.06062104,0.12063124,0,,UNKNOWN_NOT_ZERO,V17_NATIVE_STOP,V17-EXIT-SETTLE-1,,V17_EXIT_R5_TAIL,,tb-v11e-71896d900c5c449f9d9bc36e,
FIXED_210,5e8b4ab9-6f65-4429-a655-e7323587d2f2,BTRUSDT,LONG,AUTO_LEADER_MOMENTUM_V17_COHORT,2026-09-10 02:56:04.771361+00,2026-09-10T02:56:05.369Z,2026-09-10T02:56:05.834Z,RAW_FILL_RECONSTRUCTED,2026-09-10T03:07:17.740Z,0.06739953984287318,0.06652706509539844,1782,-1.55475,-1.67407859,0.11932859,0.06005299,0.0592756,0.11932859,0,,UNKNOWN_NOT_ZERO,V17_NATIVE_STOP,V17-EXIT-SETTLE-1,,V17_EXIT_R5_TAIL,,tb-v11e-4a7d2a60a4c04b4ca26a0d8f,
FIXED_210,850743bc-9e53-41d4-816e-1dc0ff1d9dbe,VTHOUSDT,LONG,AUTO_LEADER_MOMENTUM_V17_COHORT,2026-09-10 03:46:02.996179+00,2026-09-10T03:46:03.623Z,2026-09-10T03:46:04.095Z,RAW_FILL_RECONSTRUCTED,2026-09-10T03:57:04.231Z,0.0006954356122945689,0.0006869271464500129,172564,-1.4682549,-1.5875279,0.119273,0.06000356,0.05926944,0.119273,0,,UNKNOWN_NOT_ZERO,V17_NATIVE_STOP,V17-EXIT-SETTLE-1,,V17_EXIT_R5_TAIL,,tb-v11e-d1ee3d8ffa5f4c498f5d9e02,
FIXED_210,34797278-e69d-424f-a076-d9b080a4b8fb,VETUSDT,LONG,AUTO_LEADER_MOMENTUM_V17_COHORT,2026-09-10 04:01:03.842905+00,2026-09-10T04:01:05.093Z,2026-09-10T04:01:05.549Z,RAW_FILL_RECONSTRUCTED,2026-09-10T04:23:08.730Z,0.008008,0.007958,14987,-0.74935,-0.86899121,0.11964121,0.06000794,0.05963327,0.11964121,0,,UNKNOWN_NOT_ZERO,V17_NATIVE_STOP,V17-EXIT-SETTLE-1,,V17_EXIT_R5_TAIL,,tb-v11e-8864853f1523434f806ac7c1,
FIXED_210,6585fb68-1c0e-4b53-a9eb-79ef61670fce,BTRUSDT,LONG,AUTO_LEADER_MOMENTUM_V17_COHORT,2026-09-10 04:06:04.905255+00,2026-09-10T04:06:05.499Z,2026-09-10T04:06:05.973Z,RAW_FILL_RECONSTRUCTED,2026-09-10T04:19:01.504Z,0.07127,0.07003,625,-0.775,-0.81915624,0.04415624,0.02227187,0.02188437,0.04415624,0,,UNKNOWN_NOT_ZERO,V17_NATIVE_STOP,V17-EXIT-SETTLE-1,,V17_EXIT_R5_TAIL,,tb-v11e-25c71d6b40294658b5c59182,
FIXED_210,a4fb6103-9da5-4267-9cda-8a1522838868,REZUSDT,LONG,AUTO_LEADER_MOMENTUM_V17_COHORT,2026-09-10 04:46:02.997468+00,2026-09-10T04:46:03.814Z,2026-09-10T04:46:04.292Z,RAW_FILL_RECONSTRUCTED,2026-09-10T04:54:21.245Z,0.003336860879243183,0.003668320228158041,35940,11.912649,11.78676592,0.12588308,0.059963380000000004,0.06591970000000001,0.12588308,0,,UNKNOWN_NOT_ZERO,V17_NATIVE_STOP,V17-EXIT-SETTLE-1,,V17_EXIT_R5_TAIL,,tb-v11e-78ca872a168d42d98e2e26e7,
FIXED_210,e4791d73-cc13-4121-a37d-449f75cefb8f,REZUSDT,LONG,AUTO_LEADER_MOMENTUM_V17_COHORT,2026-09-10 05:10:05.158359+00,2026-09-10T05:10:05.773Z,2026-09-10T05:10:06.240Z,RAW_FILL_RECONSTRUCTED,2026-09-10T05:21:26.846Z,0.003724,0.003849,32199,4.024875,3.90295351,0.12192149,0.05995452,0.06196697,0.12192149,0,,UNKNOWN_NOT_ZERO,V17_NATIVE_STOP,V17-EXIT-SETTLE-1,,V17_EXIT_R5_TAIL,,tb-v11e-81767ea72f6f4fd4a4abf2d0,
FIXED_210,088974c6-5b4c-4927-ac70-786b415ca96e,BULLAUSDT,LONG,AUTO_LEADER_MOMENTUM_V17_COHORT,2026-09-10 05:11:05.216748+00,2026-09-10T05:11:06.318Z,2026-09-10T05:11:06.784Z,RAW_FILL_RECONSTRUCTED,2026-09-10T05:42:47.068Z,0.08949990163934426,0.093566521609538,1342,5.457404,5.33456646,0.12283754,0.06005442,0.06278312,0.12283754,0,,UNKNOWN_NOT_ZERO,V17_NATIVE_STOP,V17-EXIT-SETTLE-1,,V17_EXIT_R5_TAIL,,tb-v11e-2094c6ac03bc4af19cf806e7,
FIXED_210,6d21aa64-5209-4072-bf98-80a660c3f8f1,ARXUSDT,LONG,AUTO_LEADER_MOMENTUM_V17_COHORT,2026-09-10 05:36:07.83071+00,2026-09-10T05:36:08.431Z,2026-09-10T05:36:08.910Z,RAW_FILL_RECONSTRUCTED,2026-09-10T05:43:29.602Z,0.1656,0.1636,726,-1.452,-1.5714996,0.1194996,0.0601128,0.0593868,0.1194996,0,,UNKNOWN_NOT_ZERO,V17_NATIVE_STOP,V17-EXIT-SETTLE-1,,V17_EXIT_R5_TAIL,,tb-v11e-3efd836ccab94f8da8af82d5,
FIXED_210,ab302be7-1716-4701-b0a3-2a776d1dc76b,BULLAUSDT,LONG,AUTO_LEADER_MOMENTUM_V17_COHORT,2026-09-10 05:46:02.831706+00,2026-09-10T05:46:03.443Z,2026-09-10T05:46:03.911Z,RAW_FILL_RECONSTRUCTED,2026-09-10T05:55:25.597Z,0.09514499524187152,0.09631,1261,1.469071,1.34835864,0.12071236,0.05998891,0.06072345,0.12071236,0,,UNKNOWN_NOT_ZERO,V17_NATIVE_STOP,V17-EXIT-SETTLE-1,,V17_EXIT_R5_TAIL,,tb-v11e-fb53c86adb154a1b9088ee7d,
FIXED_210,0949f943-faf1-4c49-bc9c-361c36dbe255,ARXUSDT,LONG,AUTO_LEADER_MOMENTUM_V17_COHORT,2026-09-10 06:00:08.072042+00,2026-09-10T06:00:08.653Z,2026-09-10T06:00:09.111Z,RAW_FILL_RECONSTRUCTED,2026-09-10T06:06:11.771Z,0.1742086956521739,0.1695,690,-3.249,-3.3675795,0.1185795,0.060101999999999996,0.0584775,0.1185795,0,,UNKNOWN_NOT_ZERO,V17_NATIVE_STOP,V17-EXIT-SETTLE-1,,V17_EXIT_R5_TAIL,,tb-v11e-c9d95ec8c6994d0d893a6205,
FIXED_210,9cba68d6-c8a2-427b-bafc-b4830dfb9652,EGLDUSDT,LONG,AUTO_LEADER_MOMENTUM_V17_COHORT,2026-09-10 06:16:02.980466+00,2026-09-10T06:16:03.621Z,2026-09-10T06:16:04.245Z,RAW_FILL_RECONSTRUCTED,2026-09-10T11:05:22.315Z,5.1657854077253225,5.1,23.3,-1.5328,-1.6523964,0.1195964,0.06018140000000001,0.059415,0.1195964,0,,UNKNOWN_NOT_ZERO,V17_NATIVE_STOP,V17-EXIT-SETTLE-1,,V17_EXIT_R5_TAIL,,tb-v11e-475665c3f3af468891ae1f48,
FIXED_210,0f97792a-a669-41d6-87fd-bcc807f1ec81,ZESTUSDT,LONG,AUTO_LEADER_MOMENTUM_V17_COHORT,2026-09-10 07:00:09.236368+00,2026-09-10T07:00:10.240Z,2026-09-10T07:00:10.710Z,RAW_FILL_RECONSTRUCTED,2026-09-10T07:02:20.248Z,0.13879,0.137,707,-1.26553,-1.36302176,0.09749176,0.049062259999999996,0.0484295,0.09749176,0,,UNKNOWN_NOT_ZERO,V17_NATIVE_STOP,V17-EXIT-SETTLE-1,,V17_EXIT_R5_TAIL,,tb-v11e-528d684c35f441119c163cc2,
FIXED_210,94d5753c-365d-4eac-a1e2-224770111ad1,ANIMEUSDT,LONG,AUTO_LEADER_MOMENTUM_V17_COHORT,2026-09-10 07:05:08.168362+00,2026-09-10T07:05:09.013Z,2026-09-10T07:05:09.483Z,RAW_FILL_RECONSTRUCTED,2026-09-10T07:19:05.653Z,0.0035567932535686786,0.003525,33766,-1.073531,-1.1930929,0.1195619,0.06004933,0.05951257,0.1195619,0,,UNKNOWN_NOT_ZERO,V17_NATIVE_STOP,V17-EXIT-SETTLE-1,,V17_EXIT_R5_TAIL,,tb-v11e-5c7e51446c0049dc8775f74b,
FIXED_210,ecf3660c-74c4-499b-992c-85496abaf81b,CKBUSDT,LONG,AUTO_LEADER_MOMENTUM_V17_COHORT,2026-09-10 07:31:08.017979+00,2026-09-10T07:31:08.822Z,2026-09-10T07:31:09.307Z,RAW_FILL_RECONSTRUCTED,2026-09-10T07:41:03.160Z,0.0011868,0.0011723,101139,-1.4665155,-1.58581398,0.11929848,0.06001587,0.05928261,0.11929848,0,,UNKNOWN_NOT_ZERO,V17_NATIVE_STOP,V17-EXIT-SETTLE-1,,V17_EXIT_R5_TAIL,,tb-v11e-6aab42df68a0479a9be9d1d7,
FIXED_210,236a2b45-5174-4859-ab16-7f1126b2b60a,VTHOUSDT,LONG,AUTO_LEADER_MOMENTUM_V17_COHORT,2026-09-10 11:36:03.228178+00,2026-09-10T11:36:04.040Z,2026-09-10T11:36:04.522Z,RAW_FILL_RECONSTRUCTED,2026-09-10T11:44:41.919Z,0.0006651,0.0007076,179831,7.6428175,7.51939051,0.12342699,0.05980279,0.06362419999999999,0.12342699,0,,UNKNOWN_NOT_ZERO,V17_NATIVE_STOP,V17-EXIT-SETTLE-1,,V17_EXIT_R5_TAIL,,tb-v11e-0dea39f17446485fa0c8b9e0,
FIXED_210,f259a83b-0ebb-4a02-ba3e-25baf435d424,ORDERUSDT,LONG,AUTO_LEADER_MOMENTUM_V17_COHORT,2026-09-10 13:31:02.966362+00,2026-09-10T13:31:03.816Z,2026-09-10T13:31:04.280Z,RAW_FILL_RECONSTRUCTED,2026-09-10T14:03:48.916Z,0.03888,0.04063787957267724,3089,5.43009,5.30727464,0.12281536,0.060050160000000005,0.06276520000000001,0.12281536,0,,UNKNOWN_NOT_ZERO,V17_NATIVE_STOP,V18-OPS-RACE-2,,V17_EXIT_R5_TAIL,,tb-v11e-184418782ead446db828cd09,
FIXED_210,92daa401-9ad3-4544-bb53-d7412b033e78,VETUSDT,LONG,AUTO_LEADER_MOMENTUM_V17_COHORT,2026-09-10 14:01:08.075309+00,2026-09-10T14:01:08.661Z,2026-09-10T14:01:09.136Z,RAW_FILL_RECONSTRUCTED,2026-09-10T14:15:07.190Z,0.007993,0.007892,15007,-1.515707,-1.63490009,0.11919309,0.05997547,0.05921762,0.11919309,0,,UNKNOWN_NOT_ZERO,V17_NATIVE_STOP,V18-OPS-RACE-2,,V17_EXIT_R5_TAIL,,tb-v11e-2078abc7eae943509ae6b0e0,
FIXED_210,a589a8b4-f047-413d-9a36-eb103772a3f8,METUSDT,LONG,AUTO_LEADER_MOMENTUM_V17_COHORT,2026-09-10 14:16:06.445341+00,2026-09-10T14:16:07.249Z,2026-09-10T14:16:07.708Z,RAW_FILL_RECONSTRUCTED,2026-09-10T15:10:07.403Z,0.2171,0.217,554,-0.0554,-0.1756457,0.1202457,0.0601367,,,,,UNKNOWN_NOT_ZERO,V17_MOMENTUM_STALE,V18-OPS-RACE-2,,V17_EXIT_R5_TAIL,,tb-v11e-9a07a43012b845d2a9b38dc9,
FIXED_210,dafe22b7-278c-4ef0-9987-d35bc5ecf8da,ETHFIUSDT,LONG,AUTO_LEADER_MOMENTUM_V17_COHORT,2026-09-10 14:21:05.756544+00,2026-09-10T14:21:06.330Z,2026-09-10T14:21:06.805Z,RAW_FILL_RECONSTRUCTED,2026-09-10T14:41:53.337Z,0.6808000000000001,0.6895719477569563,176.1,1.54474,1.42407876,0.12066124,0.05994444,0.0607168,0.12066124,0,,UNKNOWN_NOT_ZERO,V17_NATIVE_STOP,V18-OPS-RACE-2,,V17_EXIT_R5_TAIL,,tb-v11e-5ddf66ae36b14ebd8cdf44ca,
FIXED_210,f79233eb-3a7d-4aa8-bde9-88127658d573,VETUSDT,LONG,AUTO_LEADER_MOMENTUM_V17_COHORT,2026-09-10 14:46:04.918877+00,2026-09-10T14:46:05.541Z,2026-09-10T14:46:06.005Z,RAW_FILL_RECONSTRUCTED,2026-09-10T15:09:38.948Z,0.008373,0.00827,14335,-1.476505,-1.59579369,0.11928869,0.06001347,0.059275219999999997,0.11928869,0,,UNKNOWN_NOT_ZERO,V17_NATIVE_STOP,V18-OPS-RACE-2,,V17_EXIT_R5_TAIL,,tb-v11e-0d5c24be709640a099fe59e7,
FIXED_210,d975988c-25de-434f-8384-2d55a6be8c33,牛来USDT,LONG,AUTO_LEADER_MOMENTUM_V17_COHORT,2026-09-10 15:16:03.32063+00,2026-09-10T15:16:04.116Z,2026-09-10T15:16:04.590Z,RAW_FILL_RECONSTRUCTED,2026-09-10T15:17:41.716Z,0.08926544576523031,0.087,1346,-3.04929,-3.16791664,0.11862664,0.06007564000000001,0.058551,0.11862664,0,,UNKNOWN_NOT_ZERO,V17_NATIVE_STOP,V18-OPS-RACE-2,,V17_EXIT_R5_TAIL,,tb-v11e-1d626ca5f04145cfb8309ad4,
FIXED_210,dd2c7aac-ac3f-43aa-9008-54ad94867521,SAGAUSDT,LONG,AUTO_LEADER_MOMENTUM_V17_COHORT,2026-09-10 15:46:02.826631+00,2026-09-10T15:46:03.649Z,2026-09-10T15:46:04.121Z,RAW_FILL_RECONSTRUCTED,2026-09-10T16:08:26.712Z,0.01635,0.01683,7339.6,3.523008,3.40124404,0.12176396,0.06000123,0.06176273,0.12176396,0,,UNKNOWN_NOT_ZERO,V17_NATIVE_STOP,V18-OPS-RACE-2,,V17_EXIT_R5_TAIL,,tb-v11e-752413f69b57487194d491b7,
FIXED_210,9d21a501-0b4a-4230-826b-6ca2d37d66e8,TACUSDT,LONG,AUTO_LEADER_MOMENTUM_V17_COHORT,2026-09-10 15:56:05.739362+00,2026-09-10T15:56:06.629Z,2026-09-10T15:56:07.101Z,RAW_FILL_RECONSTRUCTED,2026-09-10T16:16:02.599Z,0.001866,0.001844,64310,-1.41482,-1.53411504,0.11929504,0.06000123,0.05929381,0.11929504,0,,UNKNOWN_NOT_ZERO,V17_NATIVE_STOP,V18-OPS-RACE-2,,V17_EXIT_R5_TAIL,,tb-v11e-07529e3887954a5bae1effc3,
FIXED_210,794da229-cdce-4d41-800d-578f92d03f56,SAGAUSDT,LONG,AUTO_LEADER_MOMENTUM_V17_COHORT,2026-09-10 16:10:07.957181+00,2026-09-10T16:10:08.551Z,2026-09-10T16:10:09.013Z,RAW_FILL_RECONSTRUCTED,2026-09-10T18:20:13.061Z,0.01699,0.01652,7067.3,-3.321631,-3.4400436,0.1184126,0.06003671,0.05837589,0.1184126,0,,UNKNOWN_NOT_ZERO,V17_NATIVE_STOP,V18-OPS-RACE-2,,V17_EXIT_R5_TAIL,,tb-v11e-69e114601d7943229b95d39f,
FIXED_210,0cc0436c-3fab-4cb7-abbb-8747f479a714,MARSCOINUSDT,LONG,AUTO_LEADER_MOMENTUM_V17_COHORT,2026-09-11 00:26:06.238995+00,2026-09-11T00:26:07.300Z,2026-09-11T00:26:08.570Z,RAW_FILL_RECONSTRUCTED,2026-09-11T00:33:24.005Z,0.12465,0.1215,964,-3.0366,-3.1552443,0.1186443,0.0600813,0.058563,0.1186443,0,,UNKNOWN_NOT_ZERO,V17_NATIVE_STOP,V18-OPS-ISOLATION-3,,V17_EXIT_R5_TAIL,,tb-v11e-c8bcb92b0c6840d6bf2fe3e1,
FIXED_210,8fdeb12f-77de-4929-affb-baf0e228557f,RAYSOLUSDT,LONG,AUTO_LEADER_MOMENTUM_V17_COHORT,2026-09-11 00:46:06.750139+00,2026-09-11T00:46:08.032Z,2026-09-11T00:46:09.287Z,RAW_FILL_RECONSTRUCTED,2026-09-11T01:00:06.616Z,1.4729390184049078,1.529,81.5,4.56897,4.446641,0.122329,0.06002225,0.06230675,0.122329,0,,UNKNOWN_NOT_ZERO,V17_NATIVE_STOP,V18-OPS-ISOLATION-3,,V17_EXIT_R5_TAIL,,tb-v11e-0479e6db94df4b08afb6d28c,
FIXED_210,1c354c6f-8754-47a9-8b3d-bf73bdc0310f,LSKUSDT,LONG,AUTO_LEADER_MOMENTUM_V17_COHORT,2026-09-11 02:01:06.087789+00,2026-09-11T02:01:07.385Z,2026-09-11T02:01:08.675Z,RAW_FILL_RECONSTRUCTED,2026-09-11T02:22:13.033Z,0.11983999999999999,0.12442999999999999,557,2.55663,2.48860081,0.06802919,0.03337544,0.03465375,0.06802919,0,,UNKNOWN_NOT_ZERO,V17_NATIVE_STOP,V18-OPS-ISOLATION-3,,V17_EXIT_R5_TAIL,,tb-v11e-748bfd635e37430c8c63708f,
FIXED_210,2cdfbd55-98fc-46fc-a17f-cf191c675b90,XANUSDT,LONG,AUTO_LEADER_MOMENTUM_V17_COHORT,2026-09-11 02:31:10.709308+00,2026-09-11T02:31:11.570Z,2026-09-11T02:31:12.921Z,RAW_FILL_RECONSTRUCTED,2026-09-11T02:42:05.997Z,0.011817970454993106,0.011620610005909,10154,-2.003998,-2.12299562,0.11899762,0.05999982,,,,,UNKNOWN_NOT_ZERO,V17_RISK_CUT,V18-OPS-ISOLATION-3,,V17_EXIT_R5_TAIL,,tb-v11e-5f48900b48034ba3bf7df6ee,
FIXED_210,316b4c9f-d865-46f3-baf9-da0e3a1ff830,牛来USDT,LONG,AUTO_LEADER_MOMENTUM_V17_COHORT,2026-09-11 03:31:06.372018+00,2026-09-11T03:31:07.247Z,2026-09-11T03:31:08.565Z,RAW_FILL_RECONSTRUCTED,2026-09-11T03:36:02.116Z,0.12377680741503605,0.12844,971,4.52796,4.40550874,0.12245126,0.060093640000000004,0.06235762,0.12245126,0,,UNKNOWN_NOT_ZERO,V17_NATIVE_STOP,V18-OPS-ISOLATION-3,,V17_EXIT_R5_TAIL,,tb-v11e-ea98f9d1aba848b8b0e4b7c2,
FIXED_210,6ac61076-f772-495c-9b1f-303d92a1247b,RAYSOLUSDT,LONG,AUTO_LEADER_MOMENTUM_V17_COHORT,2026-09-11 03:46:08.485594+00,2026-09-11T03:46:09.551Z,2026-09-11T03:46:10.968Z,RAW_FILL_RECONSTRUCTED,2026-09-11T03:54:32.196Z,1.6153,1.6352758064516126,74.4,1.4862,1.36527858,0.12092142,0.06008916,0.06083226,0.12092142,0,,UNKNOWN_NOT_ZERO,V17_NATIVE_STOP,V18-OPS-ISOLATION-3,,V17_EXIT_R5_TAIL,,tb-v11e-caf98dc6460949f8ae6937ec,
FIXED_210,65ebb3e1-ea3f-495b-aa8e-9d0741afbdd8,SOLVUSDT,LONG,AUTO_LEADER_MOMENTUM_V17_COHORT,2026-09-11 04:05:07.529854+00,2026-09-11T04:05:08.386Z,2026-09-11T04:05:09.646Z,RAW_FILL_RECONSTRUCTED,2026-09-11T04:11:23.940Z,0.004778,0.00472,25090,-1.45522,-1.57437241,0.11915241,0.05994001,0.0592124,0.11915241,0,,UNKNOWN_NOT_ZERO,V17_NATIVE_STOP,V18-OPS-ISOLATION-3,,V17_EXIT_R5_TAIL,,tb-v11e-214038a926ed45bf89dc7106,
FIXED_210,be6d319a-496a-49ee-80d1-19e2b53fbff4,MARSCOINUSDT,LONG,AUTO_LEADER_MOMENTUM_V17_COHORT,2026-09-11 04:06:09.902223+00,2026-09-11T04:06:10.517Z,2026-09-11T04:06:11.798Z,RAW_FILL_RECONSTRUCTED,2026-09-11T04:21:19.189Z,0.12725,0.12568,942,-1.47894,-1.59807003,0.11913003,0.05993475,0.05919528,0.11913003,0,,UNKNOWN_NOT_ZERO,V17_NATIVE_STOP,V18-OPS-ISOLATION-3,,V17_EXIT_R5_TAIL,,tb-v11e-963218cf115447188038ba95,
FIXED_210,41d030ce-62e4-4b33-8acf-e9af3dbd734b,RAYSOLUSDT,LONG,AUTO_LEADER_MOMENTUM_V17_COHORT,2026-09-11 04:25:08.534268+00,2026-09-11T04:25:09.153Z,2026-09-11T04:25:10.413Z,RAW_FILL_RECONSTRUCTED,2026-09-11T04:34:29.534Z,1.685911814345992,1.7136000000000002,71.1,1.96863,1.84777736,0.12085264,0.05993416,0.06091848,0.12085264,0,,UNKNOWN_NOT_ZERO,V17_NATIVE_STOP,V18-OPS-ISOLATION-3,,V17_EXIT_R5_TAIL,,tb-v11e-70c700c09188415c9ad2fb08,
FIXED_210,aed1aea7-a227-4c20-9a57-9a24ef4b3ea3,EIGENUSDT,LONG,AUTO_LEADER_MOMENTUM_V17_COHORT,2026-09-11 04:30:14.794061+00,2026-09-11T04:30:16.102Z,2026-09-11T04:30:17.437Z,RAW_FILL_RECONSTRUCTED,2026-09-11T05:13:16.014Z,0.2207,0.21810000000000002,543.9,-1.41414,-1.53347165,0.11933165,0.06001936,0.059312290000000004,0.11933165,0,,UNKNOWN_NOT_ZERO,V17_NATIVE_STOP,V18-OPS-ISOLATION-3,,V17_EXIT_R5_TAIL,,tb-v11e-18bda8dcfe75455089d8caa9,
FIXED_210,70dc339b-8a57-49b9-af6e-e52017e62dcf,BLURUSDT,LONG,AUTO_LEADER_MOMENTUM_V17_COHORT,2026-09-11 04:46:09.030058+00,2026-09-11T04:46:09.898Z,2026-09-11T04:46:11.211Z,RAW_FILL_RECONSTRUCTED,2026-09-11T05:01:07.529Z,0.01808,0.01786,6639,-1.46058,-1.57988283,0.11930283,0.060016560000000004,0.05928627,0.11930283,0,,UNKNOWN_NOT_ZERO,V17_NATIVE_STOP,V18-OPS-ISOLATION-3,,V17_EXIT_R5_TAIL,,tb-v11e-0ea7fed59ee44199861f3e49,
FIXED_210,7027d83d-0510-42a8-8a2b-8eae1254d9b1,LSKUSDT,LONG,AUTO_LEADER_MOMENTUM_V17_COHORT,2026-09-11 06:06:06.143176+00,2026-09-11T06:06:06.802Z,2026-09-11T06:06:08.176Z,RAW_FILL_RECONSTRUCTED,2026-09-11T06:24:51.153Z,0.13482744107744107,0.1374,891,2.29215,2.17087268,0.12127732,0.06006561999999999,0.0612117,0.12127732,0,,UNKNOWN_NOT_ZERO,V17_NATIVE_STOP,V18-OPS-ISOLATION-3,,V17_EXIT_R5_TAIL,,tb-v11e-2e07b0e4593a464db3547eef,
FIXED_210,b7099770-3a3b-461b-a411-ed4b4de0eb17,RAYSOLUSDT,LONG,AUTO_LEADER_MOMENTUM_V17_COHORT,2026-09-11 06:31:06.144614+00,2026-09-11T06:31:06.782Z,2026-09-11T06:31:08.135Z,RAW_FILL_RECONSTRUCTED,2026-09-11T06:40:45.431Z,1.6862911640953717,1.6442,71.3,-3.0011,-3.119832,0.118732,0.06011627,0.05861573,0.118732,0,,UNKNOWN_NOT_ZERO,V17_NATIVE_STOP,V18-OPS-ISOLATION-3,,V17_EXIT_R5_TAIL,,tb-v11e-c6d7436ce10640d9b0aeadc0,
FIXED_210,592176ab-90cf-42ad-879c-427c1d6eb51c,KOMAUSDT,LONG,AUTO_LEADER_MOMENTUM_V17_COHORT,2026-09-11 07:00:07.242163+00,2026-09-11T07:00:08.669Z,2026-09-11T07:00:09.979Z,RAW_FILL_RECONSTRUCTED,2026-09-11T07:13:07.425Z,0.01424305024946543,0.014069968282252316,8418,-1.457004,-1.57617344,0.11916944,0.05994899,0.059220450000000015,0.11916944,0,,UNKNOWN_NOT_ZERO,V17_NATIVE_STOP,V18-OPS-ISOLATION-3,,V17_EXIT_R5_TAIL,,tb-v11e-e0411b6bce3e446ebbb1f3e7,
FIXED_210,39a8d1ab-9dda-4cb1-93df-501b81639c74,METUSDT,LONG,AUTO_LEADER_MOMENTUM_V17_COHORT,2026-09-11 07:21:06.285253+00,2026-09-11T07:21:07.148Z,2026-09-11T07:21:08.538Z,RAW_FILL_RECONSTRUCTED,2026-09-11T07:33:37.157Z,0.2417,0.2388,497,-1.4413,-1.56070425,0.11940425,0.06006245,0.0593418,0.11940425,0,,UNKNOWN_NOT_ZERO,V17_NATIVE_STOP,V18-OPS-ISOLATION-3,,V17_EXIT_R5_TAIL,,tb-v11e-520b89ff5aa745519db163e0,
FIXED_210,b9321957-8cd3-40e0-af5f-434a3405f819,METUSDT,LONG,AUTO_LEADER_MOMENTUM_V17_COHORT,2026-09-11 08:30:09.070179+00,2026-09-11T08:30:10.176Z,2026-09-11T08:30:11.476Z,RAW_FILL_RECONSTRUCTED,2026-09-11T08:41:06.047Z,0.2474,0.2443,486,-1.5066,-1.6260831,0.1194831,0.0601182,,,,,UNKNOWN_NOT_ZERO,V17_RISK_CUT,V18-OPS-ISOLATION-3,,V17_EXIT_R5_TAIL,,tb-v11e-970104a308334cd9ac7cc666,
FIXED_210,b60ccd33-9232-4c4e-8ba4-663dada6282e,哈基米USDT,LONG,AUTO_LEADER_MOMENTUM_V17_COHORT,2026-09-11 09:01:06.109523+00,2026-09-11T09:01:07.187Z,2026-09-11T09:01:08.542Z,RAW_FILL_RECONSTRUCTED,2026-09-11T09:04:10.543Z,0.04176,0.04068,2875,-3.105,-3.2235075,0.1185075,0.06003,0.0584775,0.1185075,0,,UNKNOWN_NOT_ZERO,V17_NATIVE_STOP,V18-OPS-ISOLATION-3,,V17_EXIT_R5_TAIL,,tb-v11e-796a7554c76f4cf5b6b5cec2,
FIXED_210,252d1779-6b11-4aab-b852-3e438dc9caea,DOGSUSDT,LONG,AUTO_LEADER_MOMENTUM_V17_COHORT,2026-09-11 09:30:15.352752+00,2026-09-11T09:30:16.285Z,2026-09-11T09:30:17.978Z,RAW_FILL_RECONSTRUCTED,2026-09-11T09:49:19.382Z,0.000050509999999999996,0.00005001,2374828,-1.187414,-1.30677285,0.11935885,0.05997628,0.05938257,0.11935885,0,,UNKNOWN_NOT_ZERO,V17_NATIVE_STOP,V18-OPS-ISOLATION-3,,V17_EXIT_R5_TAIL,,tb-v11e-5d5e0539ccde4b51be165fd4,
FIXED_210,c525b7e2-8c77-43e0-bbee-5ff050f2eda8,牛来USDT,LONG,AUTO_LEADER_MOMENTUM_V17_COHORT,2026-09-11 09:35:12.120537+00,2026-09-11T09:35:12.787Z,2026-09-11T09:35:14.227Z,RAW_FILL_RECONSTRUCTED,2026-09-11T09:42:16.087Z,0.14368999999999998,0.14955066985645932,836,4.89952,4.77694541,0.12257459,0.060062410000000004,,,,,UNKNOWN_NOT_ZERO,V17_TRAILING_STOP,V18-OPS-ISOLATION-3,,V17_EXIT_R5_TAIL,,tb-v11e-da58c0a732f74d3ab764f412,
FIXED_210,66b793c6-142a-4a3c-9893-fb2f355dfea0,MARSCOINUSDT,LONG,AUTO_LEADER_MOMENTUM_V17_COHORT,2026-09-11 09:56:06.957415+00,2026-09-11T09:56:07.631Z,2026-09-11T09:56:09.111Z,RAW_FILL_RECONSTRUCTED,2026-09-11T10:02:11.740Z,0.13137370253164557,0.12807,316,-1.04397,-1.08496209,0.04099209,0.02075703,0.02023506,0.04099209,0,,UNKNOWN_NOT_ZERO,V17_NATIVE_STOP,V18-OPS-ISOLATION-3,,V17_EXIT_R5_TAIL,,tb-v11e-6eeab0714bfe4bfb999d9481,
FIXED_210,4a8cf0ba-d1be-4fd3-aad7-5d94f4f2e61c,LABUSDT,LONG,AUTO_LEADER_MOMENTUM_V17_COHORT,2026-09-11 10:10:06.83536+00,2026-09-11T10:10:07.668Z,2026-09-11T10:10:09.007Z,RAW_FILL_RECONSTRUCTED,2026-09-11T10:18:58.324Z,0.05785855212355213,0.0585431418918919,2072,1.41847,1.29787788,0.12059212,0.05994144,0.06065068,0.12059212,0,,UNKNOWN_NOT_ZERO,V17_NATIVE_STOP,V18-OPS-ISOLATION-3,,V17_EXIT_R5_TAIL,,tb-v11e-d519f96d20914b898251bea8,
FIXED_210,38141839-ee9a-45d3-a60e-996ab2d97905,THETAUSDT,LONG,AUTO_LEADER_MOMENTUM_V17_COHORT,2026-09-11 10:45:11.773121+00,2026-09-11T10:45:13.458Z,2026-09-11T10:45:15.160Z,RAW_FILL_RECONSTRUCTED,2026-09-11T10:58:15.183Z,0.19569999999999999,0.1934,609.9,-1.40277,-1.52142604,0.11865604,0.05967871,0.05897733,0.11865604,0,,UNKNOWN_NOT_ZERO,V17_NATIVE_STOP,V18-OPS-ISOLATION-3,,V17_EXIT_R5_TAIL,,tb-v11e-828c68c2070e4c388dc432f4,
FIXED_210,6d0f2ea7-5150-4d86-9d87-b45a856f3f24,LABUSDT,LONG,AUTO_LEADER_MOMENTUM_V17_COHORT,2026-09-11 10:56:12.812005+00,2026-09-11T10:56:13.845Z,2026-09-11T10:56:15.104Z,RAW_FILL_RECONSTRUCTED,2026-09-11T11:07:27.142Z,0.06415839743589744,0.06339,1872,-1.43844,-1.5578253,0.1193853,0.060052259999999996,0.05933304,0.1193853,0,,UNKNOWN_NOT_ZERO,V17_NATIVE_STOP,V18-OPS-ISOLATION-3,,V17_EXIT_R5_TAIL,,tb-v11e-7cfc70b5b7c543c0a65643bd,
FIXED_210,0763c96e-d4b3-460c-a710-938f3f27fb30,METUSDT,LONG,AUTO_LEADER_MOMENTUM_V17_COHORT,2026-09-11 11:06:10.343364+00,2026-09-11T11:06:11.024Z,2026-09-11T11:06:12.418Z,RAW_FILL_RECONSTRUCTED,2026-09-11T11:08:05.470Z,0.2623,0.255707423580786,458,-3.0194,-3.1380237,0.1186237,0.0600667,0.058557,0.1186237,0,,UNKNOWN_NOT_ZERO,V17_NATIVE_STOP,V18-OPS-ISOLATION-3,,V17_EXIT_R5_TAIL,,tb-v11e-208388a9d2124a3d9f120c5c,
FIXED_210,be73341a-2466-4dbf-b5a9-3bdf4245cb85,METUSDT,LONG,AUTO_LEADER_MOMENTUM_V17_COHORT,2026-09-11 11:50:16.001954+00,2026-09-11T11:50:16.656Z,2026-09-11T11:50:17.926Z,RAW_FILL_RECONSTRUCTED,2026-09-11T11:55:14.727Z,0.2819,0.2745,93,-0.6882,-0.7140726,0.0258726,0.01310835,0.01276425,0.0258726,0,,UNKNOWN_NOT_ZERO,V17_NATIVE_STOP,V18-OPS-ISOLATION-3,,V17_EXIT_R5_TAIL,,tb-v11e-cb6c707fb5fd4392b52fcc37,
FIXED_210,063db975-2e7a-4a5b-a401-cfaee42c4b70,RAYSOLUSDT,LONG,AUTO_LEADER_MOMENTUM_V17_COHORT,2026-09-11 13:06:06.598271+00,2026-09-11T13:06:07.360Z,2026-09-11T13:06:08.902Z,RAW_FILL_RECONSTRUCTED,2026-09-11T13:20:17.509Z,1.623591093117409,1.6041,74.1,-1.44429,-1.56387595,0.11958595,0.06015405,0.059431899999999996,0.11958595,0,,UNKNOWN_NOT_ZERO,V17_NATIVE_STOP,V18-OPS-ISOLATION-3,,V17_EXIT_R5_TAIL,,tb-v11e-df6f725d4bb6476d9142e5ef,
FIXED_210,2d9ae16b-0296-48e4-bae5-b80e1b33d076,MARSCOINUSDT,LONG,AUTO_LEADER_MOMENTUM_V17_COHORT,2026-09-11 13:15:11.222658+00,2026-09-11T13:15:11.862Z,2026-09-11T13:15:13.179Z,RAW_FILL_RECONSTRUCTED,2026-09-11T13:39:04.389Z,0.13134324590163934,0.13293,915,1.45188,1.33097502,0.12090498,0.06008951,0.06081547,0.12090498,0,,UNKNOWN_NOT_ZERO,V17_NATIVE_STOP,V18-OPS-ISOLATION-3,,V17_EXIT_R5_TAIL,,tb-v11e-cc52c4023c7c4f81a98e3e04,
FIXED_210,30f14c92-2cdd-46a4-87e6-9a82cd2f8ac2,我踏马来了USDT,LONG,AUTO_LEADER_MOMENTUM_V17_COHORT,2026-09-11 13:30:11.200171+00,,2026-09-11T13:31:09.736Z,DB_FALLBACK,2026-09-11T13:50:07.062Z,0.0124653,0.012276,9627,-1.8223911,-1.94148328,0.11909218,0.06000166,0.05909052,0.11909218,0,,UNKNOWN_NOT_ZERO,V17_NATIVE_STOP,V18-OPS-ISOLATION-3,,V17_EXIT_R5_TAIL,,tb-v11e-7fb0d342f7984d0bbb68e227,
FIXED_210,94a97cc9-3711-4ab5-9d5f-e4d4f7336eb9,RIVERUSDT,LONG,AUTO_LEADER_MOMENTUM_V17_COHORT,2026-09-11 15:20:41.579874+00,2026-09-11T15:20:42.411Z,2026-09-11T15:20:43.721Z,RAW_FILL_RECONSTRUCTED,2026-09-11T15:44:07.542Z,1.207,1.226,99.5,1.8905,1.76945825,0.12104175,0.06004825,,,,,UNKNOWN_NOT_ZERO,QV3_TWO_BEARISH_CLOSED,V18-OPS-ISOLATION-3,,V17_EXIT_R5_TAIL,QV3_ENTRY_EXIT_TWO_1,tb-v11e-4d03b165f5904f9993e4753c,
FIXED_210,2740a0e8-d7aa-4a50-8ace-11392075712c,RIVERUSDT,LONG,AUTO_LEADER_MOMENTUM_V17_COHORT,2026-09-11 15:50:07.865865+00,2026-09-11T15:50:08.907Z,2026-09-11T15:50:10.196Z,RAW_FILL_RECONSTRUCTED,2026-09-11T15:59:06.612Z,1.2530000000000001,1.222,95.6,-2.9636,-3.081905,0.118305,0.0598934,0.058411599999999994,0.118305,0,,UNKNOWN_NOT_ZERO,V17_NATIVE_STOP,V18-OPS-ISOLATION-3,,V17_EXIT_R5_TAIL,QV3_ENTRY_EXIT_TWO_1,tb-v11e-f84528f510ee4aaf8986729b,
FIXED_210,2224dc28-f900-44b2-96c6-ef61c1844811,龙虾USDT,LONG,AUTO_LEADER_MOMENTUM_V17_COHORT,2026-09-11 16:06:06.133944+00,2026-09-11T16:06:06.988Z,2026-09-11T16:06:08.267Z,RAW_FILL_RECONSTRUCTED,2026-09-11T16:12:33.606Z,0.05722360276585598,0.05575568812589414,2097,-3.078217,-3.19667575,0.11845875,0.059998930000000006,0.058459819999999996,0.11845875,0,,UNKNOWN_NOT_ZERO,V17_NATIVE_STOP,V18-OPS-ISOLATION-3,,V17_EXIT_R5_TAIL,QV3_ENTRY_EXIT_TWO_1,tb-v11e-512e5d1e2d034a1aa00db292,
FIXED_210,effa0646-33bb-4a5a-bd99-2544ffc67f91,龙虾USDT,LONG,AUTO_LEADER_MOMENTUM_V17_COHORT,2026-09-11 16:36:06.371263+00,2026-09-11T16:36:07.422Z,2026-09-11T16:36:08.709Z,RAW_FILL_RECONSTRUCTED,2026-09-11T16:44:10.189Z,0.05985,0.059624,120,-0.02712,-0.03428844,0.00716844,0.003591,,,,,UNKNOWN_NOT_ZERO,QV3_TWO_BEARISH_CLOSED,V18-OPS-ISOLATION-3,,V17_EXIT_R5_TAIL,QV3_ENTRY_EXIT_TWO_1,tb-v11e-91cd47e8327243038cd3c5c2,
FIXED_210,543cc33d-8ce8-4873-aa67-ccaa9300eb70,VELVETUSDT,LONG,AUTO_LEADER_MOMENTUM_V17_COHORT,2026-09-11 16:45:07.832004+00,2026-09-11T16:45:08.673Z,2026-09-11T16:45:10.206Z,RAW_FILL_RECONSTRUCTED,2026-09-11T16:46:31.732Z,0.0596,0.0587,2015,-1.8135,-1.93268724,0.11918724,0.06004699,0.05914025,0.11918724,0,,UNKNOWN_NOT_ZERO,V17_NATIVE_STOP,V18-OPS-ISOLATION-3,,V17_EXIT_R5_TAIL,QV3_ENTRY_EXIT_TWO_1,tb-v11e-4fead7882b3b4aee9e536c0d,
FIXED_210,c3e36595-e841-41be-8ee7-6c89e554dc44,LABUSDT,LONG,AUTO_LEADER_MOMENTUM_V17_COHORT,2026-09-11 16:50:08.272192+00,2026-09-11T16:50:09.148Z,2026-09-11T16:50:10.432Z,RAW_FILL_RECONSTRUCTED,2026-09-11T17:08:08.678Z,0.06487,0.06665,1851,3.29478,3.17305825,0.12172175,0.060037179999999996,,,,,UNKNOWN_NOT_ZERO,QV3_TWO_BEARISH_CLOSED,V18-OPS-ISOLATION-3,,V17_EXIT_R5_TAIL,QV3_ENTRY_EXIT_TWO_1,tb-v11e-21fdaabd48044d5cad2a9d38,
FIXED_210,afadbc29-7c7a-4065-a81c-689434409c35,龙虾USDT,LONG,AUTO_LEADER_MOMENTUM_V17_COHORT,2026-09-11 17:25:07.778082+00,2026-09-11T17:25:08.424Z,2026-09-11T17:25:09.711Z,RAW_FILL_RECONSTRUCTED,2026-09-11T17:45:08.279Z,0.06123394793261868,0.06125683307810107,1959,0.044832,-0.07514771,0.11997971,0.05997865,,,,,UNKNOWN_NOT_ZERO,QV3_TWO_BEARISH_CLOSED,V18-OPS-ISOLATION-3,,V17_EXIT_R5_TAIL,QV3_ENTRY_EXIT_TWO_1,tb-v11e-1e953daf495b41d0a5cd5eb0,
FIXED_210,4630b19b-fda4-47ba-a358-765429be663a,BEATUSDT,LONG,AUTO_LEADER_MOMENTUM_V17_COHORT,2026-09-11 18:01:07.43254+00,2026-09-11T18:01:08.341Z,2026-09-11T18:01:09.867Z,RAW_FILL_RECONSTRUCTED,2026-09-11T18:25:04.604Z,0.0844,0.0908,1422,9.1008,8.9762328,0.1245672,0.0600084,0.0645588,0.1245672,0,,UNKNOWN_NOT_ZERO,V17_NATIVE_STOP,V18-OPS-ISOLATION-3,,V17_EXIT_R5_TAIL,QV3_ENTRY_EXIT_TWO_1,tb-v11e-cc4de68830f146f7ad3fa222,
FIXED_210,f13f3d6d-a6d7-4aa1-a4a4-583a70e02c9d,LABUSDT,LONG,AUTO_LEADER_MOMENTUM_V17_COHORT,2026-09-11 18:10:12.036629+00,2026-09-11T18:10:12.643Z,2026-09-11T18:10:13.924Z,RAW_FILL_RECONSTRUCTED,2026-09-11T18:16:18.270Z,0.07266,0.07382,1650,1.914,1.793154,0.120846,0.0599445,0.0609015,0.120846,0,,UNKNOWN_NOT_ZERO,V17_NATIVE_STOP,V18-OPS-ISOLATION-3,,V17_EXIT_R5_TAIL,QV3_ENTRY_EXIT_TWO_1,tb-v11e-5852ef55b47541a1a848a36a,
FIXED_210,2b0c5558-4945-4afc-a01e-baf1f66a19e3,LABUSDT,LONG,AUTO_LEADER_MOMENTUM_V17_COHORT,2026-09-11 18:51:06.439582+00,2026-09-11T18:51:07.273Z,2026-09-11T18:51:08.670Z,RAW_FILL_RECONSTRUCTED,2026-09-11T18:57:03.742Z,0.07776,0.07706977850162866,1535,-1.05949,-1.17832185,0.11883185,0.0596808,0.059151050000000004,0.11883185,0,,UNKNOWN_NOT_ZERO,V17_NATIVE_STOP,V18-OPS-ISOLATION-3,,V17_EXIT_R5_TAIL,QV3_ENTRY_EXIT_TWO_1,tb-v11e-0bfdf912e53347338270fd8d,
FIXED_210,6b5597fb-cbbe-41c6-9c57-254b1c34862b,RIVERUSDT,LONG,AUTO_LEADER_MOMENTUM_V17_COHORT,2026-09-11 19:45:06.829176+00,2026-09-11T19:45:08.212Z,2026-09-11T19:45:09.533Z,RAW_FILL_RECONSTRUCTED,2026-09-11T19:54:09.912Z,1.3559999999999999,1.358,88.4,0.1768,0.0568412,0.1199588,0.0599352,,,,,UNKNOWN_NOT_ZERO,QV3_TWO_BEARISH_CLOSED,V18-OPS-ISOLATION-3,,V17_EXIT_R5_TAIL,QV3_ENTRY_EXIT_TWO_1,tb-v11e-03b8f8cd7fa44a51a8507354,
FIXED_210,f8d47c53-cf13-446c-bad1-416f7b9f8fe4,ETHFIUSDT,LONG,AUTO_LEADER_MOMENTUM_V17_COHORT,2026-09-11 20:15:08.034737+00,2026-09-11T20:15:09.316Z,2026-09-11T20:15:10.602Z,RAW_FILL_RECONSTRUCTED,2026-09-11T20:19:08.476Z,0.7137,0.7097,167.6,-0.6704,-0.78968092,0.11928092,0.05980806,,,,,UNKNOWN_NOT_ZERO,QV3_TWO_BEARISH_CLOSED,V18-OPS-ISOLATION-3,,V17_EXIT_R5_TAIL,QV3_ENTRY_EXIT_TWO_1,tb-v11e-07b93a2081d54686899084e6,
FIXED_210,fc03d7a5-ab80-4951-9695-64c65ffb416a,LSKUSDT,LONG,AUTO_LEADER_MOMENTUM_V17_COHORT,2026-09-11 20:16:09.57965+00,2026-09-11T20:16:10.847Z,2026-09-11T20:16:12.106Z,RAW_FILL_RECONSTRUCTED,2026-09-11T20:23:29.493Z,0.13108765283842794,0.12781,916,-3.00233,-3.12090511,0.11857511,0.06003813,0.05853698,0.11857511,0,,UNKNOWN_NOT_ZERO,V17_NATIVE_STOP,V18-OPS-ISOLATION-3,,V17_EXIT_R5_TAIL,QV3_ENTRY_EXIT_TWO_1,tb-v11e-ab4c2cfc0151466b9f88c461,
FIXED_210,01b99bd8-097b-43d3-bc36-2345ff3aa522,LSKUSDT,LONG,AUTO_LEADER_MOMENTUM_V17_COHORT,2026-09-11 21:01:06.249063+00,2026-09-11T21:01:06.985Z,2026-09-11T21:01:08.294Z,RAW_FILL_RECONSTRUCTED,2026-09-11T21:18:08.012Z,0.13242346578366446,0.13511353200883003,906,2.4372,2.31600574,0.12119426,0.05998783,,,,,UNKNOWN_NOT_ZERO,QV3_TWO_BEARISH_CLOSED,V18-OPS-ISOLATION-3,,V17_EXIT_R5_TAIL,QV3_ENTRY_EXIT_TWO_1,tb-v11e-d31855dc8d9a4fd98c69852f,
FIXED_210,d84f71d7-79dd-428e-a0f8-963db9e70fa6,LSKUSDT,LONG,AUTO_LEADER_MOMENTUM_V17_COHORT,2026-09-11 21:31:06.318809+00,2026-09-11T21:31:06.916Z,2026-09-11T21:31:08.190Z,RAW_FILL_RECONSTRUCTED,2026-09-11T21:38:07.741Z,0.13565741242937854,0.13488294915254237,885,-0.6854,-0.8051141,0.1197141,0.060028399999999996,,,,,UNKNOWN_NOT_ZERO,QV3_TWO_BEARISH_CLOSED,V18-OPS-ISOLATION-3,,V17_EXIT_R5_TAIL,QV3_ENTRY_EXIT_TWO_1,tb-v11e-8de226c3a43646b2aa56e9d0,
FIXED_210,7bd7e498-0b06-4465-8c83-904ee4757333,LSKUSDT,LONG,AUTO_LEADER_MOMENTUM_V17_COHORT,2026-09-11 22:16:06.199019+00,2026-09-11T22:16:06.814Z,2026-09-11T22:16:08.088Z,RAW_FILL_RECONSTRUCTED,2026-09-11T22:27:07.364Z,0.13947952325581398,0.13801932558139535,860,-1.25577,-1.3750945,0.1193245,0.05997619,,,,,UNKNOWN_NOT_ZERO,V17_RISK_CUT,V18-OPS-ISOLATION-3,,V17_EXIT_R5_TAIL,QV3_ENTRY_EXIT_TWO_1,tb-v11e-9757c25ad00e4050aed1b418,
FIXED_210,44c7e761-4c06-4eda-9ce7-71e55bb3168f,LABUSDT,LONG,AUTO_LEADER_MOMENTUM_V17_COHORT,2026-09-11 22:20:13.587318+00,2026-09-11T22:20:14.219Z,2026-09-11T22:20:15.516Z,RAW_FILL_RECONSTRUCTED,2026-09-11T22:24:55.359Z,0.08338,0.0813,1435,-2.9848,-3.10295789,0.11815789,0.05982514,0.05833275,0.11815789,0,,UNKNOWN_NOT_ZERO,V17_NATIVE_STOP,V18-OPS-ISOLATION-3,,V17_EXIT_R5_TAIL,QV3_ENTRY_EXIT_TWO_1,tb-v11e-eb94db0bbfb34a75bad1023d,
FIXED_210,8b48d67f-cb15-4e16-8080-c5cd01a63218,龙虾USDT,LONG,AUTO_LEADER_MOMENTUM_V17_COHORT,2026-09-11 22:35:06.947996+00,2026-09-11T22:35:07.570Z,2026-09-11T22:35:08.911Z,RAW_FILL_RECONSTRUCTED,2026-09-11T22:41:07.830Z,0.06831116770892552,0.06859928254690165,1759,0.506794,0.38638127,0.12041273,0.060079669999999995,,,,,UNKNOWN_NOT_ZERO,QV3_TWO_BEARISH_CLOSED,V18-OPS-ISOLATION-3,,V17_EXIT_R5_TAIL,QV3_ENTRY_EXIT_TWO_1,tb-v11e-807fc388bfa84f12b5bd1a36,
FIXED_210,d3d573e7-283b-4e8b-83e1-782dceac2ff4,MITOUSDT,LONG,AUTO_LEADER_MOMENTUM_V17_COHORT,2026-09-11 22:45:11.613506+00,2026-09-11T22:45:13.303Z,2026-09-11T22:45:14.559Z,RAW_FILL_RECONSTRUCTED,2026-09-11T23:02:15.202Z,0.014309999999999998,0.01418419635410461,8393,-1.05587,-1.17544588,0.11957588,0.06005191,,,,,UNKNOWN_NOT_ZERO,QV3_TWO_BEARISH_CLOSED,V18-OPS-ISOLATION-3,,V17_EXIT_R5_TAIL,QV3_ENTRY_EXIT_TWO_1,tb-v11e-104c3061f900484f95209422,
FIXED_210,ead56a46-8c0a-4bcf-90b5-11287f7278a9,CYSUSDT,LONG,AUTO_LEADER_MOMENTUM_V17_COHORT,2026-09-11 22:55:12.894873+00,2026-09-11T22:55:13.545Z,2026-09-11T22:55:14.804Z,RAW_FILL_RECONSTRUCTED,2026-09-11T23:01:07.994Z,0.1615,0.1626,743,0.8173,0.69689685,0.12040315,0.05999725,,,,,UNKNOWN_NOT_ZERO,QV3_TWO_BEARISH_CLOSED,V18-OPS-ISOLATION-3,,V17_EXIT_R5_TAIL,QV3_ENTRY_EXIT_TWO_1,tb-v11e-ad6a3bdd69724429b1a72c2f,
FIXED_210,5955f67f-bb2e-43be-8ac7-e60f20387291,龙虾USDT,LONG,AUTO_LEADER_MOMENTUM_V17_COHORT,2026-09-11 23:16:06.533769+00,2026-09-11T23:16:07.160Z,2026-09-11T23:16:08.482Z,RAW_FILL_RECONSTRUCTED,2026-09-11T23:22:07.511Z,0.07175699999999999,0.07186583193779904,1672,0.181967,0.06189833,0.12006867,0.05998884,,,,,UNKNOWN_NOT_ZERO,QV3_TWO_BEARISH_CLOSED,V18-OPS-ISOLATION-3,,V17_EXIT_R5_TAIL,QV3_ENTRY_EXIT_TWO_1,tb-v11e-77d8a00b909046fc8018d90c,
FIXED_210,af06d735-69d4-40ec-bf5c-ed06e4a394c7,龙虾USDT,LONG,AUTO_LEADER_MOMENTUM_V17_COHORT,2026-09-11 23:41:06.549612+00,2026-09-11T23:41:07.600Z,2026-09-11T23:41:08.861Z,RAW_FILL_RECONSTRUCTED,2026-09-11T23:57:55.323Z,0.07255395586457074,0.07167868137847642,1654,-1.447704,-1.56698436,0.11928036,0.06000211,0.059278250000000005,0.11928036,0,,UNKNOWN_NOT_ZERO,V17_NATIVE_STOP,V18-OPS-ISOLATION-3,,V17_EXIT_R5_TAIL,QV3_ENTRY_EXIT_TWO_1,tb-v11e-0c4b59d2c3064c95854a8006,
FIXED_210,ca80e8c8-d94e-433a-8874-e6814761ba93,VELVETUSDT,LONG,AUTO_LEADER_MOMENTUM_V17_COHORT,2026-09-12 00:25:08.702286+00,2026-09-12T00:25:10.397Z,2026-09-12T00:25:11.752Z,RAW_FILL_RECONSTRUCTED,2026-09-12T00:37:40.438Z,0.0603,0.0596,1992,-1.3944,-1.5138204,0.1194204,0.060058799999999996,0.0593616,0.1194204,0,,UNKNOWN_NOT_ZERO,V17_NATIVE_STOP,V18-OPS-ISOLATION-3,,V17_EXIT_R5_TAIL,QV3_ENTRY_EXIT_TWO_1,tb-v11e-691bdcf22e5840b1aeb150d8,
FIXED_210,e3a57823-48c9-4502-bfd7-637e96ed5478,LSKUSDT,LONG,AUTO_LEADER_MOMENTUM_V17_COHORT,2026-09-12 00:31:09.842896+00,2026-09-12T00:31:10.473Z,2026-09-12T00:31:11.737Z,RAW_FILL_RECONSTRUCTED,2026-09-12T00:45:18.886Z,0.14793,0.16454000000000002,812,13.48732,13.36045719,0.12686281,0.06005957,0.06680324,0.12686281,0,,UNKNOWN_NOT_ZERO,V17_NATIVE_STOP,V18-OPS-ISOLATION-3,,V17_EXIT_R5_TAIL,QV3_ENTRY_EXIT_TWO_1,tb-v11e-23d570f196aa45d389cf91bd,
FIXED_210,ac99ac6e-063f-41f7-b31a-9121b14323fd,SOPHUSDT,LONG,AUTO_LEADER_MOMENTUM_V17_COHORT,2026-09-12 01:00:10.299373+00,2026-09-12T01:00:11.138Z,2026-09-12T01:00:13.532Z,RAW_FILL_RECONSTRUCTED,2026-09-12T01:05:05.277Z,0.0047965344813808534,0.004847,25028,1.263051,1.14237184,0.12067916,0.060023810000000004,0.06065535,0.12067916,0,,UNKNOWN_NOT_ZERO,V17_NATIVE_STOP,V18-OPS-ISOLATION-3,,V17_EXIT_R5_TAIL,QV3_ENTRY_EXIT_TWO_1,tb-v11e-f4967348438f4047b3cd1dc4,
FIXED_210,4e700141-4df5-44d5-bdbf-1f813f8360c5,BEATUSDT,LONG,AUTO_LEADER_MOMENTUM_V17_COHORT,2026-09-12 01:26:06.082906+00,2026-09-12T01:26:06.697Z,2026-09-12T01:26:08.199Z,RAW_FILL_RECONSTRUCTED,2026-09-12T01:41:08.115Z,0.0952,0.0963,1253,1.3783,1.25832525,0.11997475,0.0596428,,,,,UNKNOWN_NOT_ZERO,QV3_TWO_BEARISH_CLOSED,V18-OPS-ISOLATION-3,,V17_EXIT_R5_TAIL,QV3_ENTRY_EXIT_TWO_1,tb-v11e-d63477291670474c86b9d663,
FIXED_210,d885b535-503a-44a4-8c4b-bc1621abee7b,我踏马来了USDT,LONG,AUTO_LEADER_MOMENTUM_V17_COHORT,2026-09-12 01:36:09.447737+00,2026-09-12T01:36:10.464Z,2026-09-12T01:36:12.170Z,RAW_FILL_RECONSTRUCTED,2026-09-12T01:42:12.438Z,0.013356166815045626,0.01334422791008235,8986,-0.107283,-0.22724785,0.11996485,0.06000925,,,,,UNKNOWN_NOT_ZERO,QV3_TWO_BEARISH_CLOSED,V18-OPS-ISOLATION-3,,V17_EXIT_R5_TAIL,QV3_ENTRY_EXIT_TWO_1,tb-v11e-dcef3b56e0824713813d3a4b,
FIXED_210,a866e46d-1718-47cd-abd6-cde32f88c071,龙虾USDT,LONG,AUTO_LEADER_MOMENTUM_V17_COHORT,2026-09-12 02:01:06.701691+00,2026-09-12T02:01:08.168Z,2026-09-12T02:01:09.511Z,RAW_FILL_RECONSTRUCTED,2026-09-12T02:06:10.891Z,0.08879600000000001,0.091301,1349,3.379245,3.25776958,0.12147542,0.0598929,0.06158252,0.12147542,0,,UNKNOWN_NOT_ZERO,V17_NATIVE_STOP,V18-OPS-ISOLATION-3,,V17_EXIT_R5_TAIL,QV3_ENTRY_EXIT_TWO_1,tb-v11e-848cd819b6e84844864df088,
FIXED_210,be1e61f5-baa0-481a-99e7-917a95f2a748,LABUSDT,LONG,AUTO_LEADER_MOMENTUM_V17_COHORT,2026-09-12 03:06:06.70801+00,2026-09-12T03:06:07.318Z,2026-09-12T03:06:08.613Z,RAW_FILL_RECONSTRUCTED,2026-09-12T03:15:05.559Z,0.08477,0.08264,1417,-3.01821,-3.13681998,0.11860998,0.06005954,0.05855044,0.11860998,0,,UNKNOWN_NOT_ZERO,V17_NATIVE_STOP,V18-OPS-ISOLATION-3,,V17_EXIT_R5_TAIL,QV3_ENTRY_EXIT_TWO_1,tb-v11e-cf8e1cf5e28f45f8bac5ea47,
FIXED_210,d2356360-7c7d-44c1-8257-0f49f414198e,龙虾USDT,LONG,AUTO_LEADER_MOMENTUM_V17_COHORT,2026-09-12 03:16:06.633723+00,2026-09-12T03:16:07.420Z,2026-09-12T03:16:08.691Z,RAW_FILL_RECONSTRUCTED,2026-09-12T03:37:07.913Z,0.1038682223183391,0.10566500259515572,1156,2.077078,1.95596782,0.12111018,0.06003582,,,,,UNKNOWN_NOT_ZERO,QV3_TWO_BEARISH_CLOSED,V18-OPS-ISOLATION-3,,V17_EXIT_R5_TAIL,QV3_ENTRY_EXIT_TWO_1,tb-v11e-14679a7a1905401385ccec86,
FIXED_210,58d0fb80-3572-412e-b6ae-0f95ea1da054,LSKUSDT,LONG,AUTO_LEADER_MOMENTUM_V17_COHORT,2026-09-12 03:45:11.799153+00,2026-09-12T03:45:12.398Z,2026-09-12T03:45:13.686Z,RAW_FILL_RECONSTRUCTED,2026-09-12T03:47:56.188Z,0.20251000000000002,0.2,593,-1.48843,-1.60777421,0.11934421,0.06004421,0.0593,0.11934421,0,,UNKNOWN_NOT_ZERO,V17_NATIVE_STOP,V18-OPS-ISOLATION-3,,V17_EXIT_R5_TAIL,QV3_ENTRY_EXIT_TWO_1,tb-v11e-0f7144a073b3482b95a0d9fa,
FIXED_210,7d5f9a5e-6486-487d-a613-0597855a21ad,RIVERUSDT,LONG,AUTO_LEADER_MOMENTUM_V17_COHORT,2026-09-12 03:46:10.762741+00,2026-09-12T03:46:11.375Z,2026-09-12T03:46:12.724Z,RAW_FILL_RECONSTRUCTED,2026-09-12T04:00:09.681Z,1.4409999999999998,1.4239784172661871,83.4,-1.4196,-1.5390696,0.1194696,0.060089699999999996,0.0593799,0.1194696,0,,UNKNOWN_NOT_ZERO,V17_NATIVE_STOP,V18-OPS-ISOLATION-3,,V17_EXIT_R5_TAIL,QV3_ENTRY_EXIT_TWO_1,tb-v11e-49c336463806446a86a93aab,
FIXED_210,1c8e22a0-72ed-42fe-9868-96e298aeaf08,PUNDIXUSDT,LONG,AUTO_LEADER_MOMENTUM_V17_COHORT,2026-09-12 03:55:13.377687+00,2026-09-12T03:55:14.230Z,2026-09-12T03:55:15.499Z,RAW_FILL_RECONSTRUCTED,2026-09-12T04:01:26.876Z,0.10957,0.10673935218978103,1096,-3.10239,-3.22092751,0.11853751,0.06004436,0.05849315,0.11853751,0,,UNKNOWN_NOT_ZERO,V17_NATIVE_STOP,V18-OPS-ISOLATION-3,,V17_EXIT_R5_TAIL,QV3_ENTRY_EXIT_TWO_1,tb-v11e-57b7c19557464f4cb65629ab,
FIXED_210,9cfbb8d7-54f2-46b1-9b51-70a2dea40b3f,龙虾USDT,LONG,AUTO_LEADER_MOMENTUM_V17_COHORT,2026-09-12 04:11:07.646439+00,2026-09-12T04:11:08.269Z,2026-09-12T04:11:10.218Z,RAW_FILL_RECONSTRUCTED,2026-09-12T04:15:06.495Z,0.12256700000000001,0.133439,978,10.632816,10.50762909,0.12518691,0.05993525,0.06525166,0.12518691,0,,UNKNOWN_NOT_ZERO,V17_NATIVE_STOP,V18-OPS-ISOLATION-3,,V17_EXIT_R5_TAIL,QV3_ENTRY_EXIT_TWO_1,tb-v11e-2e945b9a8e3144e5ad28253c,
FIXED_210,795ff791-f76a-490a-8747-e30dd9787096,CHZUSDT,LONG,AUTO_LEADER_MOMENTUM_V17_COHORT,2026-09-12 04:16:08.005173+00,2026-09-12T04:16:08.853Z,2026-09-12T04:16:10.119Z,RAW_FILL_RECONSTRUCTED,2026-09-12T04:45:09.403Z,0.01521,0.01531,7896,0.7896,0.66910704,0.12049296,0.06004908,,,,,UNKNOWN_NOT_ZERO,QV3_TWO_BEARISH_CLOSED,V18-OPS-ISOLATION-3,,V17_EXIT_R5_TAIL,QV3_ENTRY_EXIT_TWO_1,tb-v11e-7c2cd35b8cc94464986dc13b,
FIXED_210,f6b98667-a694-4c0b-92f9-9a55d3a13430,PUNDIXUSDT,LONG,AUTO_LEADER_MOMENTUM_V17_COHORT,2026-09-12 04:36:10.495723+00,2026-09-12T04:36:11.104Z,2026-09-12T04:36:12.635Z,RAW_FILL_RECONSTRUCTED,2026-09-12T04:43:07.905Z,0.11392000000000001,0.11349353948620362,1051,-0.44821,-0.56771581,0.11950581,0.05986496,,,,,UNKNOWN_NOT_ZERO,QV3_TWO_BEARISH_CLOSED,V18-OPS-ISOLATION-3,,V17_EXIT_R5_TAIL,QV3_ENTRY_EXIT_TWO_1,tb-v11e-8d4befb94878482a91007f5a,
FIXED_210,774faf94-1129-4611-a352-f9aef4a981ae,CHZUSDT,LONG,AUTO_LEADER_MOMENTUM_V17_COHORT,2026-09-12 04:50:08.741445+00,2026-09-12T04:50:10.019Z,2026-09-12T04:50:11.311Z,RAW_FILL_RECONSTRUCTED,2026-09-12T04:59:51.019Z,0.01534,0.01503,7819,-2.42389,-2.54262151,0.11873151,0.05997173,,,,,UNKNOWN_NOT_ZERO,STALE_NATIVE_STOP_CROSS_LIFECYCLE,V18-DB-ONLY-RECONCILIATION-1,,V17_EXIT_R5_TAIL,QV3_ENTRY_EXIT_TWO_1,tb-v11e-0e8d1fb225d9446698c9c23b,
FIXED_210,fc04d9e1-54bb-42cd-a6f5-67c61dd70791,UAIUSDT,LONG,AUTO_LEADER_MOMENTUM_V17_COHORT,2026-09-12 09:45:10.32783+00,2026-09-12T09:45:11.178Z,2026-09-12T09:45:12.483Z,RAW_FILL_RECONSTRUCTED,2026-09-12T09:53:35.939Z,0.7946615894039735,0.8045271523178809,151,1.4897,1.36896126,0.12073874,0.05999694999999999,0.060741790000000004,0.12073874,0,,UNKNOWN_NOT_ZERO,V17_NATIVE_STOP,V18-DB-ONLY-RECONCILIATION-1,,V17_EXIT_R5_TAIL,QV3_ENTRY_EXIT_TWO_1,tb-v11e-81d71ab530764a73a235e607,
FIXED_210,885ccf9d-b4a2-47fa-ac35-f43a26cda51b,龙虾USDT,LONG,AUTO_LEADER_MOMENTUM_V17_COHORT,2026-09-12 10:00:08.896373+00,2026-09-12T10:00:09.499Z,2026-09-12T10:00:10.908Z,RAW_FILL_RECONSTRUCTED,2026-09-12T10:04:09.080Z,0.1275191677282378,0.12764664118895966,942,0.12008,-0.00010305,0.12018305,0.06006151,,,,,UNKNOWN_NOT_ZERO,QV3_TWO_BEARISH_CLOSED,V18-DB-ONLY-RECONCILIATION-1,,V17_EXIT_R5_TAIL,QV3_ENTRY_EXIT_TWO_1,tb-v11e-79187efe5228406e90446379,
FIXED_210,5710e7c8-1b3d-464f-8595-986c1af618b5,LSKUSDT,LONG,AUTO_LEADER_MOMENTUM_V17_COHORT,2026-09-12 10:31:08.34527+00,2026-09-12T10:31:08.962Z,2026-09-12T10:31:10.245Z,RAW_FILL_RECONSTRUCTED,2026-09-12T10:33:18.644Z,0.21615,0.21894021582733814,556,1.55136,1.43040493,0.12095507,0.0600897,0.06086537,0.12095507,0,,UNKNOWN_NOT_ZERO,V17_NATIVE_STOP,V18-DB-ONLY-RECONCILIATION-1,,V17_EXIT_R5_TAIL,QV3_ENTRY_EXIT_TWO_1,tb-v11e-91fcf54f82da4f25baa1ebdd,
FIXED_210,4e3f9304-e3c1-4c37-a141-ce02e62ffb50,龙虾USDT,LONG,AUTO_LEADER_MOMENTUM_V17_COHORT,2026-09-12 10:51:08.624207+00,2026-09-12T10:51:09.712Z,2026-09-12T10:51:11.032Z,RAW_FILL_RECONSTRUCTED,2026-09-12T10:59:08.888Z,0.135816,0.13434484162895927,884,-1.300504,-1.41991508,0.11941108,0.06003066,,,,,UNKNOWN_NOT_ZERO,QV3_TWO_BEARISH_CLOSED,V18-DB-ONLY-RECONCILIATION-1,,V17_EXIT_R5_TAIL,QV3_ENTRY_EXIT_TWO_1,tb-v11e-e96751f0618f4cad89216fe1,
FIXED_210,c0334edb-7045-42db-ae31-3f98188d887e,我踏马来了USDT,LONG,AUTO_LEADER_MOMENTUM_V17_COHORT,2026-09-12 11:20:11.254371+00,2026-09-12T11:20:12.447Z,2026-09-12T11:20:13.814Z,RAW_FILL_RECONSTRUCTED,2026-09-12T11:30:45.071Z,0.015375166367598052,0.01518,7802,-1.522688,-1.6418837,0.1191957,0.05997852,0.05921718,0.1191957,0,,UNKNOWN_NOT_ZERO,V17_NATIVE_STOP,V18-DB-ONLY-RECONCILIATION-1,,V17_EXIT_R5_TAIL,QV3_ENTRY_EXIT_TWO_1,tb-v11e-36f99dbb49d34152b2337d87,
FIXED_210,33ee8b14-98d7-4411-9986-7011f7fac968,龙虾USDT,LONG,AUTO_LEADER_MOMENTUM_V17_COHORT,2026-09-12 11:35:08.890184+00,2026-09-12T11:35:09.523Z,2026-09-12T11:35:10.865Z,RAW_FILL_RECONSTRUCTED,2026-09-12T11:43:37.480Z,0.137348688,0.13390025485714285,875,-3.017379,-3.13605039,0.11867139,0.06009004,0.058581350000000004,0.11867139,0,,UNKNOWN_NOT_ZERO,V17_NATIVE_STOP,V18-DB-ONLY-RECONCILIATION-1,,V17_EXIT_R5_TAIL,QV3_ENTRY_EXIT_TWO_1,tb-v11e-3aee1f0df6324263ba61dcd4,
FIXED_210,9bf93c3e-5495-4430-bd6e-eaf48ba9de08,TAUSDT,LONG,AUTO_LEADER_MOMENTUM_V17_COHORT,2026-09-12 11:51:10.706234+00,2026-09-12T11:51:11.553Z,2026-09-12T11:51:12.838Z,RAW_FILL_RECONSTRUCTED,2026-09-12T11:57:09.958Z,0.05961652238805971,0.060153706467661695,2010,1.07974,0.95937094,0.12036906,0.059914590000000004,,,,,UNKNOWN_NOT_ZERO,QV3_TWO_BEARISH_CLOSED,V19-SCOPE-AWARE-ENTRY-1,,V17_EXIT_R5_TAIL,QV3_ENTRY_EXIT_TWO_1,tb-v11e-529cfcd28d7745fba2571508,
FIXED_210,75095ec0-c49e-43a5-834d-9143cedb4ca6,ETHFIUSDT,LONG,AUTO_LEADER_MOMENTUM_V17_COHORT,2026-09-12 12:06:09.854739+00,2026-09-12T12:06:10.491Z,2026-09-12T12:06:11.785Z,RAW_FILL_RECONSTRUCTED,2026-09-12T12:12:07.443Z,0.7702,0.7752,155.9,0.7795,0.65903607,0.12046393,0.06003709,,,,,UNKNOWN_NOT_ZERO,QV3_TWO_BEARISH_CLOSED,V19-SCOPE-AWARE-ENTRY-1,,V17_EXIT_R5_TAIL,QV3_ENTRY_EXIT_TWO_1,tb-v11e-71e6e1080b4d49d0a35d95e8,
FIXED_210,f1a89cdd-e060-4e75-9883-95b9d2aa7afc,TAUSDT,LONG,AUTO_LEADER_MOMENTUM_V17_COHORT,2026-09-12 12:40:12.389141+00,2026-09-12T12:40:13.454Z,2026-09-12T12:40:14.951Z,RAW_FILL_RECONSTRUCTED,2026-09-12T12:45:30.041Z,0.05993,0.05843688467299052,2003,-2.99071,-3.10925443,0.11854443,0.06001989,0.05852454000000001,0.11854443,0,,UNKNOWN_NOT_ZERO,V17_NATIVE_STOP,V19-SCOPE-AWARE-ENTRY-1,,V17_EXIT_R5_TAIL,QV3_ENTRY_EXIT_TWO_1,tb-v11e-1c75c2aed0cc4a8da23e22a4,
FIXED_210,73137d52-f654-4ab6-8d48-db14da8b9886,LSKUSDT,LONG,AUTO_LEADER_MOMENTUM_V17_COHORT,2026-09-12 13:01:12.591569+00,2026-09-12T13:01:13.250Z,2026-09-12T13:01:14.618Z,RAW_FILL_RECONSTRUCTED,2026-09-12T13:07:07.879Z,0.2250421722846442,0.23127,534,3.32566,3.20382465,0.12183535,0.06008626,0.06174909,0.12183535,0,,UNKNOWN_NOT_ZERO,V17_NATIVE_STOP,V19-SCOPE-AWARE-ENTRY-1,,V17_EXIT_R5_TAIL,QV3_ENTRY_EXIT_TWO_1,tb-v11e-3d993d858f914c3e863adbcd,
FIXED_210,ef76575a-1997-4756-b180-a09dc77099dc,我踏马来了USDT,LONG,AUTO_LEADER_MOMENTUM_V17_COHORT,2026-09-12 14:01:09.956482+00,2026-09-12T14:01:10.810Z,2026-09-12T14:01:12.143Z,RAW_FILL_RECONSTRUCTED,2026-09-12T14:09:09.550Z,0.016062,0.015993245252741376,7478,-0.514148,-0.63400254,0.11985454,0.06005581,,,,,UNKNOWN_NOT_ZERO,QV3_TWO_BEARISH_CLOSED,V19-SCOPE-AWARE-ENTRY-1,,V17_EXIT_R5_TAIL,QV3_ENTRY_EXIT_TWO_1,tb-v11e-5507b474177b4d53800467c5,
FIXED_210,545eb61c-7964-4f5a-a7e5-21922146de28,BSBUSDT,LONG,AUTO_LEADER_MOMENTUM_V17_COHORT,2026-09-12 14:11:16.231823+00,2026-09-12T14:11:17.107Z,2026-09-12T14:11:18.454Z,RAW_FILL_RECONSTRUCTED,2026-09-12T14:17:09.631Z,0.10655337477797514,0.10670000000000002,1126,0.1651,0.04503836,0.12006164,0.05998954,,,,,UNKNOWN_NOT_ZERO,QV3_TWO_BEARISH_CLOSED,V20-QV3-EVIDENCE-1,,V17_EXIT_R5_TAIL,QV3_ENTRY_EXIT_TWO_1,tb-v11e-affcd576d7e94ec0a2373041,
FIXED_210,5300b311-fd35-4a6a-b31a-693132b0f166,TAUSDT,LONG,AUTO_LEADER_MOMENTUM_V17_COHORT,2026-09-12 14:16:14.915275+00,2026-09-12T14:16:15.972Z,2026-09-12T14:16:17.454Z,RAW_FILL_RECONSTRUCTED,2026-09-12T14:29:37.945Z,0.06243,0.06122,1923,-2.32683,-2.44571947,0.11888947,0.06002644,0.05886303,0.11888947,0,,UNKNOWN_NOT_ZERO,V17_NATIVE_STOP,V20-QV3-EVIDENCE-1,,V17_EXIT_R5_TAIL,QV3_ENTRY_EXIT_TWO_1,tb-v11e-d8ee37e3838d4decb3bc4364,
FIXED_210,a17051fd-65a9-402e-9f3a-9448e3ad2909,LSKUSDT,LONG,AUTO_LEADER_MOMENTUM_V17_COHORT,2026-09-12 14:41:09.911362+00,2026-09-12T14:41:10.954Z,2026-09-12T14:41:13.364Z,RAW_FILL_RECONSTRUCTED,2026-09-12T14:43:19.780Z,0.24873167701863352,0.2512343064182195,483,1.20877,1.08802822,0.12074178,0.0600687,0.060673080000000004,0.12074178,0,,UNKNOWN_NOT_ZERO,V17_NATIVE_STOP,V20-QV3-EVIDENCE-1,,V17_EXIT_R5_TAIL,QV3_ENTRY_EXIT_TWO_1,tb-v11e-e5a388e0cb0049b38d3468f1,
FIXED_210,43a81e82-4ac9-4abb-8496-be5fb9ef7568,龙虾USDT,LONG,AUTO_LEADER_MOMENTUM_V17_COHORT,2026-09-12 14:45:13.144566+00,2026-09-12T14:45:13.761Z,2026-09-12T14:45:15.300Z,RAW_FILL_RECONSTRUCTED,2026-09-12T14:49:59.997Z,0.141762,0.13811798229043684,847,-3.086483,-3.20501215,0.11852915,0.0600362,0.05849295,0.11852915,0,,UNKNOWN_NOT_ZERO,V17_NATIVE_STOP,V20-QV3-EVIDENCE-1,,V17_EXIT_R5_TAIL,QV3_ENTRY_EXIT_TWO_1,tb-v11e-beece24cf740427896833253,
FIXED_210,729d0796-e96f-479a-90d2-30b6370d4ec0,PUNDIXUSDT,LONG,AUTO_LEADER_MOMENTUM_V17_COHORT,2026-09-12 15:31:09.699607+00,2026-09-12T15:31:10.294Z,2026-09-12T15:31:11.566Z,RAW_FILL_RECONSTRUCTED,2026-09-12T15:41:04.926Z,0.10666146406388642,0.10538805678793256,1127,-1.43513,-1.5546199,0.1194899,0.06010373,0.059386169999999995,0.1194899,0,,UNKNOWN_NOT_ZERO,V17_NATIVE_STOP,V20-QV3-EVIDENCE-1,,V17_EXIT_R5_TAIL,QV3_ENTRY_EXIT_TWO_1,tb-v11e-4d0e6623f13849bdbc4dfacb,
FIXED_210,2f47d4fa-29ab-47fa-bc9d-b49b6c326f5d,MAGMAUSDT,LONG,AUTO_LEADER_MOMENTUM_V17_COHORT,2026-09-12 16:16:11.449469+00,2026-09-12T16:16:12.298Z,2026-09-12T16:16:13.573Z,RAW_FILL_RECONSTRUCTED,2026-09-12T16:21:08.165Z,0.2608083043478261,0.26222,460,0.64938,0.5290835,0.1202965,0.0599859,,,,,UNKNOWN_NOT_ZERO,QV3_TWO_BEARISH_CLOSED,V20-QV3-EVIDENCE-1,,V17_EXIT_R5_TAIL,QV3_ENTRY_EXIT_TWO_1,tb-v11e-fa982f205ce04d2799b4f6c2,
FIXED_210,8c0df1d2-7537-4d73-8bd9-94a7edd9a5e5,WLFIUSDT,LONG,AUTO_LEADER_MOMENTUM_V17_COHORT,2026-09-12 16:31:09.84846+00,2026-09-12T16:31:10.696Z,2026-09-12T16:31:11.966Z,RAW_FILL_RECONSTRUCTED,2026-09-12T16:39:12.536Z,0.0588,0.06042,2042,3.30804,3.18631638,0.12172362,0.0600348,0.06168882,0.12172362,0,,UNKNOWN_NOT_ZERO,V17_NATIVE_STOP,V20-QV3-EVIDENCE-1,,V17_EXIT_R5_TAIL,QV3_ENTRY_EXIT_TWO_1,tb-v11e-86d0c4c4b2104ed8925ab4d6,
FIXED_210,b56000c3-81c8-4b92-a47c-555434feb7e7,RIVERUSDT,LONG,AUTO_LEADER_MOMENTUM_V17_COHORT,2026-09-12 16:45:10.076726+00,2026-09-12T16:45:10.667Z,2026-09-12T16:45:11.948Z,RAW_FILL_RECONSTRUCTED,2026-09-12T17:19:09.395Z,1.3070000000000002,1.3510000000000002,91.8,4.0392,3.9171978,0.1220022,0.0599913,,,,,UNKNOWN_NOT_ZERO,QV3_TWO_BEARISH_CLOSED,V20-QV3-EVIDENCE-1,,V17_EXIT_R5_TAIL,QV3_ENTRY_EXIT_TWO_1,tb-v11e-89961341eccd4af286e4b8a6,
FIXED_210,7b4a0439-ecf1-4e43-82da-9c0fc3794a63,REZUSDT,LONG,AUTO_LEADER_MOMENTUM_V17_COHORT,2026-09-12 17:21:19.322709+00,2026-09-12T17:21:20.144Z,2026-09-12T17:21:21.426Z,RAW_FILL_RECONSTRUCTED,2026-09-12T17:29:09.755Z,0.004038999999999999,0.004063,29682,0.712368,0.59212623,0.12024177,0.059942789999999996,,,,,UNKNOWN_NOT_ZERO,QV3_TWO_BEARISH_CLOSED,V20-QV3-EVIDENCE-1,,V17_EXIT_R5_TAIL,QV3_ENTRY_EXIT_TWO_1,tb-v11e-cd8680e83000420b91fa89af,
FIXED_210,6402a988-649e-426e-84a7-4030f0df45f3,FLOCKUSDT,LONG,AUTO_LEADER_MOMENTUM_V17_COHORT,2026-09-12 17:26:13.139191+00,2026-09-12T17:26:14.321Z,2026-09-12T17:26:15.582Z,RAW_FILL_RECONSTRUCTED,2026-09-12T17:39:04.641Z,0.08488120311394197,0.08375,1413,-1.59839,-1.71752794,0.11913794,0.05996857,0.05916937,0.11913794,0,,UNKNOWN_NOT_ZERO,V17_NATIVE_STOP,V20-QV3-EVIDENCE-1,,V17_EXIT_R5_TAIL,QV3_ENTRY_EXIT_TWO_1,tb-v11e-36580aabeadd42abb73add4c,
FIXED_210,bd6f920a-4960-44cf-9b2c-3646e61051ea,GRIFFAINUSDT,LONG,AUTO_LEADER_MOMENTUM_V17_COHORT,2026-09-12 17:30:16.855106+00,2026-09-12T17:30:18.117Z,2026-09-12T17:30:19.401Z,RAW_FILL_RECONSTRUCTED,2026-09-12T17:32:12.887Z,0.016691335093815148,0.01617,7195,-3.751006,-3.86922464,0.11821864,0.06004707,0.05817157,0.11821864,0,,UNKNOWN_NOT_ZERO,V17_NATIVE_STOP,V20-QV3-EVIDENCE-1,,V17_EXIT_R5_TAIL,QV3_ENTRY_EXIT_TWO_1,tb-v11e-e87ac124c5fa46b0af63b5e7,
FIXED_210,53bd1453-b6ab-4226-adb1-a367b6988baa,PUMPUSDT,LONG,AUTO_LEADER_MOMENTUM_V17_COHORT,2026-09-12 17:36:15.411948+00,2026-09-12T17:36:16.270Z,2026-09-12T17:36:17.557Z,RAW_FILL_RECONSTRUCTED,2026-09-12T17:42:08.761Z,0.003884,0.003862,30850,-0.6787,-0.79818203,0.11948203,0.05991069,,,,,UNKNOWN_NOT_ZERO,QV3_TWO_BEARISH_CLOSED,V20-QV3-EVIDENCE-1,,V17_EXIT_R5_TAIL,QV3_ENTRY_EXIT_TWO_1,tb-v11e-a008d049471443309ddab421,
FIXED_210,b98cd1d8-7388-4d02-824c-17320e347b61,RIVERUSDT,LONG,AUTO_LEADER_MOMENTUM_V17_COHORT,2026-09-12 17:40:16.641458+00,2026-09-12T17:40:17.398Z,2026-09-12T17:40:18.822Z,RAW_FILL_RECONSTRUCTED,2026-09-12T17:45:09.167Z,1.406,1.4069999999999998,85.4,0.0854,-0.0347151,0.1201151,0.0600362,,,,,UNKNOWN_NOT_ZERO,QV3_TWO_BEARISH_CLOSED,V20-QV3-EVIDENCE-1,,V17_EXIT_R5_TAIL,QV3_ENTRY_EXIT_TWO_1,tb-v11e-444d7a6543f64d0eb63b2ee7,
FIXED_210,923a1e4c-d65a-4148-8858-119625c2b8e0,KOMAUSDT,LONG,AUTO_LEADER_MOMENTUM_V17_COHORT,2026-09-12 17:51:10.197318+00,2026-09-12T17:51:11.007Z,2026-09-12T17:51:12.429Z,RAW_FILL_RECONSTRUCTED,2026-09-12T18:02:12.196Z,0.017267261658031087,0.017060165803108807,6948,-1.438902,-1.55815546,0.11925346,0.059986450000000004,0.059267009999999995,0.11925346,0,,UNKNOWN_NOT_ZERO,V17_NATIVE_STOP,V20-QV3-EVIDENCE-1,,V17_EXIT_R5_TAIL,QV3_ENTRY_EXIT_TWO_1,tb-v11e-ad45b7ab9d984cd9999ebefb,
FIXED_210,6126a5a5-ad36-4837-9962-8d3c3f1fcebc,PUMPUSDT,LONG,AUTO_LEADER_MOMENTUM_V17_COHORT,2026-09-12 18:01:13.54272+00,2026-09-12T18:01:14.253Z,2026-09-12T18:01:15.500Z,RAW_FILL_RECONSTRUCTED,2026-09-12T18:23:07.283Z,0.0039109999999999995,0.003908042530308956,30684,-0.090747,-0.21070674,0.11995974,0.06000256,,,,,UNKNOWN_NOT_ZERO,QV3_TWO_BEARISH_CLOSED,V20-QV3-EVIDENCE-1,,V17_EXIT_R5_TAIL,QV3_ENTRY_EXIT_TWO_1,tb-v11e-af52aa5a98ac418298b047cf,
FIXED_210,c1b51211-0cf7-4820-a973-d61f8b79d213,RIVERUSDT,LONG,AUTO_LEADER_MOMENTUM_V17_COHORT,2026-09-12 18:05:14.749632+00,2026-09-12T18:05:15.344Z,2026-09-12T18:05:16.639Z,RAW_FILL_RECONSTRUCTED,2026-09-12T18:16:08.108Z,1.429,1.427,84.1,-0.1682,-0.2882948,0.1200948,0.06008945,,,,,UNKNOWN_NOT_ZERO,QV3_TWO_BEARISH_CLOSED,V20-QV3-EVIDENCE-1,,V17_EXIT_R5_TAIL,QV3_ENTRY_EXIT_TWO_1,tb-v11e-8ef10c17e2704bd48fd6feb7,
FIXED_210,2d38307a-89f8-4f5c-aad6-11987f700dfd,RIVERUSDT,LONG,AUTO_LEADER_MOMENTUM_V17_COHORT,2026-09-12 18:35:11.45096+00,2026-09-12T18:35:12.072Z,2026-09-12T18:35:13.812Z,RAW_FILL_RECONSTRUCTED,2026-09-12T18:46:11.837Z,1.511,1.502,79.4,-0.7146,-0.8342161,0.1196161,0.0599867,,,,,UNKNOWN_NOT_ZERO,QV3_TWO_BEARISH_CLOSED,V20-QV3-EVIDENCE-1,,V17_EXIT_R5_TAIL,QV3_ENTRY_EXIT_TWO_1,tb-v11e-9747d6e3806343409b30b52f,
FIXED_210,b039d787-186c-4f89-984b-1e85872bd123,KOMAUSDT,LONG,AUTO_LEADER_MOMENTUM_V17_COHORT,2026-09-12 19:25:18.260451+00,2026-09-12T19:25:18.892Z,2026-09-12T19:25:20.225Z,RAW_FILL_RECONSTRUCTED,2026-09-12T19:33:08.851Z,0.017574062362758013,0.01743528356024008,6831,-0.947998,-1.06757239,0.11957439,0.060024190000000005,,,,,UNKNOWN_NOT_ZERO,QV3_TWO_BEARISH_CLOSED,V20-QV3-EVIDENCE-1,,V17_EXIT_R5_TAIL,QV3_ENTRY_EXIT_TWO_1,tb-v11e-00060336d0b24a4d92cc0249,
FIXED_210,0f1392aa-57ac-4118-ae2a-4d27e5b27557,ILVUSDT,LONG,AUTO_LEADER_MOMENTUM_V17_COHORT,2026-09-12 19:41:10.484058+00,2026-09-12T19:41:11.515Z,2026-09-12T19:41:12.766Z,RAW_FILL_RECONSTRUCTED,2026-09-12T19:51:08.120Z,3.734,3.7350869565217386,32.2,0.035,-0.08525228,0.12025228,0.0601174,,,,,UNKNOWN_NOT_ZERO,QV3_TWO_BEARISH_CLOSED,V20-QV3-EVIDENCE-1,,V17_EXIT_R5_TAIL,QV3_ENTRY_EXIT_TWO_1,tb-v11e-1c724b65e03b481ab6e4e88c,
FIXED_210,66e56367-ef9b-41d2-b5f7-4eea39563a78,ILVUSDT,LONG,AUTO_LEADER_MOMENTUM_V17_COHORT,2026-09-12 20:30:13.313728+00,2026-09-12T20:30:14.405Z,2026-09-12T20:30:15.689Z,RAW_FILL_RECONSTRUCTED,2026-09-12T20:31:13.168Z,3.966372937293729,3.867,30.3,-3.011,-3.12967559,0.11867559,0.060090550000000006,0.058585040000000005,0.11867559,0,,UNKNOWN_NOT_ZERO,V17_NATIVE_STOP,V20-QV3-EVIDENCE-1,,V17_EXIT_R5_TAIL,QV3_ENTRY_EXIT_TWO_1,tb-v11e-c0a381bde58c480f9a4ec768,
FIXED_210,bc7380f9-3e50-4bdd-9391-01758fbf707b,KOMAUSDT,LONG,AUTO_LEADER_MOMENTUM_V17_COHORT,2026-09-12 22:16:09.927971+00,2026-09-12T22:16:10.545Z,2026-09-12T22:16:11.835Z,RAW_FILL_RECONSTRUCTED,2026-09-12T22:23:07.512Z,0.018831778213781198,0.018449848532412497,6371,-2.433274,-2.5520346,0.1187606,0.05998862,0.05877198,0.1187606,0,,UNKNOWN_NOT_ZERO,V17_NATIVE_STOP,V20-QV3-EVIDENCE-1,,V17_EXIT_R5_TAIL,QV3_ENTRY_EXIT_TWO_1,tb-v11e-e661560ef1274d3ba0ce4b0f,
FIXED_210,dbdefb29-1c15-4b53-a716-af32d9fb4a86,SAGAUSDT,LONG,AUTO_LEADER_MOMENTUM_V17_COHORT,2026-09-12 22:36:10.062358+00,2026-09-12T22:36:11.136Z,2026-09-12T22:36:12.388Z,RAW_FILL_RECONSTRUCTED,2026-09-12T23:01:08.986Z,0.01708,0.017310000000000002,7025.9,1.615957,1.49514667,0.12081033,0.06000118,,,,,UNKNOWN_NOT_ZERO,QV3_TWO_BEARISH_CLOSED,V20-QV3-EVIDENCE-1,,V17_EXIT_R5_TAIL,QV3_ENTRY_EXIT_TWO_1,tb-v11e-316a27b83cd442879b6b17eb,
FIXED_210,95eb0133-67a9-4de0-a723-fb422d1e51ce,KOMAUSDT,LONG,AUTO_LEADER_MOMENTUM_V17_COHORT,2026-09-12 23:00:15.309184+00,2026-09-12T23:00:15.915Z,2026-09-12T23:00:17.261Z,RAW_FILL_RECONSTRUCTED,2026-09-12T23:04:08.902Z,0.01894937105429293,0.018858,6336,-0.578927,-0.69870073,0.11977373,0.06003159,,,,,UNKNOWN_NOT_ZERO,QV3_TWO_BEARISH_CLOSED,V20-QV3-EVIDENCE-1,,V17_EXIT_R5_TAIL,QV3_ENTRY_EXIT_TWO_1,tb-v11e-a364e8ca74f74402b99b847d,
FIXED_210,f665dbf9-c763-4adc-b95c-daa5a15364f1,SAGAUSDT,LONG,AUTO_LEADER_MOMENTUM_V17_COHORT,2026-09-12 23:06:10.49763+00,2026-09-12T23:06:11.124Z,2026-09-12T23:06:12.430Z,RAW_FILL_RECONSTRUCTED,2026-09-12T23:33:09.141Z,0.01748788116706239,0.01755,6865.1,0.426452,0.30618275,0.12026925,0.06002800999999999,,,,,UNKNOWN_NOT_ZERO,QV3_TWO_BEARISH_CLOSED,V20-QV3-EVIDENCE-1,,V17_EXIT_R5_TAIL,QV3_ENTRY_EXIT_TWO_1,tb-v11e-47abf3711302410494f65d75,
FIXED_210,86cd59c4-00c6-43b5-9f64-830852f3baf7,GRIFFAINUSDT,LONG,AUTO_LEADER_MOMENTUM_V17_COHORT,2026-09-12 23:15:18.095047+00,2026-09-12T23:15:18.741Z,2026-09-12T23:15:20.279Z,RAW_FILL_RECONSTRUCTED,2026-09-12T23:30:00.555Z,0.01625944156724512,0.016065,7376,-1.434201,-1.55341352,0.11921252,0.0599648,0.05924772,0.11921252,0,,UNKNOWN_NOT_ZERO,V17_NATIVE_STOP,V20-QV3-EVIDENCE-1,,V17_EXIT_R5_TAIL,QV3_ENTRY_EXIT_TWO_1,tb-v11e-ec4d5e83379640d986c55121,
FIXED_210,016662a9-9391-41a7-8db1-5410ac8bd090,ALCHUSDT,LONG,AUTO_LEADER_MOMENTUM_V17_COHORT,2026-09-12 23:36:10.227584+00,2026-09-12T23:36:11.490Z,2026-09-12T23:36:12.763Z,RAW_FILL_RECONSTRUCTED,2026-09-12T23:48:08.799Z,0.04454594202898551,0.044489542920847266,2691,-0.15177,-0.27156723,0.11979723,0.05993656,,,,,UNKNOWN_NOT_ZERO,QV3_TWO_BEARISH_CLOSED,V20-QV3-EVIDENCE-1,,V17_EXIT_R5_TAIL,QV3_ENTRY_EXIT_TWO_1,tb-v11e-843bf6d624114d929aae9af0,
FIXED_210,79eedfd0-5044-42bc-abfe-b8d32dc2fc45,KOMAUSDT,LONG,AUTO_LEADER_MOMENTUM_V17_COHORT,2026-09-12 23:46:14.228377+00,2026-09-12T23:46:14.829Z,2026-09-12T23:46:16.280Z,RAW_FILL_RECONSTRUCTED,2026-09-12T23:51:07.998Z,0.019244999999999998,0.019293,6237,0.299376,0.17919526,0.12018074,0.06001553,,,,,UNKNOWN_NOT_ZERO,QV3_TWO_BEARISH_CLOSED,V20-QV3-EVIDENCE-1,,V17_EXIT_R5_TAIL,QV3_ENTRY_EXIT_TWO_1,tb-v11e-eeb00f0587b04d41b153876a,
FIXED_210,5b6acd15-8e10-48f1-a695-69152a70194f,ARKUSDT,LONG,AUTO_LEADER_MOMENTUM_V17_COHORT,2026-09-13 00:00:14.359651+00,2026-09-13T00:00:15.243Z,2026-09-13T00:00:16.592Z,RAW_FILL_RECONSTRUCTED,2026-09-13T00:12:05.847Z,0.1283,0.1263,934,-1.868,-1.9868982,0.1188982,0.0599161,,,,,UNKNOWN_NOT_ZERO,V17_RISK_CUT,V20-QV3-EVIDENCE-1,,V17_EXIT_R5_TAIL,QV3_ENTRY_EXIT_TWO_1,tb-v11e-a5a2807c40e84868bdb9fb00,
FIXED_210,ed2d5640-c995-4abb-a6ad-1a7d718239f0,POWRUSDT,LONG,AUTO_LEADER_MOMENTUM_V17_COHORT,2026-09-13 00:15:10.266335+00,2026-09-13T00:15:11.101Z,2026-09-13T00:15:12.394Z,RAW_FILL_RECONSTRUCTED,2026-09-13T00:19:09.710Z,0.07077,0.07164737772539777,1697,1.48891,1.36806886,0.12084114,0.06004834,,,,,UNKNOWN_NOT_ZERO,QV3_TWO_BEARISH_CLOSED,V20-QV3-EVIDENCE-1,,V17_EXIT_R5_TAIL,QV3_ENTRY_EXIT_TWO_1,tb-v11e-95524eb0c9ba4ae9bb322cae,
FIXED_210,ba4645b1-0eed-4ec6-8f8b-5790e249abfd,KNCUSDT,LONG,AUTO_LEADER_MOMENTUM_V17_COHORT,2026-09-13 00:55:12.019186+00,2026-09-13T00:55:12.894Z,2026-09-13T00:55:14.467Z,RAW_FILL_RECONSTRUCTED,2026-09-13T01:01:08.476Z,0.1459,0.1459,750,0,-0.109425,0.109425,0.0547125,,,,,UNKNOWN_NOT_ZERO,QV3_TWO_BEARISH_CLOSED,V20-QV3-EVIDENCE-1,,V17_EXIT_R5_TAIL,QV3_ENTRY_EXIT_TWO_1,tb-v11e-34bcb551699f4c8daff81994,
FIXED_210,5615f393-8c11-45f9-9f12-a7cf7b14ac76,SAGAUSDT,LONG,AUTO_LEADER_MOMENTUM_V17_COHORT,2026-09-13 01:10:13.25513+00,2026-09-13T01:10:13.896Z,2026-09-13T01:10:15.270Z,RAW_FILL_RECONSTRUCTED,2026-09-13T01:25:09.634Z,0.01792,0.01891547875041066,6696.6,6.666323,6.54298682,0.12333618,0.06000153,0.06333465,0.12333618,0,,UNKNOWN_NOT_ZERO,V17_NATIVE_STOP,V20-QV3-EVIDENCE-1,,V17_EXIT_R5_TAIL,QV3_ENTRY_EXIT_TWO_1,tb-v11e-f3e7200df5c74329b3be35c1,
FIXED_210,4684b788-a447-44ac-9775-4745c3bd7d2e,POWRUSDT,LONG,AUTO_LEADER_MOMENTUM_V17_COHORT,2026-09-13 01:15:18.185206+00,2026-09-13T01:15:18.824Z,2026-09-13T01:15:20.123Z,RAW_FILL_RECONSTRUCTED,2026-09-13T01:15:31.784Z,0.0776316036505867,0.0759,1534,-2.65628,-2.77403872,0.11775872,0.05954342,0.0582153,0.11775872,0,,UNKNOWN_NOT_ZERO,V17_NATIVE_STOP,V20-QV3-EVIDENCE-1,,V17_EXIT_R5_TAIL,QV3_ENTRY_EXIT_TWO_1,tb-v11e-ec08d278dbea4dc0b6d7d15e,
FIXED_210,a0a7408c-f178-4397-80c1-ab47aa3acd83,STEEMUSDT,LONG,AUTO_LEADER_MOMENTUM_V17_COHORT,2026-09-13 01:26:11.255086+00,2026-09-13T01:26:12.127Z,2026-09-13T01:26:13.575Z,RAW_FILL_RECONSTRUCTED,2026-09-13T01:32:28.051Z,0.05742789473684211,0.05889,2090,3.0558,2.9342478,0.1215522,0.06001215,0.06154005,0.1215522,0,,UNKNOWN_NOT_ZERO,V17_NATIVE_STOP,V20-QV3-EVIDENCE-1,,V17_EXIT_R5_TAIL,QV3_ENTRY_EXIT_TWO_1,tb-v11e-33007d33aad443dbabda5327,
FIXED_210,39d9c52e-c540-457a-8d11-e51180e4ce8f,KOMAUSDT,LONG,AUTO_LEADER_MOMENTUM_V17_COHORT,2026-09-13 01:30:14.706335+00,2026-09-13T01:30:15.324Z,2026-09-13T01:30:16.577Z,RAW_FILL_RECONSTRUCTED,2026-09-13T01:41:08.139Z,0.018840500549364307,0.018888435881337307,6371,0.305396,0.18521049,0.12018551,0.06001641,,,,,UNKNOWN_NOT_ZERO,QV3_TWO_BEARISH_CLOSED,V20-QV3-EVIDENCE-1,,V17_EXIT_R5_TAIL,QV3_ENTRY_EXIT_TWO_1,tb-v11e-0e3cf87f13af44e78568bab1,
FIXED_210,1b033cd5-c2fa-4783-931f-55871a3c0108,龙虾USDT,LONG,AUTO_LEADER_MOMENTUM_V17_COHORT,2026-09-13 01:35:16.029474+00,2026-09-13T01:35:16.637Z,2026-09-13T01:35:17.926Z,RAW_FILL_RECONSTRUCTED,2026-09-13T01:53:08.343Z,0.15905728874172187,0.15936159602649005,755,0.229752,0.10954889,0.12020311,0.06004411,,,,,UNKNOWN_NOT_ZERO,QV3_TWO_BEARISH_CLOSED,V20-QV3-EVIDENCE-1,,V17_EXIT_R5_TAIL,QV3_ENTRY_EXIT_TWO_1,tb-v11e-ad89e97ada04418295b609cb,
FIXED_210,b1c5dc6a-ada2-48b1-bf07-ab42d4e9d6e7,SAGAUSDT,LONG,AUTO_LEADER_MOMENTUM_V17_COHORT,2026-09-13 01:55:13.004367+00,2026-09-13T01:55:13.613Z,2026-09-13T01:55:14.967Z,RAW_FILL_RECONSTRUCTED,2026-09-13T01:59:08.660Z,0.01892,0.01896,6335.9,0.253436,0.13343407,0.12000193,0.05993760000000001,,,,,UNKNOWN_NOT_ZERO,QV3_TWO_BEARISH_CLOSED,V20-QV3-EVIDENCE-1,,V17_EXIT_R5_TAIL,QV3_ENTRY_EXIT_TWO_1,tb-v11e-8b20ab14fd414892b2b3efe7,
FIXED_210,67c09c96-e915-40a6-b416-03e66fd54c53,ARKUSDT,LONG,AUTO_LEADER_MOMENTUM_V17_COHORT,2026-09-13 02:05:10.717497+00,2026-09-13T02:05:11.366Z,2026-09-13T02:05:12.894Z,RAW_FILL_RECONSTRUCTED,2026-09-13T02:17:25.969Z,0.1441,0.1424,44,-0.0748,-0.081103,0.006303,0.0031702,0.0031328,0.006303,0,,UNKNOWN_NOT_ZERO,V17_NATIVE_STOP,V20-QV3-EVIDENCE-1,,V17_EXIT_R5_TAIL,QV3_ENTRY_EXIT_TWO_1,tb-v11e-d16a1c8c3ff84633afc7c25e,
FIXED_210,600be476-743b-409c-a00b-652a0da19078,龙虾USDT,LONG,AUTO_LEADER_MOMENTUM_V17_COHORT,2026-09-13 03:16:14.450186+00,2026-09-13T03:16:15.517Z,2026-09-13T03:16:16.910Z,RAW_FILL_RECONSTRUCTED,2026-09-13T03:20:09.862Z,0.16015850666666664,0.15976252666666665,750,-0.296985,-0.41695537,0.11997037,0.060059440000000006,,,,,UNKNOWN_NOT_ZERO,QV3_TWO_BEARISH_CLOSED,V20-QV3-EVIDENCE-1,,V17_EXIT_R5_TAIL,QV3_ENTRY_EXIT_TWO_1,tb-v11e-e4204f146e104b27b26aaa5f,
FIXED_210,316367db-3305-4562-a0b1-875b72a2ed9a,POWRUSDT,LONG,AUTO_LEADER_MOMENTUM_V17_COHORT,2026-09-13 03:26:12.205349+00,2026-09-13T03:26:12.858Z,2026-09-13T03:26:14.202Z,RAW_FILL_RECONSTRUCTED,2026-09-13T03:27:55.768Z,0.0902475696012039,0.088,1329,-2.98702,-3.10546551,0.11844551,0.05996951,0.058476,0.11844551,0,,UNKNOWN_NOT_ZERO,V17_NATIVE_STOP,V20-QV3-EVIDENCE-1,,V17_EXIT_R5_TAIL,QV3_ENTRY_EXIT_TWO_1,tb-v11e-56bb56b6bef446558fc03a57,
FIXED_210,9ecaef3f-a916-4a5a-bbb4-3d4f06ac7a75,STEEMUSDT,LONG,AUTO_LEADER_MOMENTUM_V17_COHORT,2026-09-13 03:30:14.687521+00,2026-09-13T03:30:15.303Z,2026-09-13T03:30:16.562Z,RAW_FILL_RECONSTRUCTED,2026-09-13T03:32:12.430Z,0.07045000000000001,0.07402,1700,6.069,5.94620051,0.12279949,0.059882490000000003,0.062917,0.12279949,0,,UNKNOWN_NOT_ZERO,V17_NATIVE_STOP,V20-QV3-EVIDENCE-1,,V17_EXIT_R5_TAIL,QV3_ENTRY_EXIT_TWO_1,tb-v11e-dace69f8de5445959c9bf680,
FIXED_210,86b7bbe0-60f9-4ea8-8949-ccca59a8ca58,POLYXUSDT,LONG,AUTO_LEADER_MOMENTUM_V17_COHORT,2026-09-13 03:45:16.012987+00,2026-09-13T03:45:17.297Z,2026-09-13T03:45:18.579Z,RAW_FILL_RECONSTRUCTED,2026-09-13T03:57:15.728Z,0.041839999999999995,0.04147,2864,-1.05968,-1.17897991,0.11929991,0.05991488,,,,,UNKNOWN_NOT_ZERO,QV3_TWO_BEARISH_CLOSED,V20-QV3-EVIDENCE-1,,V17_EXIT_R5_TAIL,QV3_ENTRY_EXIT_TWO_1,tb-v11e-3a7fbd06389c46a6bf61e131,
FIXED_210,0124266f-b561-4139-9caa-234f8bf991b9,龙虾USDT,LONG,AUTO_LEADER_MOMENTUM_V17_COHORT,2026-09-13 04:11:13.313249+00,2026-09-13T04:11:13.973Z,2026-09-13T04:11:15.322Z,RAW_FILL_RECONSTRUCTED,2026-09-13T04:20:11.085Z,0.1705631985815603,0.17022899999999996,705,-0.23561,-0.35573923,0.12012923,0.06012351,,,,,UNKNOWN_NOT_ZERO,QV3_TWO_BEARISH_CLOSED,V20-QV3-EVIDENCE-1,,V17_EXIT_R5_TAIL,QV3_ENTRY_EXIT_TWO_1,tb-v11e-62b415bbb75d4797a632dca0,
FIXED_210,e480e974-d0b3-4f5a-8205-b84f2678cf31,VTHOUSDT,LONG,AUTO_LEADER_MOMENTUM_V17_COHORT,2026-09-13 04:31:12.723085+00,2026-09-13T04:31:13.584Z,2026-09-13T04:31:14.851Z,RAW_FILL_RECONSTRUCTED,2026-09-13T04:35:14.113Z,0.0009013165562366036,0.0010162008859474299,132965,15.2755949,15.14811357,0.12748133,0.05992176,0.06755957000000001,0.12748133,0,,UNKNOWN_NOT_ZERO,V17_NATIVE_STOP,V20-QV3-EVIDENCE-1,,V17_EXIT_R5_TAIL,QV3_ENTRY_EXIT_TWO_1,tb-v11e-f4e8501dc6f24f918f918051,
FIXED_210,2e63ba95-103b-469a-a61f-ad6886ac6004,SAGAUSDT,LONG,AUTO_LEADER_MOMENTUM_V17_COHORT,2026-09-13 04:41:11.722902+00,2026-09-13T04:41:12.334Z,2026-09-13T04:41:13.595Z,RAW_FILL_RECONSTRUCTED,2026-09-13T04:46:41.709Z,0.01935738990921844,0.01957,6201.7,1.318544,1.19783603,0.12070797,0.060024350000000004,0.06068362,0.12070797,0,,UNKNOWN_NOT_ZERO,V17_NATIVE_STOP,V20-QV3-EVIDENCE-1,,V17_EXIT_R5_TAIL,QV3_ENTRY_EXIT_TWO_1,tb-v11e-3f965755b5cb4821ab77305a,
FIXED_210,4543d76c-dc55-4654-876b-f7834570176b,VTHOUSDT,LONG,AUTO_LEADER_MOMENTUM_V17_COHORT,2026-09-13 05:05:16.7512+00,2026-09-13T05:05:17.817Z,2026-09-13T05:05:19.147Z,RAW_FILL_RECONSTRUCTED,2026-09-13T05:06:52.113Z,0.0010352667665975285,0.0010092,114746,-2.9910572,-3.10835438,0.11729718,0.05939635,0.05790083,0.11729718,0,,UNKNOWN_NOT_ZERO,V17_NATIVE_STOP,V20-QV3-EVIDENCE-1,,V17_EXIT_R5_TAIL,QV3_ENTRY_EXIT_TWO_1,tb-v11e-94ebde35a3204ca4ad0d898a,
FIXED_210,84a796de-c6cf-4f0f-ae9d-72743db9292b,AVAUSDT,LONG,AUTO_LEADER_MOMENTUM_V17_COHORT,2026-09-13 05:16:12.310717+00,2026-09-13T05:16:13.132Z,2026-09-13T05:16:14.372Z,RAW_FILL_RECONSTRUCTED,2026-09-13T05:23:02.434Z,0.2048,0.19930000000000003,585.8,-3.2219,-3.34026088,0.11836088,0.059985920000000005,0.058374960000000004,0.11836088,0,,UNKNOWN_NOT_ZERO,V17_NATIVE_STOP,V20-QV3-EVIDENCE-1,,V17_EXIT_R5_TAIL,QV3_ENTRY_EXIT_TWO_1,tb-v11e-8f6030ab2cee433499458de2,
FIXED_210,6646f8dd-8b1b-4b86-8dac-db7e7b9a6e96,ILVUSDT,LONG,AUTO_LEADER_MOMENTUM_V17_COHORT,2026-09-13 05:36:12.887361+00,2026-09-13T05:36:13.502Z,2026-09-13T05:36:14.843Z,RAW_FILL_RECONSTRUCTED,2026-09-13T05:36:28.702Z,3.9682980132450334,3.8669999999999995,30.2,-3.0592,-3.17751299,0.11831299,0.05992129,0.058391700000000005,0.11831299,0,,UNKNOWN_NOT_ZERO,V17_NATIVE_STOP,V20-QV3-EVIDENCE-1,,V17_EXIT_R5_TAIL,QV3_ENTRY_EXIT_TWO_1,tb-v11e-c1eed39d442345df9030838e,
FIXED_210,91c496d2-5731-4244-a016-576a94f90216,PUNDIXUSDT,LONG,AUTO_LEADER_MOMENTUM_V17_COHORT,2026-09-13 06:16:12.470866+00,2026-09-13T06:16:13.972Z,2026-09-13T06:16:15.690Z,RAW_FILL_RECONSTRUCTED,2026-09-13T06:21:08.306Z,0.12385148453608247,0.12244760824742268,970,-1.36176,-1.48121506,0.11945506,0.06006797000000001,,,,,UNKNOWN_NOT_ZERO,QV3_TWO_BEARISH_CLOSED,V20-QV3-EVIDENCE-1,,V17_EXIT_R5_TAIL,QV3_ENTRY_EXIT_TWO_1,tb-v11e-fb5a89e65ab2454aa9de9074,
FIXED_210,594cba3b-b359-47e2-bf21-bd0e8df2b538,ARKUSDT,LONG,AUTO_LEADER_MOMENTUM_V17_COHORT,2026-09-13 07:30:09.321521+00,2026-09-13T07:30:09.930Z,2026-09-13T07:30:11.237Z,RAW_FILL_RECONSTRUCTED,2026-09-13T07:31:10.191Z,0.1895,0.1846,631,-3.0919,-3.20992855,0.11802855,0.05978725,0.0582413,0.11802855,0,,UNKNOWN_NOT_ZERO,V17_NATIVE_STOP,V21-POST-FILL-DRIFT-2,V21_POST_FILL_DRIFT_GUARD_1,V17_EXIT_R5_TAIL,QV3_ENTRY_EXIT_TWO_1,tb-v11e-21226b877b944e24b84020ba,
FIXED_210,3fc3e93f-44ff-4d09-90da-0836af362942,AVAUSDT,LONG,AUTO_LEADER_MOMENTUM_V17_COHORT,2026-09-13 07:31:10.711058+00,2026-09-13T07:31:11.539Z,2026-09-13T07:31:12.829Z,RAW_FILL_RECONSTRUCTED,2026-09-13T07:42:08.751Z,0.2018134298216089,0.2064868899360484,594.2,2.77697,2.65566399,0.12130601,0.05995877000000001,,,,,UNKNOWN_NOT_ZERO,QV3_TWO_BEARISH_CLOSED,V21-POST-FILL-DRIFT-2,V21_POST_FILL_DRIFT_GUARD_1,V17_EXIT_R5_TAIL,QV3_ENTRY_EXIT_TWO_1,tb-v11e-63416a0dfe4e4db8943f4296,
FIXED_210,30f8d76f-46e2-486f-a844-5140945dc06e,ARKUSDT,LONG,AUTO_LEADER_MOMENTUM_V17_COHORT,2026-09-13 08:46:09.01136+00,2026-09-13T08:46:09.614Z,2026-09-13T08:46:10.939Z,RAW_FILL_RECONSTRUCTED,2026-09-13T08:50:34.743Z,0.1743,0.1698,400,-1.8,-1.86881999,0.06881999,0.03486,0.03395999,0.06881999,0,,UNKNOWN_NOT_ZERO,V17_NATIVE_STOP,V21-POST-FILL-DRIFT-2,V21_POST_FILL_DRIFT_GUARD_1,V17_EXIT_R5_TAIL,QV3_ENTRY_EXIT_TWO_1,tb-v11e-bf3d6e215d46404a919dc4b0,
FIXED_210,d2460043-a596-4e9e-9c0f-94e1af5687f0,SAGAUSDT,LONG,AUTO_LEADER_MOMENTUM_V17_COHORT,2026-09-13 09:06:07.46974+00,2026-09-13T09:06:08.104Z,2026-09-13T09:06:09.455Z,RAW_FILL_RECONSTRUCTED,2026-09-13T09:12:10.284Z,0.019170000000000003,0.01921,6263.2,0.250528,0.13033723,0.12019077,0.060032739999999994,,,,,UNKNOWN_NOT_ZERO,QV3_TWO_BEARISH_CLOSED,V21-POST-FILL-DRIFT-2,V21_POST_FILL_DRIFT_GUARD_1,V17_EXIT_R5_TAIL,QV3_ENTRY_EXIT_TWO_1,tb-v11e-3cc59fe51617455bad5070fd,
FIXED_210,6320bad6-d86b-48be-bbdc-775a685ffcb6,STEEMUSDT,LONG,AUTO_LEADER_MOMENTUM_V17_COHORT,2026-09-13 09:15:08.639534+00,2026-09-13T09:15:09.244Z,2026-09-13T09:16:05.298Z,RAW_FILL_RECOVERED_IN_CURRENT_AUDIT,2026-09-13T09:16:54.109Z,0.07969,0.07769,1506,-3.012,-3.13050714,0.11850714,0.06000657,0.05850057,0.11850714,0,,UNKNOWN_NOT_ZERO,V17_NATIVE_STOP,V21-POST-FILL-DRIFT-2,V21_POST_FILL_DRIFT_GUARD_1,V17_EXIT_R5_TAIL,QV3_ENTRY_EXIT_TWO_1,tb-v11e-8fb7d0137aa245d381f97cd9,
FIXED_210,681aec00-81df-4fb2-8f55-d20320811210,POLYXUSDT,LONG,AUTO_LEADER_MOMENTUM_V17_COHORT,2026-09-13 10:45:08.833934+00,2026-09-13T10:45:09.468Z,2026-09-13T10:45:09.468Z,RAW_FILL_STAMP,2026-09-13T10:52:14.816Z,0.04189,0.04131484435117174,2859,-1.64437,-1.76331132,0.11894132,0.05988175,,,,,UNKNOWN_NOT_ZERO,QV3_TWO_BEARISH_CLOSED,V22-IMMEDIATE-ENTRY-PROTECTION-1,V21_POST_FILL_DRIFT_GUARD_1,V17_EXIT_R5_TAIL,QV3_ENTRY_EXIT_TWO_1,tb-v11e-a925127162af441eb3cd642b,
FIXED_210,69cdf212-34ca-4339-905d-5b32f356a4d3,龙虾USDT,LONG,AUTO_LEADER_MOMENTUM_V17_COHORT,2026-09-13 11:15:12.508642+00,2026-09-13T11:15:13.373Z,2026-09-13T11:15:13.373Z,RAW_FILL_STAMP,2026-09-13T11:25:09.761Z,0.15546327461139897,0.15530409067357517,772,-0.12289,-0.24284619,0.11995619,0.06000882,,,,,UNKNOWN_NOT_ZERO,QV3_TWO_BEARISH_CLOSED,V22-IMMEDIATE-ENTRY-PROTECTION-1,V21_POST_FILL_DRIFT_GUARD_1,V17_EXIT_R5_TAIL,QV3_ENTRY_EXIT_TWO_1,tb-v11e-6f8da117b8c2404293bd9b7f,
FIXED_210,104b3c79-7490-484f-a934-3228f9780591,FLOCKUSDT,LONG,AUTO_LEADER_MOMENTUM_V17_COHORT,2026-09-13 11:30:11.039236+00,2026-09-13T11:30:11.675Z,2026-09-13T11:30:11.675Z,RAW_FILL_STAMP,2026-09-13T11:37:07.839Z,0.08701456127628716,0.08702,1379,0.0075,-0.11249683,0.11999683,0.05999654,0.06000029,0.11999683,0,,UNKNOWN_NOT_ZERO,QV3_TWO_BEARISH_CLOSED,V22-IMMEDIATE-ENTRY-PROTECTION-1,V21_POST_FILL_DRIFT_GUARD_1,V17_EXIT_R5_TAIL,QV3_ENTRY_EXIT_TWO_1,tb-v11e-eb686174ba4c4ebd83fe69ce,
FIXED_210,f99c1d50-63c8-4ac9-bb81-0390660352b8,BTWUSDT,LONG,AUTO_LEADER_MOMENTUM_V17_COHORT,2026-09-13 11:46:09.986717+00,2026-09-13T11:46:10.611Z,2026-09-13T11:46:10.611Z,RAW_FILL_STAMP,2026-09-13T11:51:42.399Z,0.669814189944134,0.6655925139664804,179,-0.75568,-0.8751989,0.1195189,0.05994837,0.05957053,0.1195189,0,,UNKNOWN_NOT_ZERO,V17_NATIVE_STOP,V22-IMMEDIATE-ENTRY-PROTECTION-1,V21_POST_FILL_DRIFT_GUARD_1,V17_EXIT_R5_TAIL,QV3_ENTRY_EXIT_TWO_1,tb-v11e-3b54a6ffcae74b928f788ac9,
FIXED_210,7974d3fe-088b-4638-acaa-99467ff0ef94,ARKUSDT,LONG,AUTO_LEADER_MOMENTUM_V17_COHORT,2026-09-13 11:50:18.928335+00,2026-09-13T11:50:19.534Z,2026-09-13T11:50:19.534Z,RAW_FILL_STAMP,2026-09-13T11:52:44.390Z,0.1951,0.1926,616,-1.54,-1.6594116,0.1194116,0.0600908,0.0593208,0.1194116,0,,UNKNOWN_NOT_ZERO,V17_NATIVE_STOP,V22-IMMEDIATE-ENTRY-PROTECTION-1,V21_POST_FILL_DRIFT_GUARD_1,V17_EXIT_R5_TAIL,QV3_ENTRY_EXIT_TWO_1,tb-v11e-e53a8d108dd6405896793649,
FIXED_210,985525a5-89f7-4a81-90ac-71b93105a0c2,CVCUSDT,LONG,AUTO_LEADER_MOMENTUM_V17_COHORT,2026-09-13 12:10:13.238457+00,2026-09-13T12:10:13.849Z,2026-09-13T12:10:13.849Z,RAW_FILL_STAMP,2026-09-13T12:13:22.676Z,0.029445022080471055,0.029066879293424927,4076,-1.54131,-1.66055724,0.11924724,0.060008950000000005,0.05923829,0.11924724,0,,UNKNOWN_NOT_ZERO,V17_NATIVE_STOP,V22-IMMEDIATE-ENTRY-PROTECTION-1,V21_POST_FILL_DRIFT_GUARD_1,V17_EXIT_R5_TAIL,QV3_ENTRY_EXIT_TWO_1,tb-v11e-630102b6075a403fbd8217d4,
