BEAR	V2_BEAR_FAIL_S70_RB0.3_T0.65	TEST	10	4	40.00	-165.26	-255.26	0.4498	-16.526	35.385	-61.161	1.500	60.00	0.5430	37.911	0.57	87.78
BEAR	V2_BEAR_FAIL_S70_RB0.3_T0.9	TEST	10	4	40.00	-91.75	-181.75	0.6946	-9.175	35.385	-61.161	1.500	60.00	0.7156	30.560	0.57	87.78
BEAR	V2_BEAR_FAIL_S70_RB0.6_T0.65	TEST	5	2	40.00	-74.58	-119.58	0.4301	-14.917	28.378	-38.886	1.400	60.00	0.5400	29.295	0.25	76.67
BEAR	V2_BEAR_FAIL_S70_RB0.6_T0.9	TEST	5	2	40.00	-42.16	-87.16	0.6778	-8.433	28.378	-38.886	1.400	60.00	0.7095	22.811	0.25	76.67
BEAR	V2_BEAR_FAIL_S80_RB0.3_T0.65	TEST	2	1	50.00	22.34	4.34	2.9008	11.168	38.952	-6.896	1.500	50.00	0.4906	13.785	0.02	11.75
BEAR	V2_BEAR_FAIL_S80_RB0.3_T0.9	TEST	2	1	50.00	40.83	22.83	4.4748	20.415	38.952	-6.896	1.500	50.00	0.6221	4.537	0.02	11.75
BEAR	V2_BEAR_FAIL_S80_RB0.6_T0.65	TEST	2	1	50.00	22.34	4.34	2.9008	11.168	38.952	-6.896	1.500	50.00	0.4906	13.785	0.02	11.75
BEAR	V2_BEAR_FAIL_S80_RB0.6_T0.9	TEST	2	1	50.00	40.83	22.83	4.4748	20.415	38.952	-6.896	1.500	50.00	0.6221	4.537	0.02	11.75
BEAR	V2_BEAR_FAIL_S70_RB0.3_T0.65	TRAIN	18	6	33.33	-311.86	-473.86	0.2620	-17.325	28.537	-39.666	1.667	66.67	0.4508	31.863	0.81	170.14
BEAR	V2_BEAR_FAIL_S70_RB0.3_T0.9	TRAIN	18	4	22.22	-294.06	-456.06	0.3304	-16.336	28.537	-41.418	1.778	77.78	0.4202	30.874	0.84	170.14
BEAR	V2_BEAR_FAIL_S70_RB0.6_T0.65	TRAIN	11	3	27.27	-241.33	-340.33	0.2307	-21.939	28.233	-43.027	1.636	72.73	0.4287	36.172	0.60	170.14
BEAR	V2_BEAR_FAIL_S70_RB0.6_T0.9	TRAIN	11	2	18.18	-228.85	-327.85	0.2880	-20.804	28.233	-44.075	1.727	81.82	0.4078	35.037	0.61	170.14
BEAR	V2_BEAR_FAIL_S80_RB0.3_T0.65	TRAIN	12	5	41.67	-113.02	-221.02	0.3716	-9.419	28.773	-29.652	1.833	58.33	0.4631	24.191	0.34	72.53
BEAR	V2_BEAR_FAIL_S80_RB0.3_T0.9	TRAIN	12	3	25.00	-117.49	-225.49	0.4019	-9.791	28.773	-32.280	2.000	75.00	0.4012	24.564	0.37	72.53
BEAR	V2_BEAR_FAIL_S80_RB0.6_T0.65	TRAIN	7	2	28.57	-71.41	-134.41	0.2852	-10.202	24.474	-22.661	1.857	71.43	0.4260	20.676	0.19	64.85
BEAR	V2_BEAR_FAIL_S80_RB0.6_T0.9	TRAIN	7	1	14.29	-81.20	-144.20	0.2454	-11.599	24.474	-24.308	2.000	85.71	0.3612	22.073	0.21	64.85
BULL	V2_BULL_COMP_C0.65_V1.1	TEST	273	110	40.29	2691.86	234.86	1.1720	9.860	171.482	-160.427	4.938	95.60	0.3366	147.622	29.57	607.79
BULL	V2_BULL_COMP_C0.65_V1.4	TEST	179	69	38.55	1850.22	239.22	1.1818	10.336	172.647	-166.232	4.765	97.77	0.3244	148.311	19.25	607.79
BULL	V2_BULL_COMP_C0.8_V1.1	TEST	315	126	40.00	2921.75	86.75	1.1595	9.275	171.086	-160.609	5.057	95.24	0.3349	147.810	34.37	736.99
BULL	V2_BULL_COMP_C0.8_V1.4	TEST	205	80	39.02	2301.94	456.94	1.1965	11.229	175.178	-166.360	4.868	97.56	0.3201	149.949	22.18	607.79
BULL	V2_BULL_MOM_M0.75_V1_R55	TEST	1078	489	45.36	9022.45	-679.55	1.1377	8.370	179.665	-163.146	5.775	92.49	0.3432	157.296	106.85	926.64
BULL	V2_BULL_MOM_M0.75_V1_R60	TEST	910	417	45.82	6651.29	-1538.71	1.1192	7.309	179.450	-168.674	5.722	94.40	0.3390	158.141	95.52	926.64
BULL	V2_BULL_MOM_M0.75_V1.25_R55	TEST	752	335	44.55	3408.06	-3359.94	1.0729	4.532	175.383	-170.136	5.660	93.48	0.3399	156.851	82.57	1022.75
BULL	V2_BULL_MOM_M0.75_V1.25_R60	TEST	652	293	44.94	4176.59	-1691.41	1.1025	6.406	178.216	-171.130	5.658	94.48	0.3433	157.810	74.01	1022.75
BULL	V2_BULL_MOM_M1_V1_R55	TEST	868	391	45.05	9231.77	1419.77	1.1766	10.636	183.274	-163.444	5.878	92.17	0.3400	158.638	89.18	926.64
BULL	V2_BULL_MOM_M1_V1_R60	TEST	749	342	45.66	6609.73	-131.27	1.1422	8.825	182.965	-170.089	5.802	94.13	0.3393	160.140	81.57	926.64
BULL	V2_BULL_MOM_M1_V1.25_R55	TEST	604	272	45.03	3919.41	-1516.59	1.1062	6.489	179.168	-169.241	5.763	92.88	0.3389	158.679	67.34	926.64
BULL	V2_BULL_MOM_M1_V1.25_R60	TEST	534	244	45.69	4276.54	-529.46	1.1294	8.009	181.700	-171.669	5.728	94.19	0.3429	159.691	61.07	926.64
BULL	V2_BULL_MOM_M1.25_V1_R55	TEST	671	290	43.22	5751.62	-287.38	1.1382	8.572	181.624	-159.059	5.908	92.40	0.3346	159.052	73.99	697.26
BULL	V2_BULL_MOM_M1.25_V1_R60	TEST	587	256	43.61	3950.15	-1332.85	1.1051	6.729	181.549	-164.863	5.802	94.55	0.3353	160.820	67.54	628.14
BULL	V2_BULL_MOM_M1.25_V1.25_R55	TEST	471	203	43.10	2692.13	-1546.87	1.0923	5.716	177.366	-176.031	5.828	92.57	0.3335	157.650	53.83	681.61
BULL	V2_BULL_MOM_M1.25_V1.25_R60	TEST	425	185	43.53	3033.32	-791.68	1.1145	7.137	179.505	-178.278	5.767	94.12	0.3370	158.368	49.18	681.61
BULL	V2_BULL_COMP_C0.65_V1.1	TRAIN	68	14	20.59	-3003.81	-3615.81	0.3610	-44.174	112.640	-93.082	4.603	94.12	0.2433	142.813	8.97	509.79
BULL	V2_BULL_COMP_C0.65_V1.4	TRAIN	51	12	23.53	-2279.70	-2738.70	0.3866	-44.700	132.789	-101.625	4.412	94.12	0.2445	163.489	7.09	450.52
BULL	V2_BULL_COMP_C0.8_V1.1	TRAIN	79	19	24.05	-3088.98	-3799.98	0.4087	-39.101	116.467	-90.410	4.532	94.94	0.2540	141.568	9.97	509.79
BULL	V2_BULL_COMP_C0.8_V1.4	TRAIN	60	16	26.67	-2434.49	-2974.49	0.4160	-40.575	134.602	-97.579	4.367	95.00	0.2396	161.177	7.95	450.52
BULL	V2_BULL_MOM_M0.75_V1_R55	TRAIN	282	80	28.37	-7868.94	-10406.94	0.5692	-27.904	121.243	-105.342	5.316	90.07	0.2752	135.147	34.22	1056.22
BULL	V2_BULL_MOM_M0.75_V1_R60	TRAIN	235	72	30.64	-6004.00	-8119.00	0.5877	-25.549	120.919	-101.825	5.268	91.49	0.2712	132.468	27.19	1056.22
BULL	V2_BULL_MOM_M0.75_V1.25_R55	TRAIN	211	64	30.33	-6177.68	-8076.68	0.5071	-29.278	116.640	-95.568	5.076	91.47	0.2596	131.918	23.80	527.46
BULL	V2_BULL_MOM_M0.75_V1.25_R60	TRAIN	179	58	32.40	-4942.89	-6553.89	0.4923	-27.614	110.649	-92.313	5.011	92.74	0.2613	124.263	18.47	527.46
BULL	V2_BULL_MOM_M1_V1_R55	TRAIN	233	63	27.04	-8846.92	-10943.92	0.3984	-37.970	105.684	-100.325	5.180	90.99	0.2590	129.654	27.50	741.91
BULL	V2_BULL_MOM_M1_V1_R60	TRAIN	197	58	29.44	-6983.26	-8756.26	0.4279	-35.448	107.760	-100.249	5.066	93.40	0.2604	129.208	22.74	606.71
BULL	V2_BULL_MOM_M1_V1.25_R55	TRAIN	175	52	29.71	-5941.01	-7516.01	0.4392	-33.949	108.824	-96.626	5.023	92.57	0.2632	128.773	20.15	650.64
BULL	V2_BULL_MOM_M1_V1.25_R60	TRAIN	149	48	32.21	-4054.03	-5395.03	0.5135	-27.208	110.827	-93.808	4.953	95.30	0.2735	124.035	15.84	527.46
BULL	V2_BULL_MOM_M1.25_V1_R55	TRAIN	170	41	24.12	-6209.49	-7739.49	0.4067	-36.526	104.770	-96.136	5.188	89.41	0.2478	127.297	19.93	527.46
BULL	V2_BULL_MOM_M1.25_V1_R60	TRAIN	142	37	26.06	-4716.79	-5994.79	0.4567	-33.217	109.716	-98.405	5.056	92.96	0.2538	128.933	16.52	527.46
BULL	V2_BULL_MOM_M1.25_V1.25_R55	TRAIN	134	38	28.36	-4184.53	-5390.53	0.4785	-31.228	118.603	-98.859	5.231	90.30	0.2532	135.831	15.27	527.46
BULL	V2_BULL_MOM_M1.25_V1.25_R60	TRAIN	113	34	30.09	-2951.41	-3968.41	0.5400	-26.119	121.548	-97.640	5.071	93.81	0.2562	133.666	12.20	527.46
RANGE	V2_RANGE_CYCLE_S15_A18_T0.6	TEST	122	63	51.64	-211.88	-1309.88	0.9319	-1.737	63.577	-53.161	2.148	67.21	0.4833	51.313	5.94	205.06
RANGE	V2_RANGE_CYCLE_S15_A18_T0.9	TEST	75	32	42.67	-288.81	-963.81	0.8604	-3.851	63.013	-51.887	1.933	74.67	0.4392	52.864	3.95	163.76
RANGE	V2_RANGE_CYCLE_S15_A22_T0.6	TEST	279	139	49.82	-1888.21	-4399.21	0.7792	-6.768	64.000	-61.733	2.222	68.46	0.4860	56.768	16.09	309.14
RANGE	V2_RANGE_CYCLE_S15_A22_T0.9	TEST	188	85	45.21	-486.10	-2178.10	0.9093	-2.586	66.708	-59.782	2.080	72.87	0.4538	55.294	10.20	216.77
RANGE	V2_RANGE_CYCLE_S25_A18_T0.6	TEST	168	83	49.40	-1242.98	-2754.98	0.7352	-7.399	60.214	-55.890	2.179	69.64	0.4588	53.613	8.77	205.06
RANGE	V2_RANGE_CYCLE_S25_A18_T0.9	TEST	95	34	35.79	-796.57	-1651.57	0.6934	-8.385	57.747	-53.213	2.032	78.95	0.3975	52.132	4.96	163.76
RANGE	V2_RANGE_CYCLE_S25_A22_T0.6	TEST	362	179	49.45	-3069.45	-6327.45	0.7306	-8.479	63.195	-62.198	2.251	69.06	0.4784	57.674	21.11	320.89
RANGE	V2_RANGE_CYCLE_S25_A22_T0.9	TEST	231	96	41.56	-1389.39	-3468.39	0.7943	-6.015	62.852	-59.914	2.117	75.32	0.4380	54.866	12.77	216.77
RANGE	V2_RANGE_CYCLE_S15_A18_T0.6	TRAIN	391	151	38.62	-5845.00	-9364.00	0.5424	-14.949	54.228	-56.934	2.161	68.03	0.4824	55.177	23.13	806.23
RANGE	V2_RANGE_CYCLE_S15_A18_T0.9	TRAIN	201	69	34.33	-2380.68	-4189.68	0.6264	-11.844	59.032	-63.069	2.124	74.13	0.4337	56.876	12.14	320.62
RANGE	V2_RANGE_CYCLE_S15_A22_T0.6	TRAIN	804	325	40.42	-13394.90	-20630.90	0.5151	-16.660	57.000	-64.682	2.297	70.40	0.4620	59.660	47.90	1305.92
RANGE	V2_RANGE_CYCLE_S15_A22_T0.9	TRAIN	473	176	37.21	-4428.14	-8685.14	0.6755	-9.362	61.652	-60.314	2.199	75.90	0.4134	57.014	24.41	391.00
RANGE	V2_RANGE_CYCLE_S25_A18_T0.6	TRAIN	471	183	38.85	-7877.00	-12116.00	0.4949	-16.724	52.303	-57.332	2.172	68.15	0.4804	55.027	28.01	806.23
RANGE	V2_RANGE_CYCLE_S25_A18_T0.9	TRAIN	238	78	32.77	-3653.36	-5795.36	0.5350	-15.350	54.754	-63.140	2.134	75.21	0.4278	56.104	14.87	322.32
RANGE	V2_RANGE_CYCLE_S25_A22_T0.6	TRAIN	993	401	40.38	-17041.37	-25978.37	0.5021	-17.162	55.697	-62.792	2.287	70.09	0.4643	58.858	58.61	1296.91
RANGE	V2_RANGE_CYCLE_S25_A22_T0.9	TRAIN	578	210	36.33	-6172.19	-11374.19	0.6366	-10.679	58.863	-57.867	2.157	75.95	0.4171	55.541	29.86	582.89
