market,ret24_pct,last_price,quote_volume_24h
TACUSDT,-36.572,0.001632,48507954
MAGMAUSDT,-25.346,0.23825,67132401
SQDUSDT,-24.447,0.03041,20995942
BEATUSDT,-20.382,0.1418,101832345
BTWUSDT,-14.548,0.44447,86753200
GRVTUSDT,-13.416,0.2291,16448677
NILUSDT,-13.405,0.04354,7536881
INXUSDT,-13.183,0.006941,6973728
BSBUSDT,-12.78,0.10155,13600279
HANAUSDT,-12.036,0.01776,2679045
STARUSDT,-11.881,0.12163,3897835
DEEPUSDT,-11.59,0.01312,4641287
FHEUSDT,-11.57,0.02056,4923769
KOMAUSDT,-11.543,0.012231,6310917
PTBUSDT,-11.403,0.0007552,4878199
POLUSDT,-10.214,0.10681,121768167
FARTCOINUSDT,-10.062,0.1734,127791043
BIRBUSDT,-10.018,0.05542,2017349
BMTUSDT,-9.752,0.01527,5366652
CARVUSDT,-9.725,0.03184,1745221
CLANKERUSDT,-9.704,13.12,1368053
AIAUSDT,-9.644,0.07186,3526345
APRUSDT,-9.581,0.1963,7108197
ONGUSDT,-9.537,0.07,68584829
RIVERUSDT,-9.522,2.309,15070094
MOVEUSDT,-9.474,0.00794,49354538
MUBARAKUSDT,-9.42,0.02375,29116411
RVNUSDT,-9.387,0.003253,3776728
EDENUSDT,-9.383,0.04771,7053652
SPACEUSDT,-8.94,0.004889,2214558
ICNTUSDT,-8.812,0.1128,1542370
JTOUSDT,-8.786,0.572,18517843
AIOTUSDT,-8.532,0.03913,1126529
LAUSDT,-8.497,0.05503,7631981
BUSDT,-8.49,0.1412,2294447
PIXELUSDT,-8.427,0.004944,2739533
C98USDT,-8.424,0.01522,1497174
PROVEUSDT,-8.36,0.1688,3586400
BROCCOLI714USDT,-8.256,0.01789,6223410
NOMUSDT,-8.188,0.001637,3526042
LABUSDT,-8.169,0.07251,25156644
MYXUSDT,-7.889,0.07356,4282943
XPINUSDT,-7.84,0.001058,4328833
EULUSDT,-7.836,1.2621,15250956
BEAMXUSDT,-7.82,0.001497,1272584
ROSEUSDT,-7.758,0.006052,3234013
KGENUSDT,-7.696,0.1715,3591934
ATUSDT,-7.618,0.1443,1807143
TRUMPUSDT,-7.566,2.48,1651333660
BATUSDT,-7.251,0.06882,2968969
FOLKSUSDT,-7.177,1.94,3984455
MOVRUSDT,-7.175,0.6999,4442555
MANTRAUSDT,-7.149,0.004338,4571511
CGPTUSDT,-7.101,0.02054,1190239
USUSDT,-7.095,0.020898,11725635
HMSTRUSDT,-7.07,0.0001814,4337726
WALUSDT,-7.017,0.02266,4011943
LQTYUSDT,-7.002,0.2125,1211077
ACUUSDT,-6.885,0.10766,2910651
PLUMEUSDT,-6.81,0.013,5771495
DODOXUSDT,-6.786,0.020235,5229817
BICOUSDT,-6.7,0.01852,12109397
BLURUSDT,-6.667,0.01596,4456686
RSRUSDT,-6.667,0.001372,2785902
ZILUSDT,-6.62,0.002694,3877263
IRYSUSDT,-6.604,0.014,878557
KERNELUSDT,-6.599,0.03708,1504714
DATAIPUSDT,-6.596,0.1841,1756587
4USDT,-6.591,0.010501,3132315
2ZUSDT,-6.557,0.05544,2496427
WETUSDT,-6.531,0.06812,2187392
USUALUSDT,-6.503,0.011329,5450208
AVNTUSDT,-6.453,0.09857,5685338
SWARMSUSDT,-6.442,0.007538,2913541
MMTUSDT,-6.431,0.1717,10660485
RAVEUSDT,-6.339,0.2837,5312448
OUSDT,-6.316,0.4405,4792371
GUAUSDT,-6.309,0.03891,1752302
ZKUSDT,-6.253,0.008711,4675208
TRIAUSDT,-6.177,0.006926,12093277
SKRUSDT,-6.134,0.007713,946307
RONINUSDT,-6.099,0.05543,1641542
ANIMEUSDT,-6.076,0.002767,1640778
LIGHTUSDT,-6.047,0.1476,2626642
BASUSDT,-6.026,0.02386,1174045
NXPCUSDT,-6.023,0.2122,1781161
TRADOORUSDT,-6.02,0.5589,2688768
YGGUSDT,-5.986,0.02246,2871216
ROBOUSDT,-5.965,0.01403,13245660
GRIFFAINUSDT,-5.931,0.01253,1139555
1000SATSUSDT,-5.906,1.179e-05,2119903
SCRTUSDT,-5.903,0.01626,6428414
TLMUSDT,-5.863,0.001413,2863914
USTCUSDT,-5.854,0.005275,1372076
币安人生USDT,-5.849,0.5006,7948608
VELVETUSDT,-5.843,0.6687,8670661
SANDUSDT,-5.833,0.04456,16315385
GUNUSDT,-5.799,0.003184,2608561
CLOUSDT,-5.787,0.1068,1959013
SLXUSDT,-5.748,0.06542,4923646
我踏马来了USDT,-5.738,0.009315,1117477
SENTUSDT,-5.733,0.01299,2412157
ZKPUSDT,-5.701,0.04119,2776819
1000000BOBUSDT,-5.674,0.01729,921906
DOODUSDT,-5.635,0.001323,2505054
CFGUSDT,-5.626,0.1342,4023511
MERLUSDT,-5.607,0.01936,1983863
0GUSDT,-5.552,0.1565,3702298
ALLOUSDT,-5.55,0.27214,9952658
FLOWUSDT,-5.539,0.02933,1612456
AUCTIONUSDT,-5.535,3.123,2097476
AIXBTUSDT,-5.488,0.02015,2695981
ACTUSDT,-5.445,0.010819,2844323
PARTIUSDT,-5.443,0.02293,2316501
PRLUSDT,-5.43,0.2212,6481438
WLDUSDT,-5.394,0.3806,181888046
JCTUSDT,-5.381,0.002022,3483724
TOSHIUSDT,-5.378,0.0001214,1746358
PNUTUSDT,-5.377,0.05156,9184077
BERAUSDT,-5.351,0.1822,8243336
LISTAUSDT,-5.323,0.06795,1257983
BASEDUSDT,-5.312,0.07487,13038898
IDUSDT,-5.309,0.03068,3473251
WCTUSDT,-5.282,0.03784,1651750
XVGUSDT,-5.281,0.002547,4061918
OPNUSDT,-5.259,0.05495,3087475
BIOUSDT,-5.256,0.0292,10967569
NOTUSDT,-5.244,0.0004174,3478687
TURTLEUSDT,-5.211,0.04311,873420
CTKUSDT,-5.211,0.1146,399487
COOKIEUSDT,-5.209,0.010519,2658406
DUSKUSDT,-5.195,0.07281,4934160
DYDXUSDT,-5.192,0.1187,4700983
SONICUSDT,-5.166,0.02001,809638
ZRXUSDT,-5.149,0.0958,3042936
ORDERUSDT,-5.148,0.03077,1011672
PROMPTUSDT,-5.148,0.02211,1113726
NAORISUSDT,-5.139,0.03027,652262
GUSDT,-5.132,0.003771,2162001
1000CHEEMSUSDT,-5.065,0.0005511,803968
HIVEUSDT,-5.055,0.04264,1751539
NEWTUSDT,-5.041,0.0422,1567160
TUSDT,-5.039,0.003694,1866301
BREVUSDT,-5.014,0.07217,1179742
TURBOUSDT,-5.001,0.0009308,5477871
1000000MOGUSDT,-4.996,0.116,997011
VTHOUSDT,-4.964,0.0003561,1273182
INUSDT,-4.958,0.03201,1874351
ARIAUSDT,-4.95,0.02938,956455
JOEUSDT,-4.894,0.02973,1143542
STBLUSDT,-4.891,0.0245,2578091
LYNUSDT,-4.872,0.03222,1679150
1000LUNCUSDT,-4.865,0.05378,8905786
RESOLVUSDT,-4.837,0.0181,1067886
CETUSUSDT,-4.826,0.02564,1191621
STORJUSDT,-4.815,0.04033,3548035
ALTUSDT,-4.791,0.006319,2474462
SUIUSDT,-4.783,0.8042,316499123
THEUSDT,-4.774,0.06922,3200203
GOATUSDT,-4.759,0.01521,1978065
WOOUSDT,-4.742,0.01165,1243660
AWEUSDT,-4.709,0.06354,820095
OPGUSDT,-4.675,0.0938,2589901
METUSDT,-4.655,0.2212,9471319
GRTUSDT,-4.619,0.0159,4366809
RECALLUSDT,-4.606,0.05012,2587775
XLMUSDT,-4.604,0.19271,120451345
JASMYUSDT,-4.597,0.004213,4216033
LINEAUSDT,-4.574,0.002399,3034699
SUSDT,-4.566,0.02717,4253022
CTSIUSDT,-4.556,0.02556,1287072
EVAAUSDT,-4.553,0.7086,3245765
TNSRUSDT,-4.53,0.03414,1663341
BANANAUSDT,-4.527,3.902,1235098
DOLOUSDT,-4.524,0.02406,1261506
MEMEUSDT,-4.515,0.0005435,3787589
DIAUSDT,-4.494,0.1339,1537878
KSMUSDT,-4.49,3.574,2738914
AGLDUSDT,-4.428,0.1705,1293399
SCRUSDT,-4.416,0.02186,1772202
AGTUSDT,-4.394,0.015035,1078804
ARXUSDT,-4.387,0.1264,6080449
BIGTIMEUSDT,-4.386,0.00617,6918245
AXLUSDT,-4.38,0.04104,1099061
IOTXUSDT,-4.364,0.002783,1705950
STOUSDT,-4.276,0.04097,1721367
EDUUSDT,-4.238,0.03954,1833327
STRKUSDT,-4.229,0.02672,12359737
ILVUSDT,-4.215,3.25,1384607
ALGOUSDT,-4.212,0.09097,11756128
AUSDT,-4.21,0.07372,2661747
STABLEUSDT,-4.207,0.03051,3445930
ZEREBROUSDT,-4.201,0.038836,1482885
LUNA2USDT,-4.196,0.04726,2520434
SOPHUSDT,-4.195,0.0037,1378672
LAYERUSDT,-4.149,0.06745,2144017
TRUSTUSDT,-4.148,0.05199,1185207
ERAUSDT,-4.095,0.05902,3337892
BARDUSDT,-4.026,0.1168,1809265
HUSDT,-3.972,0.07181,9085923
BANANAS31USDT,-3.937,0.008808,2322216
SKLUSDT,-3.933,0.003786,1808578
ARKMUSDT,-3.92,0.1054,4185095
SKYAIUSDT,-3.92,0.06863,8143147
FRAXUSDT,-3.898,0.3008,782740
BRETTUSDT,-3.89,0.005189,3845163
PUNDIXUSDT,-3.886,0.08707,1186231
1MBABYDOGEUSDT,-3.87,0.0003701,2454378
WIFUSDT,-3.858,0.1944,34777235
SSVUSDT,-3.846,2.55,2767984
KNCUSDT,-3.846,0.1125,1247013
HUMAUSDT,-3.828,0.021305,2401329
APTUSDT,-3.825,0.616,38696307
METISUSDT,-3.805,2.68,1365619
TIAUSDT,-3.799,0.3697,25160461
WUSDT,-3.797,0.009146,3176043
MAGICUSDT,-3.774,0.04411,1502869
FLUXUSDT,-3.769,0.04468,978942
UMAUSDT,-3.764,0.3656,1169799
SOMIUSDT,-3.76,0.1075,1682804
PIPPINUSDT,-3.742,0.01852,5486393
VELODROMEUSDT,-3.722,0.01914,956918
CHILLGUYUSDT,-3.692,0.011503,1883173
GTCUSDT,-3.683,0.0842,1025601
CYBERUSDT,-3.674,0.3382,1395834
ZKCUSDT,-3.662,0.04104,1684206
ONDOUSDT,-3.657,0.3609,118169277
HYPERUSDT,-3.64,0.06618,2720730
AXSUSDT,-3.639,0.9692,8626385
SAPIENUSDT,-3.629,0.07727,1508643
API3USDT,-3.62,0.221,2216394
XTZUSDT,-3.617,0.2265,3290442
ORDIUSDT,-3.609,4.006,24539381
RLCUSDT,-3.605,0.3075,1017920
SPELLUSDT,-3.584,8.34e-05,1174416
PUMPBTCUSDT,-3.581,0.01077,487001
VETUSDT,-3.533,0.005515,8516492
MAVUSDT,-3.523,0.010297,1085252
ALCHUSDT,-3.523,0.02656,690943
SXTUSDT,-3.511,0.007557,2499915
WAXPUSDT,-3.477,0.004192,1398041
HEIUSDT,-3.458,0.12898,9116215
RPLUSDT,-3.454,1.621,883448
AIGENSYNUSDT,-3.448,0.02044,2156823
CHZUSDT,-3.446,0.01401,12218189
LSKUSDT,-3.438,0.0882,1956452
RENDERUSDT,-3.432,1.435,13474631
ALICEUSDT,-3.427,0.1409,4728732
KITEUSDT,-3.422,0.10696,6176488
ONEUSDT,-3.419,0.0007401,5577239
TOWNSUSDT,-3.408,0.002466,2590693
FLUIDUSDT,-3.407,1.304,734307
TAIKOUSDT,-3.4,0.0753,1068299
FUSDT,-3.394,0.003103,1237011
AKTUSDT,-3.39,0.5415,2281551
MOODENGUSDT,-3.387,0.04336,7953232
ZETAUSDT,-3.385,0.03225,860043
INITUSDT,-3.359,0.05495,1440176
FILUSDT,-3.355,0.749,60579040
FIDAUSDT,-3.337,0.01854,1919852
FOGOUSDT,-3.336,0.009098,1647333
AEVOUSDT,-3.325,0.02326,1554457
ARPAUSDT,-3.305,0.009244,1019312
1000SHIBUSDT,-3.303,0.005357,67878096
ALPINEUSDT,-3.289,0.3499,1884607
CHRUSDT,-3.277,0.01476,1476987
MEUSDT,-3.228,0.06446,3060204
SAHARAUSDT,-3.215,0.008338,5208261
UBUSDT,-3.206,0.11806,7552994
CKBUSDT,-3.189,0.0009502,1335020
NEOUSDT,-3.167,2.079,3033901
GRASSUSDT,-3.164,0.2999,7824738
ENSOUSDT,-3.139,0.8332,3938071
CCUSDT,-3.119,0.11553,9042080
BBUSDT,-3.088,0.00973,9759339
DYMUSDT,-3.085,0.01571,1503122
AEROUSDT,-3.082,0.4528,11332748
IMXUSDT,-3.062,0.1203,3322561
IOSTUSDT,-3.048,0.000579,2249143
ENJUSDT,-3.047,0.02673,2284482
CUSDT,-3.04,0.06507,1101581
RAREUSDT,-2.953,0.01249,1879221
ASTRUSDT,-2.942,0.005246,1105990
PHAUSDT,-2.94,0.0241,2062797
NEARUSDT,-2.937,1.884,205340453
SIGNUSDT,-2.931,0.007583,2892540
ACEUSDT,-2.928,0.22673,153624200
DOGSUSDT,-2.924,3.951e-05,1739741
ALLUSDT,-2.888,0.5346,1724235
CVCUSDT,-2.884,0.01953,1313857
DOTUSDT,-2.88,0.9003,47008126
1000BONKUSDT,-2.848,0.003172,47545142
DRIFTUSDT,-2.841,0.01197,1472821
OGNUSDT,-2.828,0.01787,1393653
XVSUSDT,-2.816,3.072,766841
ICXUSDT,-2.798,0.01702,2124357
SAFEUSDT,-2.776,0.09141,1039890
LPTUSDT,-2.774,1.367,3558899
1000XECUSDT,-2.769,0.007059,2087162
SYNUSDT,-2.768,0.1089,11318774
FLOCKUSDT,-2.767,0.03268,1086856
MITOUSDT,-2.739,0.0277,1311328
ARUSDT,-2.735,2.098,6651863
KAIAUSDT,-2.732,0.03097,7514522
MEGAUSDT,-2.724,0.04035,4779302
ESPUSDT,-2.704,0.08815,7833590
OPENUSDT,-2.703,0.162,2427665
B2USDT,-2.703,0.4391,1030249
HAEDALUSDT,-2.694,0.01878,937951
BANKUSDT,-2.556,0.03546,16301315
REZUSDT,-2.543,0.002989,2010779
ONUSDT,-2.542,0.2569,8206710
SUSHIUSDT,-2.542,0.2032,5413200
MUSDT,-2.514,1.1012,1295478
KATUSDT,-2.508,0.004626,1948225
1000RATSUSDT,-2.507,0.04006,4133664
ETCUSDT,-2.498,7.846,50620687
PLAYUSDT,-2.488,0.03567,1240299
BCHUSDT,-2.485,271.58,132798603
MIRAUSDT,-2.467,0.04151,3095526
TSTUSDT,-2.445,0.01596,17884489
STEEMUSDT,-2.442,0.04235,2940975
BELUSDT,-2.431,0.1128,1437243
KASUSDT,-2.416,0.02868,3936188
ARCUSDT,-2.408,0.0689,1957491
MOCAUSDT,-2.4,0.008377,1606179
FETUSDT,-2.391,0.1592,40357260
HOTUSDT,-2.349,0.0003658,3700056
POPCATUSDT,-2.324,0.05422,14021199
POWRUSDT,-2.316,0.04344,12907283
NIGHTUSDT,-2.311,0.02029,4277289
PENGUUSDT,-2.302,0.008319,73026588
POLYXUSDT,-2.299,0.03442,2089374
SFPUSDT,-2.272,0.271,1293241
ADAUSDT,-2.262,0.2204,236714340
MTLUSDT,-2.26,0.2292,1861374
KAVAUSDT,-2.248,0.04391,3055131
1000PEPEUSDT,-2.233,0.0039846,528504301
KAITOUSDT,-2.224,0.3473,25579853
VANAUSDT,-2.218,0.9832,1409103
MEWUSDT,-2.207,0.0004121,2435279
POWERUSDT,-2.203,0.08081,2869406
BSVUSDT,-2.16,16.76,1673298
KMNOUSDT,-2.154,0.02407,3040317
SKYUSDT,-2.153,0.06544,4602061
DEXEUSDT,-2.143,1.872,9668795
AKEUSDT,-2.132,0.008632,33878441
MASKUSDT,-2.111,0.4174,2055040
SOONUSDT,-2.104,0.1954,3563561
IOUSDT,-2.076,0.1368,2741440
TWTUSDT,-2.052,0.4153,1150000
DOSUSDT,-1.985,0.2271,8047236
CFXUSDT,-1.957,0.0471,5988496
1000FLOKIUSDT,-1.926,0.02648,12562441
TAGUSDT,-1.906,0.000875,1633530
JUPUSDT,-1.905,0.2008,11578461
YFIUSDT,-1.874,2252,2356359
XRPUSDT,-1.843,1.481,2494368450
WLFIUSDT,-1.821,0.05822,85500237
MANAUSDT,-1.798,0.07426,3449236
SEIUSDT,-1.795,0.04595,14954787
QNTUSDT,-1.742,63.16,2756745
RUNEUSDT,-1.71,0.4657,3732022
XAIUSDT,-1.704,0.007559,2253881
SPORTFUNUSDT,-1.689,0.02445,771513
XNYUSDT,-1.681,0.007194,1020015
SUPERUSDT,-1.673,0.09814,1562544
HOMEUSDT,-1.666,0.006316,16943141
TAOUSDT,-1.661,223.22,130995679
RIFUSDT,-1.659,0.07826,8145409
LINKUSDT,-1.654,11.36,230367019
SYRUPUSDT,-1.634,0.19079,3513776
PIEVERSEUSDT,-1.633,0.9579,7328622
MELANIAUSDT,-1.632,0.10548,76648236
CELRUSDT,-1.625,0.002179,963757
SOLVUSDT,-1.621,0.002549,1426360
MINAUSDT,-1.616,0.05479,4723550
GMTUSDT,-1.613,0.007258,2996781
ELSAUSDT,-1.612,0.04577,851438
ATHUSDT,-1.52,0.004599,2315096
SUNUSDT,-1.515,0.017427,2191213
CAKEUSDT,-1.492,1.6904,9027304
EIGENUSDT,-1.454,0.2101,10269983
GPSUSDT,-1.449,0.011903,22034613
SNXUSDT,-1.447,0.2247,3239087
IOTAUSDT,-1.417,0.04452,4991088
JELLYJELLYUSDT,-1.396,0.05511,2281444
ATOMUSDT,-1.392,1.559,16692256
TAKEUSDT,-1.364,0.05496,1193276
MAVIAUSDT,-1.358,0.02978,910673
REUSDT,-1.327,0.5207,43330057
ACHUSDT,-1.313,0.004887,2868167
CAPUSDT,-1.31,0.07004,13257232
ASRUSDT,-1.304,0.908,1019132
ICPUSDT,-1.281,2.389,35026268
AVAXUSDT,-1.265,7.415,100750766
COAIUSDT,-1.259,0.2902,2568597
ENSUSDT,-1.256,5.662,27539329
RAYSOLUSDT,-1.229,0.7314,5151261
MANTAUSDT,-1.177,0.06046,1567616
TREEUSDT,-1.177,0.03778,3562019
ZBTUSDT,-1.094,0.07777,4964550
VIRTUALUSDT,-1.068,0.6762,23765953
OPUSDT,-1.029,0.10872,34439966
BNBUSDT,-0.995,689.63,543944483
ZENUSDT,-0.926,5.242,31192643
ETHWUSDT,-0.897,0.2761,1009327
REDUSDT,-0.889,0.1115,9396216
ARKUSDT,-0.836,0.1068,1703655
ESPORTSUSDT,-0.784,0.01518,6947923
BTCUSDT,-0.768,76542.5,8713957997
DASHUSDT,-0.759,40.52,115448626
1INCHUSDT,-0.758,0.09034,2532865
GENIUSUSDT,-0.692,0.3155,2901803
EPICUSDT,-0.67,0.3412,7036623
AZTECUSDT,-0.581,0.01368,1094866
ASTERUSDT,-0.561,0.6554,89351768
AVAUSDT,-0.536,0.2042,832326
BNTUSDT,-0.522,0.3239,679144
XANUSDT,-0.502,0.012288,3060146
APEUSDT,-0.481,0.1449,6736824
SOLUSDT,-0.438,93.28,2402300318
QUSDT,-0.402,0.02203,1352679
AVAAIUSDT,-0.401,0.008946,9198414
CELOUSDT,-0.384,0.07268,1882866
ANKRUSDT,-0.378,0.003952,2177526
CTRUSDT,-0.374,0.007982,991794
BANUSDT,-0.365,0.07362,1135420
BRUSDT,-0.333,0.23634,4194828
TRXUSDT,-0.302,0.3432,45814115
NMRUSDT,-0.289,8.959,1940175
HOLOUSDT,-0.274,0.0656,3973722
QTUMUSDT,-0.27,0.8497,2139144
ARBUSDT,-0.263,0.0985,30322755
ZESTUSDT,-0.243,0.13964,901567
ETHUSDT,-0.236,2413.52,8451642571
BTCDOMUSDT,-0.233,5277,4204518
GASUSDT,-0.169,1.179,5730774
ZORAUSDT,-0.125,0.006383,5280902
GIGGLEUSDT,-0.109,36.55,22753957
1000CATUSDT,-0.104,0.001913,2575474
ORCAUSDT,-0.082,1.225,2548895
BLUAIUSDT,-0.031,0.012888,2713845
TRUTHUSDT,-0.008,0.012787,1103204
USDCUSDT,0.001,0.999578,3504517
XAUTUSDT,0.026,4580.98,12449627
PAXGUSDT,0.047,4588.58,16397792
BANDUSDT,0.054,0.1839,1121948
SLPUSDT,0.126,0.0006337,1173707
LDOUSDT,0.167,0.3606,23137470
FIGHTUSDT,0.173,0.003482,1481712
DOGEUSDT,0.176,0.09095,902096006
BULLAUSDT,0.23,0.017013,1358571
LUMIAUSDT,0.348,0.08946,2310843
ZAMAUSDT,0.415,0.0532,29892514
HBARUSDT,0.45,0.07809,42907605
UNIUSDT,0.459,4.155,157412080
PHAROSUSDT,0.467,0.4089,2147286
TAUSDT,0.479,0.0524,1260260
CHIPUSDT,0.54,0.02979,15601021
INJUSDT,0.618,4.888,33064000
ONTUSDT,0.654,0.04772,11946789
THETAUSDT,0.699,0.1873,4225643
GLMUSDT,0.718,0.10522,3876524
BROCCOLIF3BUSDT,0.757,0.00639,953200
GWEIUSDT,0.796,0.0228,6009438
SANTOSUSDT,0.881,0.5381,7680690
CRVUSDT,0.986,0.3278,48368809
EGLDUSDT,1.029,3.339,8251615
GALAUSDT,1.031,0.001959,29664227
CVXUSDT,1.118,2.081,9021724
CATIUSDT,1.12,0.05058,969747
LTCUSDT,1.191,51.82,82489060
STGUSDT,1.443,0.1617,3446071
XPLUSDT,1.446,0.09468,39768697
BABYUSDT,1.577,0.01224,6884659
SHELLUSDT,1.632,0.02304,7568153
PENDLEUSDT,1.72,1.6674,14307659
ETHFIUSDT,1.722,0.5906,28910783
JSTUSDT,1.781,0.10514,6516280
COMPUSDT,1.926,20.11,4604698
AAVEUSDT,1.928,124.26,202938155
COWUSDT,2.025,0.1159,6034540
GMXUSDT,2.075,7.378,1512283
AINUSDT,2.137,0.07359,773225
BLESSUSDT,2.223,0.009287,22836037
SPKUSDT,2.483,0.01775,5081551
XMRUSDT,2.625,437.03,64630594
EDGEUSDT,2.769,0.3637,3828439
HEMIUSDT,2.794,0.009822,44659301
PYTHUSDT,2.845,0.05134,15878951
BTRUSDT,2.95,0.03001,5924602
ZECUSDT,3.087,813.53,2089736330
IDOLUSDT,3.119,0.01653,1753006
BILLUSDT,3.21,0.02122,4898129
SAGAUSDT,3.219,0.01507,6660858
GRAMUSDT,3.262,1.488,15655702
HYPEUSDT,3.317,79.282,1073848245
CROSSUSDT,3.385,0.11577,10369991
PEOPLEUSDT,3.479,0.010439,20150563
FORMUSDT,3.517,0.2708,6796730
SIRENUSDT,3.626,0.02972,5450744
PROMUSDT,3.83,2.792,12972055
SPXUSDT,4.064,0.4532,9748867
BOMEUSDT,4.105,0.0012071,52555415
MORPHOUSDT,4.555,2.3572,11342756
TRBUSDT,4.823,19.299,30646333
龙虾USDT,4.891,0.023957,5578112
UAIUSDT,5.067,0.2509,8382787
AIOUSDT,5.094,0.04147,5557624
NEIROUSDT,5.341,9.21e-05,25293202
COLLECTUSDT,5.976,0.06171,3501085
USELESSUSDT,6.581,0.0677,16721652
COTIUSDT,6.611,0.011965,80982471
VVVUSDT,7.126,16.763,52032295
MONUSDT,7.956,0.02863,21197453
LITUSDT,8.623,3.3129,107059771
OGUSDT,9.151,2.958,14610395
ENAUSDT,9.84,0.16665,612141876
CYSUSDT,10.425,0.572,24623758
PORTALUSDT,10.763,0.01307,52704410
YBUSDT,13.271,0.09995,4793334
FFUSDT,14.255,0.0848,30392187
STXUSDT,14.738,0.2211,115237563
PUMPUSDT,18.18,0.00522,803603304
ZROUSDT,23.969,1.248,110115279
TUTUSDT,51.868,0.06096,462449672
